
[notice] A new release of pip is available: 24.0 -> 26.0.1
[notice] To update, run: pip install --upgrade pip
14:48:06 INFO     Loaded 361751 valid SMARTS from data/processed/validated_smarts.csv
14:48:45 INFO     SMARTSDataset: 361751 sequences | max_length=256 | avg_len=119.8 | vocab_size=4465
14:48:45 INFO     Vocabulary: 4465 base tokens + [MASK] → 4466 total (mask_id=4465)
14:48:45 INFO     Model: 1990386 parameters
14:48:48 INFO     Epoch 1/20 | step   10 | loss 7.3945
14:48:49 INFO     Epoch 1/20 | step   20 | loss 6.8621
14:48:49 INFO     Epoch 1/20 | step   30 | loss 6.5860
14:48:49 INFO     Epoch 1/20 | step   40 | loss 6.1589
14:48:50 INFO     Epoch 1/20 | step   50 | loss 6.0686
14:48:50 INFO     Epoch 1/20 | step   60 | loss 5.7356
14:48:50 INFO     Epoch 1/20 | step   70 | loss 5.6528
14:48:51 INFO     Epoch 1/20 | step   80 | loss 5.4105
14:48:51 INFO     Epoch 1/20 | step   90 | loss 5.2486
14:48:51 INFO     Epoch 1/20 | step  100 | loss 5.1390
14:48:51 INFO     Epoch 1/20 | step  110 | loss 5.0559
14:48:52 INFO     Epoch 1/20 | step  120 | loss 4.8221
14:48:52 INFO     Epoch 1/20 | step  130 | loss 4.7871
14:48:52 INFO     Epoch 1/20 | step  140 | loss 4.5343
14:48:53 INFO     Epoch 1/20 | step  150 | loss 4.4816
14:48:53 INFO     Epoch 1/20 | step  160 | loss 4.4473
14:48:53 INFO     Epoch 1/20 | step  170 | loss 4.5678
14:48:54 INFO     Epoch 1/20 | step  180 | loss 4.2702
14:48:54 INFO     Epoch 1/20 | step  190 | loss 4.1159
14:48:54 INFO     Epoch 1/20 | step  200 | loss 4.1554
14:48:54 INFO     Epoch 1/20 | step  210 | loss 4.1402
14:48:55 INFO     Epoch 1/20 | step  220 | loss 3.9433
14:48:55 INFO     Epoch 1/20 | step  230 | loss 3.9692
14:48:55 INFO     Epoch 1/20 | step  240 | loss 4.1408
14:48:56 INFO     Epoch 1/20 | step  250 | loss 3.8939
14:48:56 INFO     Epoch 1/20 | step  260 | loss 3.8911
14:48:56 INFO     Epoch 1/20 | step  270 | loss 3.7740
14:48:57 INFO     Epoch 1/20 | step  280 | loss 3.8606
14:48:57 INFO     Epoch 1/20 | step  290 | loss 3.7304
14:48:57 INFO     Epoch 1/20 | step  300 | loss 3.7947
14:48:58 INFO     Epoch 1/20 | step  310 | loss 3.7076
14:48:58 INFO     Epoch 1/20 | step  320 | loss 3.6805
14:48:58 INFO     Epoch 1/20 | step  330 | loss 3.6319
14:48:58 INFO     Epoch 1/20 | step  340 | loss 3.7924
14:48:59 INFO     Epoch 1/20 | step  350 | loss 3.7724
14:48:59 INFO     Epoch 1/20 | step  360 | loss 3.5683
14:48:59 INFO     Epoch 1/20 | step  370 | loss 3.6721
14:49:00 INFO     Epoch 1/20 | step  380 | loss 3.6836
14:49:00 INFO     Epoch 1/20 | step  390 | loss 3.7135
14:49:00 INFO     Epoch 1/20 | step  400 | loss 3.5471
14:49:01 INFO     Epoch 1/20 | step  410 | loss 3.6184
14:49:01 INFO     Epoch 1/20 | step  420 | loss 3.7284
14:49:01 INFO     Epoch 1/20 | step  430 | loss 3.5037
14:49:01 INFO     Epoch 1/20 | step  440 | loss 3.5439
14:49:02 INFO     Epoch 1/20 | step  450 | loss 3.6125
14:49:02 INFO     Epoch 1/20 | step  460 | loss 3.6103
14:49:02 INFO     Epoch 1/20 | step  470 | loss 3.6120
14:49:03 INFO     Epoch 1/20 | step  480 | loss 3.7484
14:49:03 INFO     Epoch 1/20 | step  490 | loss 3.6855
14:49:03 INFO     Epoch 1/20 | step  500 | loss 3.5660
14:49:04 INFO     Epoch 1/20 | step  510 | loss 3.7019
14:49:04 INFO     Epoch 1/20 | step  520 | loss 3.5044
14:49:04 INFO     Epoch 1/20 | step  530 | loss 3.5802
14:49:05 INFO     Epoch 1/20 | step  540 | loss 3.4283
14:49:05 INFO     Epoch 1/20 | step  550 | loss 3.5202
14:49:05 INFO     Epoch 1/20 | step  560 | loss 3.6121
14:49:05 INFO     Epoch 1/20 | step  570 | loss 3.4666
14:49:06 INFO     Epoch 1/20 | step  580 | loss 3.5025
14:49:06 INFO     Epoch 1/20 | step  590 | loss 3.6044
14:49:06 INFO     Epoch 1/20 | step  600 | loss 3.6174
14:49:07 INFO     Epoch 1/20 | step  610 | loss 3.4882
14:49:07 INFO     Epoch 1/20 | step  620 | loss 3.4797
14:49:07 INFO     Epoch 1/20 | step  630 | loss 3.4226
14:49:08 INFO     Epoch 1/20 | step  640 | loss 3.5439
14:49:08 INFO     Epoch 1/20 | step  650 | loss 3.6294
14:49:08 INFO     Epoch 1/20 | step  660 | loss 3.5244
14:49:08 INFO     Epoch 1/20 | step  670 | loss 3.4379
14:49:09 INFO     Epoch 1/20 | step  680 | loss 3.5935
14:49:09 INFO     Epoch 1/20 | step  690 | loss 3.6934
14:49:09 INFO     Epoch 1/20 | step  700 | loss 3.4828
14:49:10 INFO     Epoch 1/20 | step  710 | loss 3.5691
14:49:10 INFO     Epoch 1/20 | step  720 | loss 3.4518
14:49:10 INFO     Epoch 1/20 | step  730 | loss 3.4930
14:49:11 INFO     Epoch 1/20 | step  740 | loss 3.5452
14:49:11 INFO     Epoch 1/20 | step  750 | loss 3.4016
14:49:11 INFO     Epoch 1/20 | step  760 | loss 3.4035
14:49:12 INFO     Epoch 1/20 | step  770 | loss 3.6824
14:49:12 INFO     Epoch 1/20 | step  780 | loss 3.3888
14:49:12 INFO     Epoch 1/20 | step  790 | loss 3.5004
14:49:12 INFO     Epoch 1/20 | step  800 | loss 3.5795
14:49:13 INFO     Epoch 1/20 | step  810 | loss 3.4685
14:49:13 INFO     Epoch 1/20 | step  820 | loss 3.4576
14:49:13 INFO     Epoch 1/20 | step  830 | loss 3.4847
14:49:14 INFO     Epoch 1/20 | step  840 | loss 3.3135
14:49:14 INFO     Epoch 1/20 | step  850 | loss 3.4169
14:49:14 INFO     Epoch 1/20 | step  860 | loss 3.3709
14:49:15 INFO     Epoch 1/20 | step  870 | loss 3.4039
14:49:15 INFO     Epoch 1/20 | step  880 | loss 3.3998
14:49:15 INFO     Epoch 1/20 | step  890 | loss 3.4776
14:49:15 INFO     Epoch 1/20 | step  900 | loss 3.4235
14:49:16 INFO     Epoch 1/20 | step  910 | loss 3.4265
14:49:16 INFO     Epoch 1/20 | step  920 | loss 3.3314
14:49:16 INFO     Epoch 1/20 | step  930 | loss 3.2218
14:49:17 INFO     Epoch 1/20 | step  940 | loss 3.4372
14:49:17 INFO     Epoch 1/20 | step  950 | loss 3.4379
14:49:17 INFO     Epoch 1/20 | step  960 | loss 3.4388
14:49:18 INFO     Epoch 1/20 | step  970 | loss 3.5232
14:49:18 INFO     Epoch 1/20 | step  980 | loss 3.4002
14:49:18 INFO     Epoch 1/20 | step  990 | loss 3.4427
14:49:19 INFO     Epoch 1/20 | step 1000 | loss 3.4257
14:49:19 INFO     Epoch 1/20 | step 1010 | loss 3.3621
14:49:19 INFO     Epoch 1/20 | step 1020 | loss 3.3134
14:49:19 INFO     Epoch 1/20 | step 1030 | loss 3.2419
14:49:20 INFO     Epoch 1/20 | step 1040 | loss 3.4683
14:49:20 INFO     Epoch 1/20 | step 1050 | loss 3.3467
14:49:20 INFO     Epoch 1/20 | step 1060 | loss 3.3211
14:49:21 INFO     Epoch 1/20 | step 1070 | loss 3.3654
14:49:21 INFO     Epoch 1/20 | step 1080 | loss 3.4767
14:49:21 INFO     Epoch 1/20 | step 1090 | loss 3.2337
14:49:22 INFO     Epoch 1/20 | step 1100 | loss 3.4564
14:49:22 INFO     Epoch 1/20 | step 1110 | loss 3.5642
14:49:22 INFO     Epoch 1/20 | step 1120 | loss 3.2413
14:49:22 INFO     Epoch 1/20 | step 1130 | loss 3.3373
14:49:23 INFO     Epoch 1/20 | step 1140 | loss 3.3666
14:49:23 INFO     Epoch 1/20 | step 1150 | loss 3.4351
14:49:23 INFO     Epoch 1/20 | step 1160 | loss 3.3629
14:49:24 INFO     Epoch 1/20 | step 1170 | loss 3.4004
14:49:24 INFO     Epoch 1/20 | step 1180 | loss 3.4509
14:49:24 INFO     Epoch 1/20 | step 1190 | loss 3.3707
14:49:25 INFO     Epoch 1/20 | step 1200 | loss 3.2248
14:49:25 INFO     Epoch 1/20 | step 1210 | loss 3.2412
14:49:25 INFO     Epoch 1/20 | step 1220 | loss 3.2406
14:49:25 INFO     Epoch 1/20 | step 1230 | loss 3.4163
14:49:26 INFO     Epoch 1/20 | step 1240 | loss 3.3221
14:49:26 INFO     Epoch 1/20 | step 1250 | loss 3.3751
14:49:26 INFO     Epoch 1/20 | step 1260 | loss 3.1170
14:49:27 INFO     Epoch 1/20 | step 1270 | loss 3.2643
14:49:27 INFO     Epoch 1/20 | step 1280 | loss 3.2940
14:49:27 INFO     Epoch 1/20 | step 1290 | loss 3.3390
14:49:28 INFO     Epoch 1/20 | step 1300 | loss 3.1853
14:49:28 INFO     Epoch 1/20 | step 1310 | loss 3.4328
14:49:28 INFO     Epoch 1/20 | step 1320 | loss 3.2207
14:49:29 INFO     Epoch 1/20 | step 1330 | loss 3.4530
14:49:29 INFO     Epoch 1/20 | step 1340 | loss 3.2277
14:49:29 INFO     Epoch 1/20 | step 1350 | loss 3.2900
14:49:29 INFO     Epoch 1/20 | step 1360 | loss 3.3614
14:49:30 INFO     Epoch 1/20 | step 1370 | loss 3.2696
14:49:30 INFO     Epoch 1/20 | step 1380 | loss 3.1727
14:49:30 INFO     Epoch 1/20 | step 1390 | loss 3.3682
14:49:31 INFO     Epoch 1/20 | step 1400 | loss 3.3128
14:49:31 INFO     Epoch 1/20 | step 1410 | loss 3.2441
14:49:31 INFO     Epoch 1/20 | step 1420 | loss 3.3205
14:49:32 INFO     Epoch 1/20 | step 1430 | loss 3.2494
14:49:32 INFO     Epoch 1/20 | step 1440 | loss 3.3414
14:49:32 INFO     Epoch 1/20 | step 1450 | loss 3.3263
14:49:32 INFO     Epoch 1/20 | step 1460 | loss 3.3215
14:49:33 INFO     Epoch 1/20 | step 1470 | loss 3.3891
14:49:33 INFO     Epoch 1/20 | step 1480 | loss 3.3049
14:49:33 INFO     Epoch 1/20 | step 1490 | loss 3.2873
14:49:34 INFO     Epoch 1/20 | step 1500 | loss 3.1984
14:49:34 INFO     Epoch 1/20 | step 1510 | loss 3.1444
14:49:34 INFO     Epoch 1/20 | step 1520 | loss 3.1335
14:49:35 INFO     Epoch 1/20 | step 1530 | loss 3.2568
14:49:35 INFO     Epoch 1/20 | step 1540 | loss 3.2499
14:49:35 INFO     Epoch 1/20 | step 1550 | loss 3.4319
14:49:36 INFO     Epoch 1/20 | step 1560 | loss 3.2792
14:49:36 INFO     Epoch 1/20 | step 1570 | loss 3.3903
14:49:36 INFO     Epoch 1/20 | step 1580 | loss 3.2872
14:49:36 INFO     Epoch 1/20 | step 1590 | loss 3.1990
14:49:37 INFO     Epoch 1/20 | step 1600 | loss 3.1941
14:49:37 INFO     Epoch 1/20 | step 1610 | loss 3.1785
14:49:37 INFO     Epoch 1/20 | step 1620 | loss 3.2877
14:49:38 INFO     Epoch 1/20 | step 1630 | loss 3.2420
14:49:38 INFO     Epoch 1/20 | step 1640 | loss 3.2900
14:49:38 INFO     Epoch 1/20 | step 1650 | loss 3.2814
14:49:39 INFO     Epoch 1/20 | step 1660 | loss 3.2422
14:49:39 INFO     Epoch 1/20 | step 1670 | loss 3.1686
14:49:39 INFO     Epoch 1/20 | step 1680 | loss 3.1860
14:49:39 INFO     Epoch 1/20 | step 1690 | loss 3.1985
14:49:40 INFO     Epoch 1/20 | step 1700 | loss 3.1193
14:49:40 INFO     Epoch 1/20 | step 1710 | loss 3.3287
14:49:40 INFO     Epoch 1/20 | step 1720 | loss 3.3099
14:49:41 INFO     Epoch 1/20 | step 1730 | loss 3.1564
14:49:41 INFO     Epoch 1/20 | step 1740 | loss 3.2711
14:49:41 INFO     Epoch 1/20 | step 1750 | loss 3.1764
14:49:42 INFO     Epoch 1/20 | step 1760 | loss 3.1770
14:49:42 INFO     Epoch 1/20 | step 1770 | loss 3.4111
14:49:42 INFO     Epoch 1/20 | step 1780 | loss 3.1427
14:49:43 INFO     Epoch 1/20 | step 1790 | loss 3.2321
14:49:43 INFO     Epoch 1/20 | step 1800 | loss 3.2673
14:49:43 INFO     Epoch 1/20 | step 1810 | loss 3.3287
14:49:43 INFO     Epoch 1/20 | step 1820 | loss 3.2273
14:49:44 INFO     Epoch 1/20 | step 1830 | loss 3.1225
14:49:44 INFO     Epoch 1/20 | step 1840 | loss 3.1523
14:49:44 INFO     Epoch 1/20 | step 1850 | loss 3.1113
14:49:45 INFO     Epoch 1/20 | step 1860 | loss 3.1052
14:49:45 INFO     Epoch 1/20 | step 1870 | loss 3.2316
14:49:45 INFO     Epoch 1/20 | step 1880 | loss 3.0681
14:49:46 INFO     Epoch 1/20 | step 1890 | loss 3.2080
14:49:46 INFO     Epoch 1/20 | step 1900 | loss 3.0979
14:49:46 INFO     Epoch 1/20 | step 1910 | loss 3.3378
14:49:46 INFO     Epoch 1/20 | step 1920 | loss 3.0948
14:49:47 INFO     Epoch 1/20 | step 1930 | loss 3.0510
14:49:47 INFO     Epoch 1/20 | step 1940 | loss 3.1747
14:49:47 INFO     Epoch 1/20 | step 1950 | loss 3.2137
14:49:48 INFO     Epoch 1/20 | step 1960 | loss 3.1525
14:49:48 INFO     Epoch 1/20 | step 1970 | loss 2.9835
14:49:48 INFO     Epoch 1/20 | step 1980 | loss 3.2514
14:49:49 INFO     Epoch 1/20 | step 1990 | loss 3.1704
14:49:49 INFO     Epoch 1/20 | step 2000 | loss 3.0521
14:49:49 INFO     Epoch 1/20 | step 2010 | loss 3.0727
14:49:49 INFO     Epoch 1/20 | step 2020 | loss 2.9915
14:49:50 INFO     Epoch 1/20 | step 2030 | loss 3.2328
14:49:50 INFO     Epoch 1/20 | step 2040 | loss 3.1777
14:49:50 INFO     Epoch 1/20 | step 2050 | loss 3.0286
14:49:51 INFO     Epoch 1/20 | step 2060 | loss 3.2200
14:49:51 INFO     Epoch 1/20 | step 2070 | loss 3.2584
14:49:51 INFO     Epoch 1/20 | step 2080 | loss 3.2768
14:49:52 INFO     Epoch 1/20 | step 2090 | loss 3.2672
14:49:52 INFO     Epoch 1/20 | step 2100 | loss 3.1196
14:49:52 INFO     Epoch 1/20 | step 2110 | loss 3.1482
14:49:53 INFO     Epoch 1/20 | step 2120 | loss 3.1138
14:49:53 INFO     Epoch 1/20 | step 2130 | loss 3.2575
14:49:53 INFO     Epoch 1/20 | step 2140 | loss 3.1027
14:49:53 INFO     Epoch 1/20 | step 2150 | loss 2.9935
14:49:54 INFO     Epoch 1/20 | step 2160 | loss 3.1396
14:49:54 INFO     Epoch 1/20 | step 2170 | loss 3.1607
14:49:54 INFO     Epoch 1/20 | step 2180 | loss 3.1019
14:49:55 INFO     Epoch 1/20 | step 2190 | loss 3.1077
14:49:55 INFO     Epoch 1/20 | step 2200 | loss 3.0268
14:49:55 INFO     Epoch 1/20 | step 2210 | loss 3.0992
14:49:56 INFO     Epoch 1/20 | step 2220 | loss 3.2292
14:49:56 INFO     Epoch 1/20 | step 2230 | loss 3.1372
14:49:56 INFO     Epoch 1/20 | step 2240 | loss 2.9369
14:49:56 INFO     Epoch 1/20 | step 2250 | loss 3.0523
14:49:57 INFO     Epoch 1/20 | step 2260 | loss 3.0365
14:49:57 INFO     Epoch 1/20 | step 2270 | loss 3.1018
14:49:57 INFO     Epoch 1/20 | step 2280 | loss 3.2044
14:49:58 INFO     Epoch 1/20 | step 2290 | loss 3.1002
14:49:58 INFO     Epoch 1/20 | step 2300 | loss 3.0642
14:49:58 INFO     Epoch 1/20 | step 2310 | loss 3.3014
14:49:59 INFO     Epoch 1/20 | step 2320 | loss 3.2061
14:49:59 INFO     Epoch 1/20 | step 2330 | loss 2.9587
14:49:59 INFO     Epoch 1/20 | step 2340 | loss 3.1408
14:50:00 INFO     Epoch 1/20 | step 2350 | loss 3.1145
14:50:00 INFO     Epoch 1/20 | step 2360 | loss 3.1569
14:50:00 INFO     Epoch 1/20 | step 2370 | loss 3.1499
14:50:00 INFO     Epoch 1/20 | step 2380 | loss 3.1468
14:50:01 INFO     Epoch 1/20 | step 2390 | loss 3.1598
14:50:01 INFO     Epoch 1/20 | step 2400 | loss 3.0928
14:50:01 INFO     Epoch 1/20 | step 2410 | loss 3.2460
14:50:02 INFO     Epoch 1/20 | step 2420 | loss 2.9609
14:50:02 INFO     Epoch 1/20 | step 2430 | loss 3.1571
14:50:02 INFO     Epoch 1/20 | step 2440 | loss 3.0152
14:50:03 INFO     Epoch 1/20 | step 2450 | loss 3.1507
14:50:03 INFO     Epoch 1/20 | step 2460 | loss 3.0870
14:50:03 INFO     Epoch 1/20 | step 2470 | loss 3.1512
14:50:03 INFO     Epoch 1/20 | step 2480 | loss 2.9587
14:50:04 INFO     Epoch 1/20 | step 2490 | loss 3.1321
14:50:04 INFO     Epoch 1/20 | step 2500 | loss 2.9597
14:50:04 INFO     Epoch 1/20 | step 2510 | loss 3.0585
14:50:05 INFO     Epoch 1/20 | step 2520 | loss 3.0515
14:50:05 INFO     Epoch 1/20 | step 2530 | loss 3.1392
14:50:05 INFO     Epoch 1/20 | step 2540 | loss 2.9091
14:50:06 INFO     Epoch 1/20 | step 2550 | loss 2.9790
14:50:06 INFO     Epoch 1/20 | step 2560 | loss 3.1916
14:50:06 INFO     Epoch 1/20 | step 2570 | loss 3.3645
14:50:07 INFO     Epoch 1/20 | step 2580 | loss 3.0575
14:50:07 INFO     Epoch 1/20 | step 2590 | loss 3.0919
14:50:07 INFO     Epoch 1/20 | step 2600 | loss 3.1649
14:50:07 INFO     Epoch 1/20 | step 2610 | loss 3.2233
14:50:08 INFO     Epoch 1/20 | step 2620 | loss 3.1933
14:50:08 INFO     Epoch 1/20 | step 2630 | loss 2.9193
14:50:08 INFO     Epoch 1/20 | step 2640 | loss 3.2288
14:50:09 INFO     Epoch 1/20 | step 2650 | loss 3.0970
14:50:09 INFO     Epoch 1/20 | step 2660 | loss 2.9167
14:50:09 INFO     Epoch 1/20 | step 2670 | loss 2.9788
14:50:10 INFO     Epoch 1/20 | step 2680 | loss 2.9569
14:50:10 INFO     Epoch 1/20 | step 2690 | loss 3.0847
14:50:10 INFO     Epoch 1/20 | step 2700 | loss 2.9964
14:50:10 INFO     Epoch 1/20 | step 2710 | loss 2.9823
14:50:11 INFO     Epoch 1/20 | step 2720 | loss 3.0261
14:50:11 INFO     Epoch 1/20 | step 2730 | loss 3.1433
14:50:11 INFO     Epoch 1/20 | step 2740 | loss 2.9758
14:50:12 INFO     Epoch 1/20 | step 2750 | loss 2.9361
14:50:12 INFO     Epoch 1/20 | step 2760 | loss 3.1289
14:50:12 INFO     Epoch 1/20 | step 2770 | loss 3.1504
14:50:13 INFO     Epoch 1/20 | step 2780 | loss 3.0261
14:50:13 INFO     Epoch 1/20 | step 2790 | loss 3.0535
14:50:13 INFO     Epoch 1/20 | step 2800 | loss 2.8798
14:50:13 INFO     Epoch 1/20 | step 2810 | loss 3.2561
14:50:14 INFO     Epoch 1/20 | step 2820 | loss 2.9229
14:50:14 INFO     Epoch 1/20 | step 2830 | loss 3.0616
14:50:14 INFO     Epoch 1/20 | step 2840 | loss 3.0914
14:50:15 INFO     Epoch 1/20 | step 2850 | loss 2.9825
14:50:15 INFO     Epoch 1/20 | step 2860 | loss 3.0699
14:50:15 INFO     Epoch 1/20 | step 2870 | loss 2.7623
14:50:16 INFO     Epoch 1/20 | step 2880 | loss 2.9670
14:50:16 INFO     Epoch 1/20 | step 2890 | loss 3.1538
14:50:16 INFO     Epoch 1/20 | step 2900 | loss 3.0390
14:50:17 INFO     Epoch 1/20 | step 2910 | loss 2.9004
14:50:17 INFO     Epoch 1/20 | step 2920 | loss 2.9618
14:50:17 INFO     Epoch 1/20 | step 2930 | loss 3.0741
14:50:17 INFO     Epoch 1/20 | step 2940 | loss 3.2206
14:50:18 INFO     Epoch 1/20 | step 2950 | loss 3.1310
14:50:18 INFO     Epoch 1/20 | step 2960 | loss 2.9754
14:50:18 INFO     Epoch 1/20 | step 2970 | loss 3.2552
14:50:19 INFO     Epoch 1/20 | step 2980 | loss 2.8550
14:50:19 INFO     Epoch 1/20 | step 2990 | loss 2.9352
14:50:19 INFO     Epoch 1/20 | step 3000 | loss 3.2366
14:50:20 INFO     Epoch 1/20 | step 3010 | loss 2.9095
14:50:20 INFO     Epoch 1/20 | step 3020 | loss 3.0294
14:50:20 INFO     Epoch 1/20 | step 3030 | loss 2.9678
14:50:20 INFO     Epoch 1/20 | step 3040 | loss 2.9242
14:50:21 INFO     Epoch 1/20 | step 3050 | loss 3.0373
14:50:21 INFO     Epoch 1/20 | step 3060 | loss 3.0578
14:50:21 INFO     Epoch 1/20 | step 3070 | loss 3.0349
14:50:22 INFO     Epoch 1/20 | step 3080 | loss 2.9710
14:50:22 INFO     Epoch 1/20 | step 3090 | loss 3.0138
14:50:22 INFO     Epoch 1/20 | step 3100 | loss 3.1712
14:50:23 INFO     Epoch 1/20 | step 3110 | loss 2.8268
14:50:23 INFO     Epoch 1/20 | step 3120 | loss 3.0745
14:50:23 INFO     Epoch 1/20 | step 3130 | loss 3.1347
14:50:24 INFO     Epoch 1/20 | step 3140 | loss 3.0669
14:50:24 INFO     Epoch 1/20 | step 3150 | loss 2.9564
14:50:24 INFO     Epoch 1/20 | step 3160 | loss 2.9897
14:50:24 INFO     Epoch 1/20 | step 3170 | loss 3.1700
14:50:25 INFO     Epoch 1/20 | step 3180 | loss 3.0773
14:50:25 INFO     Epoch 1/20 | step 3190 | loss 3.0196
14:50:25 INFO     Epoch 1/20 | step 3200 | loss 2.9438
14:50:26 INFO     Epoch 1/20 | step 3210 | loss 2.8879
14:50:26 INFO     Epoch 1/20 | step 3220 | loss 3.0118
14:50:26 INFO     Epoch 1/20 | step 3230 | loss 2.9944
14:50:27 INFO     Epoch 1/20 | step 3240 | loss 3.0865
14:50:27 INFO     Epoch 1/20 | step 3250 | loss 3.0543
14:50:27 INFO     Epoch 1/20 | step 3260 | loss 3.0542
14:50:27 INFO     Epoch 1/20 | step 3270 | loss 2.9076
14:50:28 INFO     Epoch 1/20 | step 3280 | loss 3.0481
14:50:28 INFO     Epoch 1/20 | step 3290 | loss 2.9194
14:50:28 INFO     Epoch 1/20 | step 3300 | loss 3.1075
14:50:29 INFO     Epoch 1/20 | step 3310 | loss 2.9800
14:50:29 INFO     Epoch 1/20 | step 3320 | loss 2.9051
14:50:29 INFO     Epoch 1/20 | step 3330 | loss 2.6551
14:50:30 INFO     Epoch 1/20 | step 3340 | loss 2.9892
14:50:30 INFO     Epoch 1/20 | step 3350 | loss 3.0348
14:50:30 INFO     Epoch 1/20 | step 3360 | loss 2.9032
14:50:31 INFO     Epoch 1/20 | step 3370 | loss 2.9634
14:50:31 INFO     Epoch 1/20 | step 3380 | loss 3.0544
14:50:31 INFO     Epoch 1/20 | step 3390 | loss 2.7184
14:50:31 INFO     Epoch 1/20 | step 3400 | loss 2.7738
14:50:32 INFO     Epoch 1/20 | step 3410 | loss 3.0682
14:50:32 INFO     Epoch 1/20 | step 3420 | loss 2.9232
14:50:32 INFO     Epoch 1/20 | step 3430 | loss 2.9390
14:50:33 INFO     Epoch 1/20 | step 3440 | loss 2.9131
14:50:33 INFO     Epoch 1/20 | step 3450 | loss 2.8887
14:50:33 INFO     Epoch 1/20 | step 3460 | loss 2.8552
14:50:34 INFO     Epoch 1/20 | step 3470 | loss 2.7658
14:50:34 INFO     Epoch 1/20 | step 3480 | loss 3.0321
14:50:34 INFO     Epoch 1/20 | step 3490 | loss 2.8151
14:50:34 INFO     Epoch 1/20 | step 3500 | loss 2.9750
14:50:35 INFO     Epoch 1/20 | step 3510 | loss 3.0119
14:50:35 INFO     Epoch 1/20 | step 3520 | loss 2.8162
14:50:35 INFO     Epoch 1/20 | step 3530 | loss 3.0238
14:50:36 INFO     Epoch 1/20 | step 3540 | loss 2.9567
14:50:36 INFO     Epoch 1/20 | step 3550 | loss 2.9100
14:50:36 INFO     Epoch 1/20 | step 3560 | loss 2.9103
14:50:37 INFO     Epoch 1/20 | step 3570 | loss 2.8440
14:50:37 INFO     Epoch 1/20 | step 3580 | loss 2.7444
14:50:37 INFO     Epoch 1/20 | step 3590 | loss 2.8971
14:50:38 INFO     Epoch 1/20 | step 3600 | loss 2.8636
14:50:38 INFO     Epoch 1/20 | step 3610 | loss 2.9111
14:50:38 INFO     Epoch 1/20 | step 3620 | loss 3.0396
14:50:38 INFO     Epoch 1/20 | step 3630 | loss 2.9937
14:50:39 INFO     Epoch 1/20 | step 3640 | loss 2.8615
14:50:39 INFO     Epoch 1/20 | step 3650 | loss 2.8442
14:50:39 INFO     Epoch 1/20 | step 3660 | loss 2.8919
14:50:40 INFO     Epoch 1/20 | step 3670 | loss 2.7975
14:50:40 INFO     Epoch 1/20 | step 3680 | loss 3.0340
14:50:40 INFO     Epoch 1/20 | step 3690 | loss 3.0238
14:50:41 INFO     Epoch 1/20 | step 3700 | loss 2.8867
14:50:41 INFO     Epoch 1/20 | step 3710 | loss 2.8412
14:50:41 INFO     Epoch 1/20 | step 3720 | loss 2.7655
14:50:41 INFO     Epoch 1/20 | step 3730 | loss 2.7491
14:50:42 INFO     Epoch 1/20 | step 3740 | loss 2.9125
14:50:42 INFO     Epoch 1/20 | step 3750 | loss 2.8742
14:50:42 INFO     Epoch 1/20 | step 3760 | loss 3.1982
14:50:43 INFO     Epoch 1/20 | step 3770 | loss 2.9346
14:50:43 INFO     Epoch 1/20 | step 3780 | loss 2.9066
14:50:43 INFO     Epoch 1/20 | step 3790 | loss 2.8965
14:50:44 INFO     Epoch 1/20 | step 3800 | loss 2.8689
14:50:44 INFO     Epoch 1/20 | step 3810 | loss 2.8010
14:50:44 INFO     Epoch 1/20 | step 3820 | loss 3.0117
14:50:44 INFO     Epoch 1/20 | step 3830 | loss 2.8398
14:50:45 INFO     Epoch 1/20 | step 3840 | loss 2.7731
14:50:45 INFO     Epoch 1/20 | step 3850 | loss 2.8091
14:50:45 INFO     Epoch 1/20 | step 3860 | loss 2.8901
14:50:46 INFO     Epoch 1/20 | step 3870 | loss 2.8394
14:50:46 INFO     Epoch 1/20 | step 3880 | loss 2.9261
14:50:46 INFO     Epoch 1/20 | step 3890 | loss 2.9075
14:50:47 INFO     Epoch 1/20 | step 3900 | loss 2.9100
14:50:47 INFO     Epoch 1/20 | step 3910 | loss 2.6978
14:50:47 INFO     Epoch 1/20 | step 3920 | loss 2.8916
14:50:48 INFO     Epoch 1/20 | step 3930 | loss 2.8492
14:50:48 INFO     Epoch 1/20 | step 3940 | loss 2.8741
14:50:48 INFO     Epoch 1/20 | step 3950 | loss 2.7214
14:50:48 INFO     Epoch 1/20 | step 3960 | loss 2.8668
14:50:49 INFO     Epoch 1/20 | step 3970 | loss 2.7932
14:50:49 INFO     Epoch 1/20 | step 3980 | loss 2.9762
14:50:49 INFO     Epoch 1/20 | step 3990 | loss 2.9672
14:50:50 INFO     Epoch 1/20 | step 4000 | loss 2.7036
14:50:50 INFO     Epoch 1/20 | step 4010 | loss 2.8812
14:50:50 INFO     Epoch 1/20 | step 4020 | loss 2.8673
14:50:51 INFO     Epoch 1/20 | step 4030 | loss 2.6594
14:50:51 INFO     Epoch 1/20 | step 4040 | loss 2.7481
14:50:51 INFO     Epoch 1/20 | step 4050 | loss 2.8806
14:50:51 INFO     Epoch 1/20 | step 4060 | loss 2.9010
14:50:52 INFO     Epoch 1/20 | step 4070 | loss 2.8821
14:50:52 INFO     Epoch 1/20 | step 4080 | loss 2.7279
14:50:52 INFO     Epoch 1/20 | step 4090 | loss 2.9504
14:50:53 INFO     Epoch 1/20 | step 4100 | loss 2.8215
14:50:53 INFO     Epoch 1/20 | step 4110 | loss 2.7155
14:50:53 INFO     Epoch 1/20 | step 4120 | loss 2.9815
14:50:54 INFO     Epoch 1/20 | step 4130 | loss 2.9183
14:50:54 INFO     Epoch 1/20 | step 4140 | loss 2.6644
14:50:54 INFO     Epoch 1/20 | step 4150 | loss 2.7362
14:50:55 INFO     Epoch 1/20 | step 4160 | loss 2.7555
14:50:55 INFO     Epoch 1/20 | step 4170 | loss 2.7966
14:50:55 INFO     Epoch 1/20 | step 4180 | loss 2.8641
14:50:55 INFO     Epoch 1/20 | step 4190 | loss 2.5493
14:50:56 INFO     Epoch 1/20 | step 4200 | loss 2.6749
14:50:56 INFO     Epoch 1/20 | step 4210 | loss 2.8113
14:50:56 INFO     Epoch 1/20 | step 4220 | loss 2.8632
14:50:57 INFO     Epoch 1/20 | step 4230 | loss 2.7271
14:50:57 INFO     Epoch 1/20 | step 4240 | loss 2.8614
14:50:57 INFO     Epoch 1/20 | step 4250 | loss 2.9582
14:50:58 INFO     Epoch 1/20 | step 4260 | loss 2.9333
14:50:58 INFO     Epoch 1/20 | step 4270 | loss 2.8000
14:50:58 INFO     Epoch 1/20 | step 4280 | loss 2.8024
14:50:58 INFO     Epoch 1/20 | step 4290 | loss 2.8767
14:50:59 INFO     Epoch 1/20 | step 4300 | loss 2.7852
14:50:59 INFO     Epoch 1/20 | step 4310 | loss 2.9006
14:50:59 INFO     Epoch 1/20 | step 4320 | loss 2.8180
14:51:00 INFO     Epoch 1/20 | step 4330 | loss 2.9455
14:51:00 INFO     Epoch 1/20 | step 4340 | loss 2.6357
14:51:00 INFO     Epoch 1/20 | step 4350 | loss 2.7485
14:51:01 INFO     Epoch 1/20 | step 4360 | loss 2.7487
14:51:01 INFO     Epoch 1/20 | step 4370 | loss 2.7939
14:51:01 INFO     Epoch 1/20 | step 4380 | loss 2.7153
14:51:02 INFO     Epoch 1/20 | step 4390 | loss 2.7681
14:51:02 INFO     Epoch 1/20 | step 4400 | loss 2.7696
14:51:02 INFO     Epoch 1/20 | step 4410 | loss 2.6042
14:51:02 INFO     Epoch 1/20 | step 4420 | loss 2.8069
14:51:03 INFO     Epoch 1/20 | step 4430 | loss 2.8247
14:51:03 INFO     Epoch 1/20 | step 4440 | loss 2.6665
14:51:03 INFO     Epoch 1/20 | step 4450 | loss 2.6681
14:51:04 INFO     Epoch 1/20 | step 4460 | loss 2.7259
14:51:04 INFO     Epoch 1/20 | step 4470 | loss 2.8562
14:51:04 INFO     Epoch 1/20 | step 4480 | loss 2.7442
14:51:05 INFO     Epoch 1/20 | step 4490 | loss 2.7696
14:51:05 INFO     Epoch 1/20 | step 4500 | loss 2.7607
14:51:05 INFO     Epoch 1/20 | step 4510 | loss 2.7583
14:51:05 INFO     Epoch 1/20 | step 4520 | loss 2.6769
14:51:06 INFO     Epoch 1/20 | step 4530 | loss 2.7462
14:51:06 INFO     Epoch 1/20 | step 4540 | loss 2.6945
14:51:06 INFO     Epoch 1/20 | step 4550 | loss 2.8215
14:51:07 INFO     Epoch 1/20 | step 4560 | loss 2.7400
14:51:07 INFO     Epoch 1/20 | step 4570 | loss 2.7670
14:51:07 INFO     Epoch 1/20 | step 4580 | loss 2.6763
14:51:08 INFO     Epoch 1/20 | step 4590 | loss 2.8378
14:51:08 INFO     Epoch 1/20 | step 4600 | loss 2.6787
14:51:08 INFO     Epoch 1/20 | step 4610 | loss 2.7164
14:51:08 INFO     Epoch 1/20 | step 4620 | loss 2.8012
14:51:09 INFO     Epoch 1/20 | step 4630 | loss 2.7364
14:51:09 INFO     Epoch 1/20 | step 4640 | loss 2.7880
14:51:09 INFO     Epoch 1/20 | step 4650 | loss 2.7329
14:51:10 INFO     Epoch 1/20 | step 4660 | loss 2.5563
14:51:10 INFO     Epoch 1/20 | step 4670 | loss 2.8423
14:51:10 INFO     Epoch 1/20 | step 4680 | loss 2.6648
14:51:11 INFO     Epoch 1/20 | step 4690 | loss 2.6247
14:51:11 INFO     Epoch 1/20 | step 4700 | loss 2.7659
14:51:11 INFO     Epoch 1/20 | step 4710 | loss 2.7136
14:51:12 INFO     Epoch 1/20 | step 4720 | loss 2.6352
14:51:12 INFO     Epoch 1/20 | step 4730 | loss 2.4420
14:51:12 INFO     Epoch 1/20 | step 4740 | loss 2.6781
14:51:12 INFO     Epoch 1/20 | step 4750 | loss 2.7738
14:51:13 INFO     Epoch 1/20 | step 4760 | loss 2.7063
14:51:13 INFO     Epoch 1/20 | step 4770 | loss 2.7012
14:51:13 INFO     Epoch 1/20 | step 4780 | loss 2.7167
14:51:14 INFO     Epoch 1/20 | step 4790 | loss 2.5498
14:51:14 INFO     Epoch 1/20 | step 4800 | loss 2.6975
14:51:14 INFO     Epoch 1/20 | step 4810 | loss 2.7685
14:51:15 INFO     Epoch 1/20 | step 4820 | loss 2.7095
14:51:15 INFO     Epoch 1/20 | step 4830 | loss 2.7093
14:51:15 INFO     Epoch 1/20 | step 4840 | loss 2.6340
14:51:15 INFO     Epoch 1/20 | step 4850 | loss 2.8513
14:51:16 INFO     Epoch 1/20 | step 4860 | loss 2.6201
14:51:16 INFO     Epoch 1/20 | step 4870 | loss 2.6520
14:51:16 INFO     Epoch 1/20 | step 4880 | loss 2.6311
14:51:17 INFO     Epoch 1/20 | step 4890 | loss 2.6418
14:51:17 INFO     Epoch 1/20 | step 4900 | loss 2.4373
14:51:17 INFO     Epoch 1/20 | step 4910 | loss 2.6865
14:51:18 INFO     Epoch 1/20 | step 4920 | loss 2.7959
14:51:18 INFO     Epoch 1/20 | step 4930 | loss 2.6858
14:51:18 INFO     Epoch 1/20 | step 4940 | loss 2.7538
14:51:19 INFO     Epoch 1/20 | step 4950 | loss 2.8246
14:51:19 INFO     Epoch 1/20 | step 4960 | loss 2.6128
14:51:19 INFO     Epoch 1/20 | step 4970 | loss 2.7447
14:51:19 INFO     Epoch 1/20 | step 4980 | loss 2.7109
14:51:20 INFO     Epoch 1/20 | step 4990 | loss 2.6697
14:51:20 INFO     Epoch 1/20 | step 5000 | loss 2.4902
14:51:20 INFO     Epoch 1/20 | step 5010 | loss 2.5427
14:51:21 INFO     Epoch 1/20 | step 5020 | loss 2.5695
14:51:21 INFO     Epoch 1/20 | step 5030 | loss 2.7326
14:51:21 INFO     Epoch 1/20 | step 5040 | loss 2.7240
14:51:22 INFO     Epoch 1/20 | step 5050 | loss 2.4766
14:51:22 INFO     Epoch 1/20 | step 5060 | loss 2.5377
14:51:22 INFO     Epoch 1/20 | step 5070 | loss 2.6268
14:51:22 INFO     Epoch 1/20 | step 5080 | loss 2.8217
14:51:23 INFO     Epoch 1/20 | step 5090 | loss 2.7526
14:51:23 INFO     Epoch 1/20 | step 5100 | loss 2.5389
14:51:23 INFO     Epoch 1/20 | step 5110 | loss 2.6992
14:51:24 INFO     Epoch 1/20 | step 5120 | loss 2.6358
14:51:24 INFO     Epoch 1/20 | step 5130 | loss 2.5870
14:51:24 INFO     Epoch 1/20 | step 5140 | loss 2.6565
14:51:25 INFO     Epoch 1/20 | step 5150 | loss 2.6516
14:51:25 INFO     Epoch 1/20 | step 5160 | loss 2.6528
14:51:25 INFO     Epoch 1/20 | step 5170 | loss 2.7165
14:51:25 INFO     Epoch 1/20 | step 5180 | loss 2.6992
14:51:26 INFO     Epoch 1/20 | step 5190 | loss 2.4940
14:51:26 INFO     Epoch 1/20 | step 5200 | loss 2.5769
14:51:26 INFO     Epoch 1/20 | step 5210 | loss 2.4462
14:51:27 INFO     Epoch 1/20 | step 5220 | loss 2.5141
14:51:27 INFO     Epoch 1/20 | step 5230 | loss 2.5872
14:51:27 INFO     Epoch 1/20 | step 5240 | loss 2.7035
14:51:28 INFO     Epoch 1/20 | step 5250 | loss 2.7145
14:51:28 INFO     Epoch 1/20 | step 5260 | loss 2.5378
14:51:28 INFO     Epoch 1/20 | step 5270 | loss 2.6654
14:51:29 INFO     Epoch 1/20 | step 5280 | loss 2.4201
14:51:29 INFO     Epoch 1/20 | step 5290 | loss 2.5190
14:51:29 INFO     Epoch 1/20 | step 5300 | loss 2.4693
14:51:29 INFO     Epoch 1/20 | step 5310 | loss 2.7016
14:51:30 INFO     Epoch 1/20 | step 5320 | loss 2.4962
14:51:30 INFO     Epoch 1/20 | step 5330 | loss 2.6693
14:51:30 INFO     Epoch 1/20 | step 5340 | loss 2.5830
14:51:31 INFO     Epoch 1/20 | step 5350 | loss 2.6875
14:51:31 INFO     Epoch 1/20 | step 5360 | loss 2.6546
14:51:31 INFO     Epoch 1/20 | step 5370 | loss 2.6778
14:51:32 INFO     Epoch 1/20 | step 5380 | loss 2.6033
14:51:32 INFO     Epoch 1/20 | step 5390 | loss 2.6776
14:51:32 INFO     Epoch 1/20 | step 5400 | loss 2.4648
14:51:32 INFO     Epoch 1/20 | step 5410 | loss 2.6905
14:51:33 INFO     Epoch 1/20 | step 5420 | loss 2.3924
14:51:33 INFO     Epoch 1/20 | step 5430 | loss 2.5956
14:51:33 INFO     Epoch 1/20 | step 5440 | loss 2.5945
14:51:34 INFO     Epoch 1/20 | step 5450 | loss 2.5602
14:51:34 INFO     Epoch 1/20 | step 5460 | loss 2.6167
14:51:34 INFO     Epoch 1/20 | step 5470 | loss 2.5943
14:51:35 INFO     Epoch 1/20 | step 5480 | loss 2.5502
14:51:35 INFO     Epoch 1/20 | step 5490 | loss 2.5074
14:51:35 INFO     Epoch 1/20 | step 5500 | loss 2.3107
14:51:36 INFO     Epoch 1/20 | step 5510 | loss 2.4397
14:51:36 INFO     Epoch 1/20 | step 5520 | loss 2.6926
14:51:36 INFO     Epoch 1/20 | step 5530 | loss 2.5274
14:51:36 INFO     Epoch 1/20 | step 5540 | loss 2.5126
14:51:37 INFO     Epoch 1/20 | step 5550 | loss 2.6172
14:51:37 INFO     Epoch 1/20 | step 5560 | loss 2.5140
14:51:37 INFO     Epoch 1/20 | step 5570 | loss 2.4137
14:51:38 INFO     Epoch 1/20 | step 5580 | loss 2.4996
14:51:38 INFO     Epoch 1/20 | step 5590 | loss 2.4921
14:51:38 INFO     Epoch 1/20 | step 5600 | loss 2.5691
14:51:39 INFO     Epoch 1/20 | step 5610 | loss 2.4764
14:51:39 INFO     Epoch 1/20 | step 5620 | loss 2.5323
14:51:39 INFO     Epoch 1/20 | step 5630 | loss 2.4541
14:51:39 INFO     Epoch 1/20 | step 5640 | loss 2.4489
14:51:40 INFO     Epoch 1/20 | step 5650 | loss 2.4103
14:51:40 INFO     Epoch 1/20 | avg loss 3.1254
14:51:40 INFO     Epoch 1/20 | new best loss 3.1254 — checkpoint saved
14:51:40 INFO     Epoch 2/20 | step   10 | loss 2.5843
14:51:41 INFO     Epoch 2/20 | step   20 | loss 2.5966
14:51:41 INFO     Epoch 2/20 | step   30 | loss 2.4843
14:51:41 INFO     Epoch 2/20 | step   40 | loss 2.6989
14:51:41 INFO     Epoch 2/20 | step   50 | loss 2.5577
14:51:42 INFO     Epoch 2/20 | step   60 | loss 2.5309
14:51:42 INFO     Epoch 2/20 | step   70 | loss 2.4503
14:51:42 INFO     Epoch 2/20 | step   80 | loss 2.6200
14:51:43 INFO     Epoch 2/20 | step   90 | loss 2.3481
14:51:43 INFO     Epoch 2/20 | step  100 | loss 2.4241
14:51:43 INFO     Epoch 2/20 | step  110 | loss 2.6167
14:51:44 INFO     Epoch 2/20 | step  120 | loss 2.4578
14:51:44 INFO     Epoch 2/20 | step  130 | loss 2.3576
14:51:44 INFO     Epoch 2/20 | step  140 | loss 2.4660
14:51:44 INFO     Epoch 2/20 | step  150 | loss 2.3623
14:51:45 INFO     Epoch 2/20 | step  160 | loss 2.4735
14:51:45 INFO     Epoch 2/20 | step  170 | loss 2.4050
14:51:45 INFO     Epoch 2/20 | step  180 | loss 2.6404
14:51:46 INFO     Epoch 2/20 | step  190 | loss 2.5328
14:51:46 INFO     Epoch 2/20 | step  200 | loss 2.5774
14:51:46 INFO     Epoch 2/20 | step  210 | loss 2.3390
14:51:47 INFO     Epoch 2/20 | step  220 | loss 2.4742
14:51:47 INFO     Epoch 2/20 | step  230 | loss 2.4381
14:51:47 INFO     Epoch 2/20 | step  240 | loss 2.2820
14:51:48 INFO     Epoch 2/20 | step  250 | loss 2.4889
14:51:48 INFO     Epoch 2/20 | step  260 | loss 2.4930
14:51:48 INFO     Epoch 2/20 | step  270 | loss 2.5144
14:51:48 INFO     Epoch 2/20 | step  280 | loss 2.5010
14:51:49 INFO     Epoch 2/20 | step  290 | loss 2.4849
14:51:49 INFO     Epoch 2/20 | step  300 | loss 2.6201
14:51:49 INFO     Epoch 2/20 | step  310 | loss 2.4869
14:51:50 INFO     Epoch 2/20 | step  320 | loss 2.3588
14:51:50 INFO     Epoch 2/20 | step  330 | loss 2.1912
14:51:50 INFO     Epoch 2/20 | step  340 | loss 2.2603
14:51:51 INFO     Epoch 2/20 | step  350 | loss 2.4206
14:51:51 INFO     Epoch 2/20 | step  360 | loss 2.3116
14:51:51 INFO     Epoch 2/20 | step  370 | loss 2.4713
14:51:51 INFO     Epoch 2/20 | step  380 | loss 2.3381
14:51:52 INFO     Epoch 2/20 | step  390 | loss 2.4309
14:51:52 INFO     Epoch 2/20 | step  400 | loss 2.4873
14:51:52 INFO     Epoch 2/20 | step  410 | loss 2.2510
14:51:53 INFO     Epoch 2/20 | step  420 | loss 2.4153
14:51:53 INFO     Epoch 2/20 | step  430 | loss 2.3799
14:51:53 INFO     Epoch 2/20 | step  440 | loss 2.2905
14:51:54 INFO     Epoch 2/20 | step  450 | loss 2.2790
14:51:54 INFO     Epoch 2/20 | step  460 | loss 2.2178
14:51:54 INFO     Epoch 2/20 | step  470 | loss 2.2829
14:51:55 INFO     Epoch 2/20 | step  480 | loss 2.4470
14:51:55 INFO     Epoch 2/20 | step  490 | loss 2.3842
14:51:55 INFO     Epoch 2/20 | step  500 | loss 2.3930
14:51:55 INFO     Epoch 2/20 | step  510 | loss 2.5163
14:51:56 INFO     Epoch 2/20 | step  520 | loss 2.4520
14:51:56 INFO     Epoch 2/20 | step  530 | loss 2.4285
14:51:56 INFO     Epoch 2/20 | step  540 | loss 2.4580
14:51:57 INFO     Epoch 2/20 | step  550 | loss 2.3308
14:51:57 INFO     Epoch 2/20 | step  560 | loss 2.4992
14:51:57 INFO     Epoch 2/20 | step  570 | loss 2.2376
14:51:58 INFO     Epoch 2/20 | step  580 | loss 2.4815
14:51:58 INFO     Epoch 2/20 | step  590 | loss 2.3782
14:51:58 INFO     Epoch 2/20 | step  600 | loss 2.3010
14:51:58 INFO     Epoch 2/20 | step  610 | loss 2.2445
14:51:59 INFO     Epoch 2/20 | step  620 | loss 2.3177
14:51:59 INFO     Epoch 2/20 | step  630 | loss 2.3595
14:51:59 INFO     Epoch 2/20 | step  640 | loss 2.4241
14:52:00 INFO     Epoch 2/20 | step  650 | loss 2.3554
14:52:00 INFO     Epoch 2/20 | step  660 | loss 2.2600
14:52:00 INFO     Epoch 2/20 | step  670 | loss 2.4847
14:52:01 INFO     Epoch 2/20 | step  680 | loss 2.1843
14:52:01 INFO     Epoch 2/20 | step  690 | loss 2.2442
14:52:01 INFO     Epoch 2/20 | step  700 | loss 2.2750
14:52:02 INFO     Epoch 2/20 | step  710 | loss 2.2643
14:52:02 INFO     Epoch 2/20 | step  720 | loss 2.5025
14:52:02 INFO     Epoch 2/20 | step  730 | loss 2.2617
14:52:02 INFO     Epoch 2/20 | step  740 | loss 2.2035
14:52:03 INFO     Epoch 2/20 | step  750 | loss 2.2772
14:52:03 INFO     Epoch 2/20 | step  760 | loss 2.6009
14:52:03 INFO     Epoch 2/20 | step  770 | loss 2.1262
14:52:04 INFO     Epoch 2/20 | step  780 | loss 2.4694
14:52:04 INFO     Epoch 2/20 | step  790 | loss 2.4068
14:52:04 INFO     Epoch 2/20 | step  800 | loss 2.4497
14:52:05 INFO     Epoch 2/20 | step  810 | loss 2.4286
14:52:05 INFO     Epoch 2/20 | step  820 | loss 2.4536
14:52:05 INFO     Epoch 2/20 | step  830 | loss 2.2442
14:52:05 INFO     Epoch 2/20 | step  840 | loss 2.2550
14:52:06 INFO     Epoch 2/20 | step  850 | loss 2.3447
14:52:06 INFO     Epoch 2/20 | step  860 | loss 2.5350
14:52:06 INFO     Epoch 2/20 | step  870 | loss 2.3550
14:52:07 INFO     Epoch 2/20 | step  880 | loss 2.2234
14:52:07 INFO     Epoch 2/20 | step  890 | loss 2.3250
14:52:07 INFO     Epoch 2/20 | step  900 | loss 2.3058
14:52:08 INFO     Epoch 2/20 | step  910 | loss 2.0594
14:52:08 INFO     Epoch 2/20 | step  920 | loss 2.2127
14:52:08 INFO     Epoch 2/20 | step  930 | loss 2.2627
14:52:08 INFO     Epoch 2/20 | step  940 | loss 2.2145
14:52:09 INFO     Epoch 2/20 | step  950 | loss 2.3493
14:52:09 INFO     Epoch 2/20 | step  960 | loss 2.2427
14:52:09 INFO     Epoch 2/20 | step  970 | loss 2.2728
14:52:10 INFO     Epoch 2/20 | step  980 | loss 2.0823
14:52:10 INFO     Epoch 2/20 | step  990 | loss 2.3375
14:52:10 INFO     Epoch 2/20 | step 1000 | loss 2.3974
14:52:11 INFO     Epoch 2/20 | step 1010 | loss 2.2109
14:52:11 INFO     Epoch 2/20 | step 1020 | loss 2.1825
14:52:11 INFO     Epoch 2/20 | step 1030 | loss 2.4379
14:52:12 INFO     Epoch 2/20 | step 1040 | loss 2.3155
14:52:12 INFO     Epoch 2/20 | step 1050 | loss 2.3325
14:52:12 INFO     Epoch 2/20 | step 1060 | loss 2.4285
14:52:12 INFO     Epoch 2/20 | step 1070 | loss 2.3237
14:52:13 INFO     Epoch 2/20 | step 1080 | loss 2.3983
14:52:13 INFO     Epoch 2/20 | step 1090 | loss 2.3672
14:52:13 INFO     Epoch 2/20 | step 1100 | loss 2.1418
14:52:14 INFO     Epoch 2/20 | step 1110 | loss 2.1295
14:52:14 INFO     Epoch 2/20 | step 1120 | loss 2.3973
14:52:14 INFO     Epoch 2/20 | step 1130 | loss 2.2013
14:52:15 INFO     Epoch 2/20 | step 1140 | loss 2.2702
14:52:15 INFO     Epoch 2/20 | step 1150 | loss 2.3899
14:52:15 INFO     Epoch 2/20 | step 1160 | loss 2.2832
14:52:15 INFO     Epoch 2/20 | step 1170 | loss 2.3077
14:52:16 INFO     Epoch 2/20 | step 1180 | loss 2.1842
14:52:16 INFO     Epoch 2/20 | step 1190 | loss 2.2573
14:52:16 INFO     Epoch 2/20 | step 1200 | loss 2.3155
14:52:17 INFO     Epoch 2/20 | step 1210 | loss 2.1534
14:52:17 INFO     Epoch 2/20 | step 1220 | loss 2.2672
14:52:17 INFO     Epoch 2/20 | step 1230 | loss 2.2839
14:52:18 INFO     Epoch 2/20 | step 1240 | loss 2.3099
14:52:18 INFO     Epoch 2/20 | step 1250 | loss 2.1956
14:52:18 INFO     Epoch 2/20 | step 1260 | loss 2.0868
14:52:19 INFO     Epoch 2/20 | step 1270 | loss 2.2533
14:52:19 INFO     Epoch 2/20 | step 1280 | loss 2.1214
14:52:19 INFO     Epoch 2/20 | step 1290 | loss 2.1258
14:52:19 INFO     Epoch 2/20 | step 1300 | loss 2.2551
14:52:20 INFO     Epoch 2/20 | step 1310 | loss 2.2560
14:52:20 INFO     Epoch 2/20 | step 1320 | loss 2.1080
14:52:20 INFO     Epoch 2/20 | step 1330 | loss 2.2348
14:52:21 INFO     Epoch 2/20 | step 1340 | loss 2.1492
14:52:21 INFO     Epoch 2/20 | step 1350 | loss 1.9859
14:52:21 INFO     Epoch 2/20 | step 1360 | loss 2.3601
14:52:22 INFO     Epoch 2/20 | step 1370 | loss 1.9364
14:52:22 INFO     Epoch 2/20 | step 1380 | loss 2.0285
14:52:22 INFO     Epoch 2/20 | step 1390 | loss 2.3552
14:52:22 INFO     Epoch 2/20 | step 1400 | loss 2.1042
14:52:23 INFO     Epoch 2/20 | step 1410 | loss 2.0125
14:52:23 INFO     Epoch 2/20 | step 1420 | loss 2.2669
14:52:23 INFO     Epoch 2/20 | step 1430 | loss 2.0975
14:52:24 INFO     Epoch 2/20 | step 1440 | loss 2.0762
14:52:24 INFO     Epoch 2/20 | step 1450 | loss 2.1784
14:52:24 INFO     Epoch 2/20 | step 1460 | loss 2.1879
14:52:25 INFO     Epoch 2/20 | step 1470 | loss 2.1595
14:52:25 INFO     Epoch 2/20 | step 1480 | loss 2.3641
14:52:25 INFO     Epoch 2/20 | step 1490 | loss 2.1294
14:52:26 INFO     Epoch 2/20 | step 1500 | loss 1.9842
14:52:26 INFO     Epoch 2/20 | step 1510 | loss 2.3296
14:52:26 INFO     Epoch 2/20 | step 1520 | loss 2.2243
14:52:26 INFO     Epoch 2/20 | step 1530 | loss 2.2596
14:52:27 INFO     Epoch 2/20 | step 1540 | loss 2.0015
14:52:27 INFO     Epoch 2/20 | step 1550 | loss 2.0279
14:52:27 INFO     Epoch 2/20 | step 1560 | loss 2.1921
14:52:28 INFO     Epoch 2/20 | step 1570 | loss 2.2645
14:52:28 INFO     Epoch 2/20 | step 1580 | loss 2.2179
14:52:28 INFO     Epoch 2/20 | step 1590 | loss 2.1449
14:52:29 INFO     Epoch 2/20 | step 1600 | loss 2.0691
14:52:29 INFO     Epoch 2/20 | step 1610 | loss 2.2247
14:52:29 INFO     Epoch 2/20 | step 1620 | loss 2.1699
14:52:29 INFO     Epoch 2/20 | step 1630 | loss 2.0816
14:52:30 INFO     Epoch 2/20 | step 1640 | loss 2.2303
14:52:30 INFO     Epoch 2/20 | step 1650 | loss 2.0132
14:52:30 INFO     Epoch 2/20 | step 1660 | loss 2.1662
14:52:31 INFO     Epoch 2/20 | step 1670 | loss 2.2182
14:52:31 INFO     Epoch 2/20 | step 1680 | loss 1.9721
14:52:31 INFO     Epoch 2/20 | step 1690 | loss 2.0699
14:52:32 INFO     Epoch 2/20 | step 1700 | loss 2.0646
14:52:32 INFO     Epoch 2/20 | step 1710 | loss 2.1617
14:52:32 INFO     Epoch 2/20 | step 1720 | loss 2.0862
14:52:32 INFO     Epoch 2/20 | step 1730 | loss 2.0800
14:52:33 INFO     Epoch 2/20 | step 1740 | loss 1.9653
14:52:33 INFO     Epoch 2/20 | step 1750 | loss 1.8483
14:52:33 INFO     Epoch 2/20 | step 1760 | loss 2.0632
14:52:34 INFO     Epoch 2/20 | step 1770 | loss 2.1992
14:52:34 INFO     Epoch 2/20 | step 1780 | loss 1.9927
14:52:34 INFO     Epoch 2/20 | step 1790 | loss 2.1013
14:52:35 INFO     Epoch 2/20 | step 1800 | loss 2.1361
14:52:35 INFO     Epoch 2/20 | step 1810 | loss 2.1873
14:52:35 INFO     Epoch 2/20 | step 1820 | loss 2.0264
14:52:36 INFO     Epoch 2/20 | step 1830 | loss 1.9150
14:52:36 INFO     Epoch 2/20 | step 1840 | loss 1.9827
14:52:36 INFO     Epoch 2/20 | step 1850 | loss 2.1760
14:52:36 INFO     Epoch 2/20 | step 1860 | loss 2.1485
14:52:37 INFO     Epoch 2/20 | step 1870 | loss 2.2054
14:52:37 INFO     Epoch 2/20 | step 1880 | loss 2.0932
14:52:37 INFO     Epoch 2/20 | step 1890 | loss 2.0692
14:52:38 INFO     Epoch 2/20 | step 1900 | loss 2.0825
14:52:38 INFO     Epoch 2/20 | step 1910 | loss 2.1726
14:52:38 INFO     Epoch 2/20 | step 1920 | loss 2.1841
14:52:39 INFO     Epoch 2/20 | step 1930 | loss 2.0199
14:52:39 INFO     Epoch 2/20 | step 1940 | loss 2.0592
14:52:39 INFO     Epoch 2/20 | step 1950 | loss 2.1700
14:52:39 INFO     Epoch 2/20 | step 1960 | loss 1.9218
14:52:40 INFO     Epoch 2/20 | step 1970 | loss 1.8935
14:52:40 INFO     Epoch 2/20 | step 1980 | loss 2.1795
14:52:40 INFO     Epoch 2/20 | step 1990 | loss 2.0774
14:52:41 INFO     Epoch 2/20 | step 2000 | loss 1.9726
14:52:41 INFO     Epoch 2/20 | step 2010 | loss 2.1314
14:52:41 INFO     Epoch 2/20 | step 2020 | loss 1.9814
14:52:42 INFO     Epoch 2/20 | step 2030 | loss 2.1911
14:52:42 INFO     Epoch 2/20 | step 2040 | loss 1.9082
14:52:42 INFO     Epoch 2/20 | step 2050 | loss 2.1572
14:52:43 INFO     Epoch 2/20 | step 2060 | loss 2.0873
14:52:43 INFO     Epoch 2/20 | step 2070 | loss 2.1138
14:52:43 INFO     Epoch 2/20 | step 2080 | loss 2.1488
14:52:43 INFO     Epoch 2/20 | step 2090 | loss 1.8875
14:52:44 INFO     Epoch 2/20 | step 2100 | loss 1.9611
14:52:44 INFO     Epoch 2/20 | step 2110 | loss 1.9514
14:52:44 INFO     Epoch 2/20 | step 2120 | loss 2.2284
14:52:45 INFO     Epoch 2/20 | step 2130 | loss 1.9081
14:52:45 INFO     Epoch 2/20 | step 2140 | loss 2.0488
14:52:45 INFO     Epoch 2/20 | step 2150 | loss 2.0442
14:52:46 INFO     Epoch 2/20 | step 2160 | loss 2.0048
14:52:46 INFO     Epoch 2/20 | step 2170 | loss 1.9325
14:52:46 INFO     Epoch 2/20 | step 2180 | loss 1.9672
14:52:46 INFO     Epoch 2/20 | step 2190 | loss 1.8882
14:52:47 INFO     Epoch 2/20 | step 2200 | loss 2.0245
14:52:47 INFO     Epoch 2/20 | step 2210 | loss 1.8479
14:52:47 INFO     Epoch 2/20 | step 2220 | loss 2.0608
14:52:48 INFO     Epoch 2/20 | step 2230 | loss 2.0092
14:52:48 INFO     Epoch 2/20 | step 2240 | loss 2.1909
14:52:48 INFO     Epoch 2/20 | step 2250 | loss 1.9777
14:52:49 INFO     Epoch 2/20 | step 2260 | loss 2.2268
14:52:49 INFO     Epoch 2/20 | step 2270 | loss 2.1991
14:52:49 INFO     Epoch 2/20 | step 2280 | loss 2.0144
14:52:50 INFO     Epoch 2/20 | step 2290 | loss 2.0857
14:52:50 INFO     Epoch 2/20 | step 2300 | loss 1.9511
14:52:50 INFO     Epoch 2/20 | step 2310 | loss 1.8949
14:52:50 INFO     Epoch 2/20 | step 2320 | loss 1.9027
14:52:51 INFO     Epoch 2/20 | step 2330 | loss 1.8500
14:52:51 INFO     Epoch 2/20 | step 2340 | loss 1.9935
14:52:51 INFO     Epoch 2/20 | step 2350 | loss 1.9868
14:52:52 INFO     Epoch 2/20 | step 2360 | loss 2.0185
14:52:52 INFO     Epoch 2/20 | step 2370 | loss 1.8367
14:52:52 INFO     Epoch 2/20 | step 2380 | loss 1.9768
14:52:53 INFO     Epoch 2/20 | step 2390 | loss 1.9198
14:52:53 INFO     Epoch 2/20 | step 2400 | loss 1.9983
14:52:53 INFO     Epoch 2/20 | step 2410 | loss 1.9406
14:52:53 INFO     Epoch 2/20 | step 2420 | loss 1.9408
14:52:54 INFO     Epoch 2/20 | step 2430 | loss 1.9518
14:52:54 INFO     Epoch 2/20 | step 2440 | loss 1.7689
14:52:54 INFO     Epoch 2/20 | step 2450 | loss 1.8944
14:52:55 INFO     Epoch 2/20 | step 2460 | loss 2.0267
14:52:55 INFO     Epoch 2/20 | step 2470 | loss 1.9236
14:52:55 INFO     Epoch 2/20 | step 2480 | loss 1.9202
14:52:56 INFO     Epoch 2/20 | step 2490 | loss 1.9474
14:52:56 INFO     Epoch 2/20 | step 2500 | loss 1.9222
14:52:56 INFO     Epoch 2/20 | step 2510 | loss 1.9288
14:52:57 INFO     Epoch 2/20 | step 2520 | loss 1.8572
14:52:57 INFO     Epoch 2/20 | step 2530 | loss 2.0653
14:52:57 INFO     Epoch 2/20 | step 2540 | loss 2.0254
14:52:57 INFO     Epoch 2/20 | step 2550 | loss 1.9494
14:52:58 INFO     Epoch 2/20 | step 2560 | loss 2.0930
14:52:58 INFO     Epoch 2/20 | step 2570 | loss 1.8835
14:52:58 INFO     Epoch 2/20 | step 2580 | loss 1.8728
14:52:59 INFO     Epoch 2/20 | step 2590 | loss 1.9780
14:52:59 INFO     Epoch 2/20 | step 2600 | loss 1.8501
14:52:59 INFO     Epoch 2/20 | step 2610 | loss 1.8840
14:53:00 INFO     Epoch 2/20 | step 2620 | loss 1.8455
14:53:00 INFO     Epoch 2/20 | step 2630 | loss 1.8892
14:53:00 INFO     Epoch 2/20 | step 2640 | loss 2.0497
14:53:00 INFO     Epoch 2/20 | step 2650 | loss 1.9102
14:53:01 INFO     Epoch 2/20 | step 2660 | loss 1.7994
14:53:01 INFO     Epoch 2/20 | step 2670 | loss 1.9923
14:53:01 INFO     Epoch 2/20 | step 2680 | loss 1.8093
14:53:02 INFO     Epoch 2/20 | step 2690 | loss 2.0960
14:53:02 INFO     Epoch 2/20 | step 2700 | loss 1.9090
14:53:02 INFO     Epoch 2/20 | step 2710 | loss 2.0396
14:53:03 INFO     Epoch 2/20 | step 2720 | loss 2.0612
14:53:03 INFO     Epoch 2/20 | step 2730 | loss 2.0472
14:53:03 INFO     Epoch 2/20 | step 2740 | loss 1.9023
14:53:03 INFO     Epoch 2/20 | step 2750 | loss 1.9152
14:53:04 INFO     Epoch 2/20 | step 2760 | loss 2.0222
14:53:04 INFO     Epoch 2/20 | step 2770 | loss 1.9460
14:53:04 INFO     Epoch 2/20 | step 2780 | loss 1.9422
14:53:05 INFO     Epoch 2/20 | step 2790 | loss 1.9603
14:53:05 INFO     Epoch 2/20 | step 2800 | loss 2.0324
14:53:05 INFO     Epoch 2/20 | step 2810 | loss 1.9505
14:53:06 INFO     Epoch 2/20 | step 2820 | loss 1.9762
14:53:06 INFO     Epoch 2/20 | step 2830 | loss 1.9283
14:53:06 INFO     Epoch 2/20 | step 2840 | loss 1.8881
14:53:07 INFO     Epoch 2/20 | step 2850 | loss 1.7415
14:53:07 INFO     Epoch 2/20 | step 2860 | loss 2.0131
14:53:07 INFO     Epoch 2/20 | step 2870 | loss 2.0465
14:53:07 INFO     Epoch 2/20 | step 2880 | loss 1.9985
14:53:08 INFO     Epoch 2/20 | step 2890 | loss 1.9160
14:53:08 INFO     Epoch 2/20 | step 2900 | loss 1.8902
14:53:08 INFO     Epoch 2/20 | step 2910 | loss 1.9721
14:53:09 INFO     Epoch 2/20 | step 2920 | loss 2.0446
14:53:09 INFO     Epoch 2/20 | step 2930 | loss 1.9032
14:53:09 INFO     Epoch 2/20 | step 2940 | loss 2.0033
14:53:10 INFO     Epoch 2/20 | step 2950 | loss 1.9139
14:53:10 INFO     Epoch 2/20 | step 2960 | loss 1.9869
14:53:10 INFO     Epoch 2/20 | step 2970 | loss 1.8928
14:53:10 INFO     Epoch 2/20 | step 2980 | loss 1.8335
14:53:11 INFO     Epoch 2/20 | step 2990 | loss 1.6297
14:53:11 INFO     Epoch 2/20 | step 3000 | loss 1.9463
14:53:11 INFO     Epoch 2/20 | step 3010 | loss 1.9378
14:53:12 INFO     Epoch 2/20 | step 3020 | loss 1.9527
14:53:12 INFO     Epoch 2/20 | step 3030 | loss 1.9288
14:53:12 INFO     Epoch 2/20 | step 3040 | loss 1.8474
14:53:13 INFO     Epoch 2/20 | step 3050 | loss 1.6021
14:53:13 INFO     Epoch 2/20 | step 3060 | loss 1.9351
14:53:13 INFO     Epoch 2/20 | step 3070 | loss 2.0322
14:53:14 INFO     Epoch 2/20 | step 3080 | loss 1.9213
14:53:14 INFO     Epoch 2/20 | step 3090 | loss 1.8656
14:53:14 INFO     Epoch 2/20 | step 3100 | loss 1.8699
14:53:14 INFO     Epoch 2/20 | step 3110 | loss 1.9568
14:53:15 INFO     Epoch 2/20 | step 3120 | loss 1.8368
14:53:15 INFO     Epoch 2/20 | step 3130 | loss 1.8442
14:53:15 INFO     Epoch 2/20 | step 3140 | loss 2.0742
14:53:16 INFO     Epoch 2/20 | step 3150 | loss 1.8190
14:53:16 INFO     Epoch 2/20 | step 3160 | loss 1.7748
14:53:16 INFO     Epoch 2/20 | step 3170 | loss 1.9104
14:53:17 INFO     Epoch 2/20 | step 3180 | loss 1.9553
14:53:17 INFO     Epoch 2/20 | step 3190 | loss 1.7076
14:53:17 INFO     Epoch 2/20 | step 3200 | loss 1.8365
14:53:17 INFO     Epoch 2/20 | step 3210 | loss 1.8297
14:53:18 INFO     Epoch 2/20 | step 3220 | loss 1.8345
14:53:18 INFO     Epoch 2/20 | step 3230 | loss 1.8422
14:53:18 INFO     Epoch 2/20 | step 3240 | loss 1.8329
14:53:19 INFO     Epoch 2/20 | step 3250 | loss 1.8088
14:53:19 INFO     Epoch 2/20 | step 3260 | loss 1.8196
14:53:19 INFO     Epoch 2/20 | step 3270 | loss 1.9320
14:53:20 INFO     Epoch 2/20 | step 3280 | loss 1.8691
14:53:20 INFO     Epoch 2/20 | step 3290 | loss 1.8125
14:53:20 INFO     Epoch 2/20 | step 3300 | loss 1.8610
14:53:21 INFO     Epoch 2/20 | step 3310 | loss 1.8141
14:53:21 INFO     Epoch 2/20 | step 3320 | loss 1.9196
14:53:21 INFO     Epoch 2/20 | step 3330 | loss 1.7324
14:53:21 INFO     Epoch 2/20 | step 3340 | loss 1.8220
14:53:22 INFO     Epoch 2/20 | step 3350 | loss 1.6983
14:53:22 INFO     Epoch 2/20 | step 3360 | loss 2.0382
14:53:22 INFO     Epoch 2/20 | step 3370 | loss 1.8106
14:53:23 INFO     Epoch 2/20 | step 3380 | loss 1.6963
14:53:23 INFO     Epoch 2/20 | step 3390 | loss 1.8402
14:53:23 INFO     Epoch 2/20 | step 3400 | loss 1.7991
14:53:24 INFO     Epoch 2/20 | step 3410 | loss 1.8420
14:53:24 INFO     Epoch 2/20 | step 3420 | loss 1.7047
14:53:24 INFO     Epoch 2/20 | step 3430 | loss 1.9358
14:53:24 INFO     Epoch 2/20 | step 3440 | loss 1.8585
14:53:25 INFO     Epoch 2/20 | step 3450 | loss 1.8390
14:53:25 INFO     Epoch 2/20 | step 3460 | loss 1.9882
14:53:25 INFO     Epoch 2/20 | step 3470 | loss 1.8269
14:53:26 INFO     Epoch 2/20 | step 3480 | loss 1.6806
14:53:26 INFO     Epoch 2/20 | step 3490 | loss 1.6601
14:53:26 INFO     Epoch 2/20 | step 3500 | loss 1.7169
14:53:27 INFO     Epoch 2/20 | step 3510 | loss 1.8554
14:53:27 INFO     Epoch 2/20 | step 3520 | loss 1.6717
14:53:27 INFO     Epoch 2/20 | step 3530 | loss 1.7679
14:53:28 INFO     Epoch 2/20 | step 3540 | loss 1.9206
14:53:28 INFO     Epoch 2/20 | step 3550 | loss 1.7391
14:53:28 INFO     Epoch 2/20 | step 3560 | loss 1.9789
14:53:28 INFO     Epoch 2/20 | step 3570 | loss 1.8156
14:53:29 INFO     Epoch 2/20 | step 3580 | loss 1.9442
14:53:29 INFO     Epoch 2/20 | step 3590 | loss 1.6499
14:53:29 INFO     Epoch 2/20 | step 3600 | loss 1.7204
14:53:30 INFO     Epoch 2/20 | step 3610 | loss 1.6132
14:53:30 INFO     Epoch 2/20 | step 3620 | loss 1.7119
14:53:30 INFO     Epoch 2/20 | step 3630 | loss 1.7903
14:53:31 INFO     Epoch 2/20 | step 3640 | loss 1.7916
14:53:31 INFO     Epoch 2/20 | step 3650 | loss 1.8013
14:53:31 INFO     Epoch 2/20 | step 3660 | loss 1.7032
14:53:31 INFO     Epoch 2/20 | step 3670 | loss 1.7227
14:53:32 INFO     Epoch 2/20 | step 3680 | loss 1.9402
14:53:32 INFO     Epoch 2/20 | step 3690 | loss 1.6531
14:53:32 INFO     Epoch 2/20 | step 3700 | loss 1.7941
14:53:33 INFO     Epoch 2/20 | step 3710 | loss 1.6778
14:53:33 INFO     Epoch 2/20 | step 3720 | loss 1.8173
14:53:33 INFO     Epoch 2/20 | step 3730 | loss 1.8535
14:53:34 INFO     Epoch 2/20 | step 3740 | loss 1.6201
14:53:34 INFO     Epoch 2/20 | step 3750 | loss 1.7577
14:53:34 INFO     Epoch 2/20 | step 3760 | loss 2.0266
14:53:34 INFO     Epoch 2/20 | step 3770 | loss 1.8178
14:53:35 INFO     Epoch 2/20 | step 3780 | loss 1.8216
14:53:35 INFO     Epoch 2/20 | step 3790 | loss 1.6616
14:53:35 INFO     Epoch 2/20 | step 3800 | loss 1.8315
14:53:36 INFO     Epoch 2/20 | step 3810 | loss 1.5962
14:53:36 INFO     Epoch 2/20 | step 3820 | loss 1.4471
14:53:36 INFO     Epoch 2/20 | step 3830 | loss 1.7711
14:53:37 INFO     Epoch 2/20 | step 3840 | loss 1.7164
14:53:37 INFO     Epoch 2/20 | step 3850 | loss 1.7245
14:53:37 INFO     Epoch 2/20 | step 3860 | loss 1.6454
14:53:38 INFO     Epoch 2/20 | step 3870 | loss 1.7454
14:53:38 INFO     Epoch 2/20 | step 3880 | loss 1.4866
14:53:38 INFO     Epoch 2/20 | step 3890 | loss 1.6126
14:53:38 INFO     Epoch 2/20 | step 3900 | loss 1.6702
14:53:39 INFO     Epoch 2/20 | step 3910 | loss 1.6417
14:53:39 INFO     Epoch 2/20 | step 3920 | loss 1.5780
14:53:39 INFO     Epoch 2/20 | step 3930 | loss 1.7168
14:53:40 INFO     Epoch 2/20 | step 3940 | loss 1.6330
14:53:40 INFO     Epoch 2/20 | step 3950 | loss 1.6208
14:53:40 INFO     Epoch 2/20 | step 3960 | loss 1.7716
14:53:41 INFO     Epoch 2/20 | step 3970 | loss 1.5988
14:53:41 INFO     Epoch 2/20 | step 3980 | loss 1.6707
14:53:41 INFO     Epoch 2/20 | step 3990 | loss 1.8437
14:53:41 INFO     Epoch 2/20 | step 4000 | loss 1.7494
14:53:42 INFO     Epoch 2/20 | step 4010 | loss 1.6179
14:53:42 INFO     Epoch 2/20 | step 4020 | loss 1.7054
14:53:42 INFO     Epoch 2/20 | step 4030 | loss 1.6504
14:53:43 INFO     Epoch 2/20 | step 4040 | loss 1.5963
14:53:43 INFO     Epoch 2/20 | step 4050 | loss 1.7350
14:53:43 INFO     Epoch 2/20 | step 4060 | loss 1.7079
14:53:44 INFO     Epoch 2/20 | step 4070 | loss 1.7120
14:53:44 INFO     Epoch 2/20 | step 4080 | loss 1.7176
14:53:44 INFO     Epoch 2/20 | step 4090 | loss 1.7329
14:53:45 INFO     Epoch 2/20 | step 4100 | loss 1.7790
14:53:45 INFO     Epoch 2/20 | step 4110 | loss 1.8264
14:53:45 INFO     Epoch 2/20 | step 4120 | loss 1.6852
14:53:45 INFO     Epoch 2/20 | step 4130 | loss 1.7326
14:53:46 INFO     Epoch 2/20 | step 4140 | loss 1.6061
14:53:46 INFO     Epoch 2/20 | step 4150 | loss 1.6087
14:53:46 INFO     Epoch 2/20 | step 4160 | loss 1.7088
14:53:47 INFO     Epoch 2/20 | step 4170 | loss 1.7774
14:53:47 INFO     Epoch 2/20 | step 4180 | loss 1.8301
14:53:47 INFO     Epoch 2/20 | step 4190 | loss 1.7977
14:53:48 INFO     Epoch 2/20 | step 4200 | loss 1.7022
14:53:48 INFO     Epoch 2/20 | step 4210 | loss 1.5497
14:53:48 INFO     Epoch 2/20 | step 4220 | loss 1.8463
14:53:48 INFO     Epoch 2/20 | step 4230 | loss 1.7115
14:53:49 INFO     Epoch 2/20 | step 4240 | loss 1.6256
14:53:49 INFO     Epoch 2/20 | step 4250 | loss 1.7172
14:53:49 INFO     Epoch 2/20 | step 4260 | loss 1.5603
14:53:50 INFO     Epoch 2/20 | step 4270 | loss 1.6905
14:53:50 INFO     Epoch 2/20 | step 4280 | loss 1.7648
14:53:50 INFO     Epoch 2/20 | step 4290 | loss 1.6039
14:53:51 INFO     Epoch 2/20 | step 4300 | loss 1.6555
14:53:51 INFO     Epoch 2/20 | step 4310 | loss 1.7272
14:53:51 INFO     Epoch 2/20 | step 4320 | loss 1.6568
14:53:51 INFO     Epoch 2/20 | step 4330 | loss 1.8021
14:53:52 INFO     Epoch 2/20 | step 4340 | loss 1.8000
14:53:52 INFO     Epoch 2/20 | step 4350 | loss 1.7344
14:53:52 INFO     Epoch 2/20 | step 4360 | loss 1.7546
14:53:53 INFO     Epoch 2/20 | step 4370 | loss 1.7500
14:53:53 INFO     Epoch 2/20 | step 4380 | loss 1.5438
14:53:53 INFO     Epoch 2/20 | step 4390 | loss 1.5323
14:53:54 INFO     Epoch 2/20 | step 4400 | loss 1.6383
14:53:54 INFO     Epoch 2/20 | step 4410 | loss 1.5820
14:53:54 INFO     Epoch 2/20 | step 4420 | loss 1.7900
14:53:55 INFO     Epoch 2/20 | step 4430 | loss 1.6461
14:53:55 INFO     Epoch 2/20 | step 4440 | loss 1.7097
14:53:55 INFO     Epoch 2/20 | step 4450 | loss 1.5200
14:53:55 INFO     Epoch 2/20 | step 4460 | loss 1.6681
14:53:56 INFO     Epoch 2/20 | step 4470 | loss 1.7601
14:53:56 INFO     Epoch 2/20 | step 4480 | loss 1.8054
14:53:56 INFO     Epoch 2/20 | step 4490 | loss 1.7592
14:53:57 INFO     Epoch 2/20 | step 4500 | loss 1.7187
14:53:57 INFO     Epoch 2/20 | step 4510 | loss 1.6608
14:53:57 INFO     Epoch 2/20 | step 4520 | loss 1.7011
14:53:58 INFO     Epoch 2/20 | step 4530 | loss 1.5845
14:53:58 INFO     Epoch 2/20 | step 4540 | loss 1.7818
14:53:58 INFO     Epoch 2/20 | step 4550 | loss 1.8298
14:53:58 INFO     Epoch 2/20 | step 4560 | loss 1.6290
14:53:59 INFO     Epoch 2/20 | step 4570 | loss 1.7675
14:53:59 INFO     Epoch 2/20 | step 4580 | loss 1.8161
14:53:59 INFO     Epoch 2/20 | step 4590 | loss 1.5327
14:54:00 INFO     Epoch 2/20 | step 4600 | loss 1.5389
14:54:00 INFO     Epoch 2/20 | step 4610 | loss 1.6435
14:54:00 INFO     Epoch 2/20 | step 4620 | loss 1.6204
14:54:01 INFO     Epoch 2/20 | step 4630 | loss 1.5514
14:54:01 INFO     Epoch 2/20 | step 4640 | loss 1.6151
14:54:01 INFO     Epoch 2/20 | step 4650 | loss 1.5485
14:54:02 INFO     Epoch 2/20 | step 4660 | loss 1.8058
14:54:02 INFO     Epoch 2/20 | step 4670 | loss 1.5883
14:54:02 INFO     Epoch 2/20 | step 4680 | loss 1.5017
14:54:02 INFO     Epoch 2/20 | step 4690 | loss 1.5838
14:54:03 INFO     Epoch 2/20 | step 4700 | loss 1.6201
14:54:03 INFO     Epoch 2/20 | step 4710 | loss 1.8365
14:54:03 INFO     Epoch 2/20 | step 4720 | loss 1.6338
14:54:04 INFO     Epoch 2/20 | step 4730 | loss 1.7319
14:54:04 INFO     Epoch 2/20 | step 4740 | loss 1.6632
14:54:04 INFO     Epoch 2/20 | step 4750 | loss 1.5871
14:54:05 INFO     Epoch 2/20 | step 4760 | loss 1.6268
14:54:05 INFO     Epoch 2/20 | step 4770 | loss 1.6401
14:54:05 INFO     Epoch 2/20 | step 4780 | loss 1.7262
14:54:05 INFO     Epoch 2/20 | step 4790 | loss 1.5633
14:54:06 INFO     Epoch 2/20 | step 4800 | loss 1.7595
14:54:06 INFO     Epoch 2/20 | step 4810 | loss 1.5131
14:54:06 INFO     Epoch 2/20 | step 4820 | loss 1.5378
14:54:07 INFO     Epoch 2/20 | step 4830 | loss 1.5000
14:54:07 INFO     Epoch 2/20 | step 4840 | loss 1.7873
14:54:07 INFO     Epoch 2/20 | step 4850 | loss 1.7312
14:54:08 INFO     Epoch 2/20 | step 4860 | loss 1.5574
14:54:08 INFO     Epoch 2/20 | step 4870 | loss 1.6347
14:54:08 INFO     Epoch 2/20 | step 4880 | loss 1.5978
14:54:09 INFO     Epoch 2/20 | step 4890 | loss 1.5374
14:54:09 INFO     Epoch 2/20 | step 4900 | loss 1.7928
14:54:09 INFO     Epoch 2/20 | step 4910 | loss 1.6154
14:54:09 INFO     Epoch 2/20 | step 4920 | loss 1.6450
14:54:10 INFO     Epoch 2/20 | step 4930 | loss 1.6733
14:54:10 INFO     Epoch 2/20 | step 4940 | loss 1.5428
14:54:10 INFO     Epoch 2/20 | step 4950 | loss 1.5618
14:54:11 INFO     Epoch 2/20 | step 4960 | loss 1.7350
14:54:11 INFO     Epoch 2/20 | step 4970 | loss 1.6634
14:54:11 INFO     Epoch 2/20 | step 4980 | loss 1.5601
14:54:12 INFO     Epoch 2/20 | step 4990 | loss 1.6309
14:54:12 INFO     Epoch 2/20 | step 5000 | loss 1.6569
14:54:12 INFO     Epoch 2/20 | step 5010 | loss 1.6383
14:54:12 INFO     Epoch 2/20 | step 5020 | loss 1.7501
14:54:13 INFO     Epoch 2/20 | step 5030 | loss 1.6333
14:54:13 INFO     Epoch 2/20 | step 5040 | loss 1.4650
14:54:13 INFO     Epoch 2/20 | step 5050 | loss 1.7046
14:54:14 INFO     Epoch 2/20 | step 5060 | loss 1.5825
14:54:14 INFO     Epoch 2/20 | step 5070 | loss 1.6087
14:54:14 INFO     Epoch 2/20 | step 5080 | loss 1.5029
14:54:15 INFO     Epoch 2/20 | step 5090 | loss 1.8241
14:54:15 INFO     Epoch 2/20 | step 5100 | loss 1.5149
14:54:15 INFO     Epoch 2/20 | step 5110 | loss 1.3927
14:54:15 INFO     Epoch 2/20 | step 5120 | loss 1.4918
14:54:16 INFO     Epoch 2/20 | step 5130 | loss 1.5551
14:54:16 INFO     Epoch 2/20 | step 5140 | loss 1.5641
14:54:16 INFO     Epoch 2/20 | step 5150 | loss 1.6419
14:54:17 INFO     Epoch 2/20 | step 5160 | loss 1.5940
14:54:17 INFO     Epoch 2/20 | step 5170 | loss 1.5907
14:54:17 INFO     Epoch 2/20 | step 5180 | loss 1.6545
14:54:18 INFO     Epoch 2/20 | step 5190 | loss 1.4685
14:54:18 INFO     Epoch 2/20 | step 5200 | loss 1.5835
14:54:18 INFO     Epoch 2/20 | step 5210 | loss 1.5620
14:54:19 INFO     Epoch 2/20 | step 5220 | loss 1.4951
14:54:19 INFO     Epoch 2/20 | step 5230 | loss 1.5141
14:54:19 INFO     Epoch 2/20 | step 5240 | loss 1.6491
14:54:19 INFO     Epoch 2/20 | step 5250 | loss 1.5526
14:54:20 INFO     Epoch 2/20 | step 5260 | loss 1.6170
14:54:20 INFO     Epoch 2/20 | step 5270 | loss 1.5649
14:54:20 INFO     Epoch 2/20 | step 5280 | loss 1.5148
14:54:21 INFO     Epoch 2/20 | step 5290 | loss 1.5829
14:54:21 INFO     Epoch 2/20 | step 5300 | loss 1.4774
14:54:21 INFO     Epoch 2/20 | step 5310 | loss 1.4855
14:54:22 INFO     Epoch 2/20 | step 5320 | loss 1.5004
14:54:22 INFO     Epoch 2/20 | step 5330 | loss 1.5225
14:54:22 INFO     Epoch 2/20 | step 5340 | loss 1.4586
14:54:22 INFO     Epoch 2/20 | step 5350 | loss 1.6254
14:54:23 INFO     Epoch 2/20 | step 5360 | loss 1.5347
14:54:23 INFO     Epoch 2/20 | step 5370 | loss 1.6458
14:54:23 INFO     Epoch 2/20 | step 5380 | loss 1.4419
14:54:24 INFO     Epoch 2/20 | step 5390 | loss 1.5579
14:54:24 INFO     Epoch 2/20 | step 5400 | loss 1.4247
14:54:24 INFO     Epoch 2/20 | step 5410 | loss 1.7033
14:54:25 INFO     Epoch 2/20 | step 5420 | loss 1.5100
14:54:25 INFO     Epoch 2/20 | step 5430 | loss 1.7473
14:54:25 INFO     Epoch 2/20 | step 5440 | loss 1.5341
14:54:26 INFO     Epoch 2/20 | step 5450 | loss 1.4388
14:54:26 INFO     Epoch 2/20 | step 5460 | loss 1.6328
14:54:26 INFO     Epoch 2/20 | step 5470 | loss 1.5252
14:54:26 INFO     Epoch 2/20 | step 5480 | loss 1.3861
14:54:27 INFO     Epoch 2/20 | step 5490 | loss 1.6727
14:54:27 INFO     Epoch 2/20 | step 5500 | loss 1.4456
14:54:27 INFO     Epoch 2/20 | step 5510 | loss 1.6922
14:54:28 INFO     Epoch 2/20 | step 5520 | loss 1.5304
14:54:28 INFO     Epoch 2/20 | step 5530 | loss 1.5451
14:54:28 INFO     Epoch 2/20 | step 5540 | loss 1.6712
14:54:29 INFO     Epoch 2/20 | step 5550 | loss 1.4175
14:54:29 INFO     Epoch 2/20 | step 5560 | loss 1.6029
14:54:29 INFO     Epoch 2/20 | step 5570 | loss 1.7589
14:54:29 INFO     Epoch 2/20 | step 5580 | loss 1.4617
14:54:30 INFO     Epoch 2/20 | step 5590 | loss 1.4860
14:54:30 INFO     Epoch 2/20 | step 5600 | loss 1.4100
14:54:30 INFO     Epoch 2/20 | step 5610 | loss 1.4722
14:54:31 INFO     Epoch 2/20 | step 5620 | loss 1.5310
14:54:31 INFO     Epoch 2/20 | step 5630 | loss 1.5418
14:54:31 INFO     Epoch 2/20 | step 5640 | loss 1.4613
14:54:32 INFO     Epoch 2/20 | step 5650 | loss 1.6846
14:54:32 INFO     Epoch 2/20 | avg loss 1.9486
14:54:32 INFO     Epoch 2/20 | new best loss 1.9486 — checkpoint saved
14:54:32 INFO     Epoch 3/20 | step   10 | loss 1.3581
14:54:32 INFO     Epoch 3/20 | step   20 | loss 1.5806
14:54:33 INFO     Epoch 3/20 | step   30 | loss 1.4739
14:54:33 INFO     Epoch 3/20 | step   40 | loss 1.4914
14:54:33 INFO     Epoch 3/20 | step   50 | loss 1.5231
14:54:34 INFO     Epoch 3/20 | step   60 | loss 1.4509
14:54:34 INFO     Epoch 3/20 | step   70 | loss 1.7811
14:54:34 INFO     Epoch 3/20 | step   80 | loss 1.5137
14:54:34 INFO     Epoch 3/20 | step   90 | loss 1.4428
14:54:35 INFO     Epoch 3/20 | step  100 | loss 1.5395
14:54:35 INFO     Epoch 3/20 | step  110 | loss 1.5816
14:54:35 INFO     Epoch 3/20 | step  120 | loss 1.5982
14:54:36 INFO     Epoch 3/20 | step  130 | loss 1.6154
14:54:36 INFO     Epoch 3/20 | step  140 | loss 1.6604
14:54:36 INFO     Epoch 3/20 | step  150 | loss 1.4480
14:54:37 INFO     Epoch 3/20 | step  160 | loss 1.6107
14:54:37 INFO     Epoch 3/20 | step  170 | loss 1.3568
14:54:37 INFO     Epoch 3/20 | step  180 | loss 1.3994
14:54:38 INFO     Epoch 3/20 | step  190 | loss 1.5882
14:54:38 INFO     Epoch 3/20 | step  200 | loss 1.4072
14:54:38 INFO     Epoch 3/20 | step  210 | loss 1.5331
14:54:38 INFO     Epoch 3/20 | step  220 | loss 1.4909
14:54:39 INFO     Epoch 3/20 | step  230 | loss 1.6717
14:54:39 INFO     Epoch 3/20 | step  240 | loss 1.3513
14:54:39 INFO     Epoch 3/20 | step  250 | loss 1.5324
14:54:40 INFO     Epoch 3/20 | step  260 | loss 1.6055
14:54:40 INFO     Epoch 3/20 | step  270 | loss 1.5012
14:54:40 INFO     Epoch 3/20 | step  280 | loss 1.4830
14:54:41 INFO     Epoch 3/20 | step  290 | loss 1.6683
14:54:41 INFO     Epoch 3/20 | step  300 | loss 1.5732
14:54:41 INFO     Epoch 3/20 | step  310 | loss 1.3984
14:54:41 INFO     Epoch 3/20 | step  320 | loss 1.6652
14:54:42 INFO     Epoch 3/20 | step  330 | loss 1.5510
14:54:42 INFO     Epoch 3/20 | step  340 | loss 1.4328
14:54:42 INFO     Epoch 3/20 | step  350 | loss 1.4740
14:54:43 INFO     Epoch 3/20 | step  360 | loss 1.5790
14:54:43 INFO     Epoch 3/20 | step  370 | loss 1.5316
14:54:43 INFO     Epoch 3/20 | step  380 | loss 1.5347
14:54:44 INFO     Epoch 3/20 | step  390 | loss 1.4764
14:54:44 INFO     Epoch 3/20 | step  400 | loss 1.6546
14:54:44 INFO     Epoch 3/20 | step  410 | loss 1.4836
14:54:44 INFO     Epoch 3/20 | step  420 | loss 1.4305
14:54:45 INFO     Epoch 3/20 | step  430 | loss 1.5664
14:54:45 INFO     Epoch 3/20 | step  440 | loss 1.4869
14:54:45 INFO     Epoch 3/20 | step  450 | loss 1.4402
14:54:46 INFO     Epoch 3/20 | step  460 | loss 1.4405
14:54:46 INFO     Epoch 3/20 | step  470 | loss 1.5245
14:54:46 INFO     Epoch 3/20 | step  480 | loss 1.5885
14:54:47 INFO     Epoch 3/20 | step  490 | loss 1.4891
14:54:47 INFO     Epoch 3/20 | step  500 | loss 1.5847
14:54:47 INFO     Epoch 3/20 | step  510 | loss 1.2521
14:54:48 INFO     Epoch 3/20 | step  520 | loss 1.4633
14:54:48 INFO     Epoch 3/20 | step  530 | loss 1.6661
14:54:48 INFO     Epoch 3/20 | step  540 | loss 1.6040
14:54:48 INFO     Epoch 3/20 | step  550 | loss 1.3522
14:54:49 INFO     Epoch 3/20 | step  560 | loss 1.5357
14:54:49 INFO     Epoch 3/20 | step  570 | loss 1.3469
14:54:49 INFO     Epoch 3/20 | step  580 | loss 1.5439
14:54:50 INFO     Epoch 3/20 | step  590 | loss 1.3726
14:54:50 INFO     Epoch 3/20 | step  600 | loss 1.4224
14:54:50 INFO     Epoch 3/20 | step  610 | loss 1.3294
14:54:51 INFO     Epoch 3/20 | step  620 | loss 1.3854
14:54:51 INFO     Epoch 3/20 | step  630 | loss 1.5465
14:54:51 INFO     Epoch 3/20 | step  640 | loss 1.5315
14:54:51 INFO     Epoch 3/20 | step  650 | loss 1.2942
14:54:52 INFO     Epoch 3/20 | step  660 | loss 1.2895
14:54:52 INFO     Epoch 3/20 | step  670 | loss 1.4756
14:54:52 INFO     Epoch 3/20 | step  680 | loss 1.7448
14:54:53 INFO     Epoch 3/20 | step  690 | loss 1.5363
14:54:53 INFO     Epoch 3/20 | step  700 | loss 1.5200
14:54:53 INFO     Epoch 3/20 | step  710 | loss 1.4916
14:54:54 INFO     Epoch 3/20 | step  720 | loss 1.5482
14:54:54 INFO     Epoch 3/20 | step  730 | loss 1.3381
14:54:54 INFO     Epoch 3/20 | step  740 | loss 1.4524
14:54:55 INFO     Epoch 3/20 | step  750 | loss 1.5049
14:54:55 INFO     Epoch 3/20 | step  760 | loss 1.4617
14:54:55 INFO     Epoch 3/20 | step  770 | loss 1.4033
14:54:55 INFO     Epoch 3/20 | step  780 | loss 1.3517
14:54:56 INFO     Epoch 3/20 | step  790 | loss 1.5484
14:54:56 INFO     Epoch 3/20 | step  800 | loss 1.5564
14:54:56 INFO     Epoch 3/20 | step  810 | loss 1.3001
14:54:57 INFO     Epoch 3/20 | step  820 | loss 1.2053
14:54:57 INFO     Epoch 3/20 | step  830 | loss 1.4284
14:54:57 INFO     Epoch 3/20 | step  840 | loss 1.4788
14:54:58 INFO     Epoch 3/20 | step  850 | loss 1.3456
14:54:58 INFO     Epoch 3/20 | step  860 | loss 1.6405
14:54:58 INFO     Epoch 3/20 | step  870 | loss 1.5344
14:54:58 INFO     Epoch 3/20 | step  880 | loss 1.3943
14:54:59 INFO     Epoch 3/20 | step  890 | loss 1.4128
14:54:59 INFO     Epoch 3/20 | step  900 | loss 1.5041
14:54:59 INFO     Epoch 3/20 | step  910 | loss 1.5206
14:55:00 INFO     Epoch 3/20 | step  920 | loss 1.3710
14:55:00 INFO     Epoch 3/20 | step  930 | loss 1.5119
14:55:00 INFO     Epoch 3/20 | step  940 | loss 1.4304
14:55:01 INFO     Epoch 3/20 | step  950 | loss 1.3580
14:55:01 INFO     Epoch 3/20 | step  960 | loss 1.2612
14:55:01 INFO     Epoch 3/20 | step  970 | loss 1.5410
14:55:01 INFO     Epoch 3/20 | step  980 | loss 1.5308
14:55:02 INFO     Epoch 3/20 | step  990 | loss 1.5117
14:55:02 INFO     Epoch 3/20 | step 1000 | loss 1.4074
14:55:02 INFO     Epoch 3/20 | step 1010 | loss 1.7430
14:55:03 INFO     Epoch 3/20 | step 1020 | loss 1.2823
14:55:03 INFO     Epoch 3/20 | step 1030 | loss 1.4659
14:55:03 INFO     Epoch 3/20 | step 1040 | loss 1.5329
14:55:04 INFO     Epoch 3/20 | step 1050 | loss 1.4966
14:55:04 INFO     Epoch 3/20 | step 1060 | loss 1.5687
14:55:04 INFO     Epoch 3/20 | step 1070 | loss 1.4090
14:55:05 INFO     Epoch 3/20 | step 1080 | loss 1.4727
14:55:05 INFO     Epoch 3/20 | step 1090 | loss 1.3582
14:55:05 INFO     Epoch 3/20 | step 1100 | loss 1.5515
14:55:05 INFO     Epoch 3/20 | step 1110 | loss 1.3149
14:55:06 INFO     Epoch 3/20 | step 1120 | loss 1.3303
14:55:06 INFO     Epoch 3/20 | step 1130 | loss 1.3482
14:55:06 INFO     Epoch 3/20 | step 1140 | loss 1.5123
14:55:07 INFO     Epoch 3/20 | step 1150 | loss 1.3896
14:55:07 INFO     Epoch 3/20 | step 1160 | loss 1.3743
14:55:07 INFO     Epoch 3/20 | step 1170 | loss 1.4927
14:55:08 INFO     Epoch 3/20 | step 1180 | loss 1.5505
14:55:08 INFO     Epoch 3/20 | step 1190 | loss 1.3159
14:55:08 INFO     Epoch 3/20 | step 1200 | loss 1.3728
14:55:08 INFO     Epoch 3/20 | step 1210 | loss 1.5724
14:55:09 INFO     Epoch 3/20 | step 1220 | loss 1.4112
14:55:09 INFO     Epoch 3/20 | step 1230 | loss 1.4987
14:55:09 INFO     Epoch 3/20 | step 1240 | loss 1.3883
14:55:10 INFO     Epoch 3/20 | step 1250 | loss 1.4023
14:55:10 INFO     Epoch 3/20 | step 1260 | loss 1.6267
14:55:10 INFO     Epoch 3/20 | step 1270 | loss 1.4017
14:55:11 INFO     Epoch 3/20 | step 1280 | loss 1.4566
14:55:11 INFO     Epoch 3/20 | step 1290 | loss 1.4602
14:55:11 INFO     Epoch 3/20 | step 1300 | loss 1.4082
14:55:12 INFO     Epoch 3/20 | step 1310 | loss 1.4602
14:55:12 INFO     Epoch 3/20 | step 1320 | loss 1.3202
14:55:12 INFO     Epoch 3/20 | step 1330 | loss 1.3546
14:55:12 INFO     Epoch 3/20 | step 1340 | loss 1.3882
14:55:13 INFO     Epoch 3/20 | step 1350 | loss 1.3826
14:55:13 INFO     Epoch 3/20 | step 1360 | loss 1.3990
14:55:13 INFO     Epoch 3/20 | step 1370 | loss 1.6024
14:55:14 INFO     Epoch 3/20 | step 1380 | loss 1.4174
14:55:14 INFO     Epoch 3/20 | step 1390 | loss 1.5110
14:55:14 INFO     Epoch 3/20 | step 1400 | loss 1.4088
14:55:15 INFO     Epoch 3/20 | step 1410 | loss 1.3796
14:55:15 INFO     Epoch 3/20 | step 1420 | loss 1.4471
14:55:15 INFO     Epoch 3/20 | step 1430 | loss 1.3467
14:55:15 INFO     Epoch 3/20 | step 1440 | loss 1.2949
14:55:16 INFO     Epoch 3/20 | step 1450 | loss 1.5231
14:55:16 INFO     Epoch 3/20 | step 1460 | loss 1.1694
14:55:16 INFO     Epoch 3/20 | step 1470 | loss 1.5048
14:55:17 INFO     Epoch 3/20 | step 1480 | loss 1.5370
14:55:17 INFO     Epoch 3/20 | step 1490 | loss 1.4147
14:55:17 INFO     Epoch 3/20 | step 1500 | loss 1.4111
14:55:18 INFO     Epoch 3/20 | step 1510 | loss 1.2255
14:55:18 INFO     Epoch 3/20 | step 1520 | loss 1.3985
14:55:18 INFO     Epoch 3/20 | step 1530 | loss 1.2556
14:55:19 INFO     Epoch 3/20 | step 1540 | loss 1.3427
14:55:19 INFO     Epoch 3/20 | step 1550 | loss 1.5216
14:55:19 INFO     Epoch 3/20 | step 1560 | loss 1.2493
14:55:19 INFO     Epoch 3/20 | step 1570 | loss 1.2849
14:55:20 INFO     Epoch 3/20 | step 1580 | loss 1.5313
14:55:20 INFO     Epoch 3/20 | step 1590 | loss 1.2545
14:55:20 INFO     Epoch 3/20 | step 1600 | loss 1.4301
14:55:21 INFO     Epoch 3/20 | step 1610 | loss 1.3006
14:55:21 INFO     Epoch 3/20 | step 1620 | loss 1.5236
14:55:21 INFO     Epoch 3/20 | step 1630 | loss 1.4056
14:55:22 INFO     Epoch 3/20 | step 1640 | loss 1.2534
14:55:22 INFO     Epoch 3/20 | step 1650 | loss 1.2890
14:55:22 INFO     Epoch 3/20 | step 1660 | loss 1.3615
14:55:22 INFO     Epoch 3/20 | step 1670 | loss 1.3390
14:55:23 INFO     Epoch 3/20 | step 1680 | loss 1.3482
14:55:23 INFO     Epoch 3/20 | step 1690 | loss 1.4362
14:55:23 INFO     Epoch 3/20 | step 1700 | loss 1.4483
14:55:24 INFO     Epoch 3/20 | step 1710 | loss 1.3489
14:55:24 INFO     Epoch 3/20 | step 1720 | loss 1.2922
14:55:24 INFO     Epoch 3/20 | step 1730 | loss 1.3373
14:55:25 INFO     Epoch 3/20 | step 1740 | loss 1.2903
14:55:25 INFO     Epoch 3/20 | step 1750 | loss 1.5715
14:55:25 INFO     Epoch 3/20 | step 1760 | loss 1.2984
14:55:25 INFO     Epoch 3/20 | step 1770 | loss 1.3729
14:55:26 INFO     Epoch 3/20 | step 1780 | loss 1.3311
14:55:26 INFO     Epoch 3/20 | step 1790 | loss 1.3816
14:55:26 INFO     Epoch 3/20 | step 1800 | loss 1.5358
14:55:27 INFO     Epoch 3/20 | step 1810 | loss 1.3559
14:55:27 INFO     Epoch 3/20 | step 1820 | loss 1.3764
14:55:27 INFO     Epoch 3/20 | step 1830 | loss 1.3680
14:55:28 INFO     Epoch 3/20 | step 1840 | loss 1.2606
14:55:28 INFO     Epoch 3/20 | step 1850 | loss 1.3287
14:55:28 INFO     Epoch 3/20 | step 1860 | loss 1.4069
14:55:29 INFO     Epoch 3/20 | step 1870 | loss 1.2943
14:55:29 INFO     Epoch 3/20 | step 1880 | loss 1.3653
14:55:29 INFO     Epoch 3/20 | step 1890 | loss 1.3883
14:55:29 INFO     Epoch 3/20 | step 1900 | loss 1.4056
14:55:30 INFO     Epoch 3/20 | step 1910 | loss 1.5360
14:55:30 INFO     Epoch 3/20 | step 1920 | loss 1.3548
14:55:30 INFO     Epoch 3/20 | step 1930 | loss 1.1858
14:55:31 INFO     Epoch 3/20 | step 1940 | loss 1.3619
14:55:31 INFO     Epoch 3/20 | step 1950 | loss 1.2945
14:55:31 INFO     Epoch 3/20 | step 1960 | loss 1.2950
14:55:32 INFO     Epoch 3/20 | step 1970 | loss 1.3763
14:55:32 INFO     Epoch 3/20 | step 1980 | loss 1.4425
14:55:32 INFO     Epoch 3/20 | step 1990 | loss 1.3999
14:55:32 INFO     Epoch 3/20 | step 2000 | loss 1.6569
14:55:33 INFO     Epoch 3/20 | step 2010 | loss 1.3829
14:55:33 INFO     Epoch 3/20 | step 2020 | loss 1.4552
14:55:33 INFO     Epoch 3/20 | step 2030 | loss 1.3733
14:55:34 INFO     Epoch 3/20 | step 2040 | loss 1.4937
14:55:34 INFO     Epoch 3/20 | step 2050 | loss 1.3905
14:55:34 INFO     Epoch 3/20 | step 2060 | loss 1.4417
14:55:35 INFO     Epoch 3/20 | step 2070 | loss 1.3152
14:55:35 INFO     Epoch 3/20 | step 2080 | loss 1.3858
14:55:35 INFO     Epoch 3/20 | step 2090 | loss 1.3618
14:55:36 INFO     Epoch 3/20 | step 2100 | loss 1.5440
14:55:36 INFO     Epoch 3/20 | step 2110 | loss 1.7003
14:55:36 INFO     Epoch 3/20 | step 2120 | loss 1.2611
14:55:36 INFO     Epoch 3/20 | step 2130 | loss 1.3632
14:55:37 INFO     Epoch 3/20 | step 2140 | loss 1.2591
14:55:37 INFO     Epoch 3/20 | step 2150 | loss 1.2803
14:55:37 INFO     Epoch 3/20 | step 2160 | loss 1.3274
14:55:38 INFO     Epoch 3/20 | step 2170 | loss 1.4221
14:55:38 INFO     Epoch 3/20 | step 2180 | loss 1.1656
14:55:38 INFO     Epoch 3/20 | step 2190 | loss 1.3026
14:55:39 INFO     Epoch 3/20 | step 2200 | loss 1.2806
14:55:39 INFO     Epoch 3/20 | step 2210 | loss 1.3682
14:55:39 INFO     Epoch 3/20 | step 2220 | loss 1.2065
14:55:39 INFO     Epoch 3/20 | step 2230 | loss 1.4769
14:55:40 INFO     Epoch 3/20 | step 2240 | loss 1.3869
14:55:40 INFO     Epoch 3/20 | step 2250 | loss 1.5211
14:55:40 INFO     Epoch 3/20 | step 2260 | loss 1.3379
14:55:41 INFO     Epoch 3/20 | step 2270 | loss 1.2335
14:55:41 INFO     Epoch 3/20 | step 2280 | loss 1.3672
14:55:41 INFO     Epoch 3/20 | step 2290 | loss 1.2112
14:55:42 INFO     Epoch 3/20 | step 2300 | loss 1.3384
14:55:42 INFO     Epoch 3/20 | step 2310 | loss 1.2610
14:55:42 INFO     Epoch 3/20 | step 2320 | loss 1.5299
14:55:42 INFO     Epoch 3/20 | step 2330 | loss 1.3571
14:55:43 INFO     Epoch 3/20 | step 2340 | loss 1.2869
14:55:43 INFO     Epoch 3/20 | step 2350 | loss 1.4702
14:55:43 INFO     Epoch 3/20 | step 2360 | loss 1.5103
14:55:44 INFO     Epoch 3/20 | step 2370 | loss 1.3238
14:55:44 INFO     Epoch 3/20 | step 2380 | loss 1.4051
14:55:44 INFO     Epoch 3/20 | step 2390 | loss 1.3464
14:55:45 INFO     Epoch 3/20 | step 2400 | loss 1.1758
14:55:45 INFO     Epoch 3/20 | step 2410 | loss 1.2902
14:55:45 INFO     Epoch 3/20 | step 2420 | loss 1.4023
14:55:46 INFO     Epoch 3/20 | step 2430 | loss 1.3358
14:55:46 INFO     Epoch 3/20 | step 2440 | loss 1.2357
14:55:46 INFO     Epoch 3/20 | step 2450 | loss 1.5500
14:55:46 INFO     Epoch 3/20 | step 2460 | loss 1.2839
14:55:47 INFO     Epoch 3/20 | step 2470 | loss 1.2563
14:55:47 INFO     Epoch 3/20 | step 2480 | loss 1.3280
14:55:47 INFO     Epoch 3/20 | step 2490 | loss 1.3095
14:55:48 INFO     Epoch 3/20 | step 2500 | loss 1.2095
14:55:48 INFO     Epoch 3/20 | step 2510 | loss 1.4467
14:55:48 INFO     Epoch 3/20 | step 2520 | loss 1.1353
14:55:49 INFO     Epoch 3/20 | step 2530 | loss 1.1813
14:55:49 INFO     Epoch 3/20 | step 2540 | loss 1.3023
14:55:49 INFO     Epoch 3/20 | step 2550 | loss 1.3177
14:55:49 INFO     Epoch 3/20 | step 2560 | loss 1.4040
14:55:50 INFO     Epoch 3/20 | step 2570 | loss 1.0644
14:55:50 INFO     Epoch 3/20 | step 2580 | loss 1.3003
14:55:50 INFO     Epoch 3/20 | step 2590 | loss 1.4032
14:55:51 INFO     Epoch 3/20 | step 2600 | loss 1.3830
14:55:51 INFO     Epoch 3/20 | step 2610 | loss 1.1380
14:55:51 INFO     Epoch 3/20 | step 2620 | loss 1.6049
14:55:52 INFO     Epoch 3/20 | step 2630 | loss 1.2775
14:55:52 INFO     Epoch 3/20 | step 2640 | loss 1.2571
14:55:52 INFO     Epoch 3/20 | step 2650 | loss 1.1276
14:55:53 INFO     Epoch 3/20 | step 2660 | loss 1.3115
14:55:53 INFO     Epoch 3/20 | step 2670 | loss 1.4993
14:55:53 INFO     Epoch 3/20 | step 2680 | loss 1.3492
14:55:53 INFO     Epoch 3/20 | step 2690 | loss 1.1748
14:55:54 INFO     Epoch 3/20 | step 2700 | loss 1.2374
14:55:54 INFO     Epoch 3/20 | step 2710 | loss 1.3070
14:55:54 INFO     Epoch 3/20 | step 2720 | loss 1.5098
14:55:55 INFO     Epoch 3/20 | step 2730 | loss 1.3689
14:55:55 INFO     Epoch 3/20 | step 2740 | loss 1.1122
14:55:55 INFO     Epoch 3/20 | step 2750 | loss 1.2115
14:55:56 INFO     Epoch 3/20 | step 2760 | loss 1.3962
14:55:56 INFO     Epoch 3/20 | step 2770 | loss 1.2413
14:55:56 INFO     Epoch 3/20 | step 2780 | loss 1.1927
14:55:56 INFO     Epoch 3/20 | step 2790 | loss 1.5210
14:55:57 INFO     Epoch 3/20 | step 2800 | loss 1.3400
14:55:57 INFO     Epoch 3/20 | step 2810 | loss 1.2730
14:55:57 INFO     Epoch 3/20 | step 2820 | loss 1.2531
14:55:58 INFO     Epoch 3/20 | step 2830 | loss 1.2033
14:55:58 INFO     Epoch 3/20 | step 2840 | loss 1.1842
14:55:58 INFO     Epoch 3/20 | step 2850 | loss 1.3254
14:55:59 INFO     Epoch 3/20 | step 2860 | loss 1.2334
14:55:59 INFO     Epoch 3/20 | step 2870 | loss 1.3187
14:55:59 INFO     Epoch 3/20 | step 2880 | loss 1.3087
14:56:00 INFO     Epoch 3/20 | step 2890 | loss 1.3368
14:56:00 INFO     Epoch 3/20 | step 2900 | loss 1.4007
14:56:00 INFO     Epoch 3/20 | step 2910 | loss 1.3314
14:56:00 INFO     Epoch 3/20 | step 2920 | loss 1.2931
14:56:01 INFO     Epoch 3/20 | step 2930 | loss 1.5043
14:56:01 INFO     Epoch 3/20 | step 2940 | loss 1.3106
14:56:01 INFO     Epoch 3/20 | step 2950 | loss 1.4061
14:56:02 INFO     Epoch 3/20 | step 2960 | loss 1.3212
14:56:02 INFO     Epoch 3/20 | step 2970 | loss 1.3858
14:56:02 INFO     Epoch 3/20 | step 2980 | loss 1.3733
14:56:03 INFO     Epoch 3/20 | step 2990 | loss 1.2256
14:56:03 INFO     Epoch 3/20 | step 3000 | loss 1.4187
14:56:03 INFO     Epoch 3/20 | step 3010 | loss 1.2506
14:56:03 INFO     Epoch 3/20 | step 3020 | loss 1.3307
14:56:04 INFO     Epoch 3/20 | step 3030 | loss 1.4085
14:56:04 INFO     Epoch 3/20 | step 3040 | loss 1.4577
14:56:04 INFO     Epoch 3/20 | step 3050 | loss 1.2366
14:56:05 INFO     Epoch 3/20 | step 3060 | loss 1.4331
14:56:05 INFO     Epoch 3/20 | step 3070 | loss 1.4471
14:56:05 INFO     Epoch 3/20 | step 3080 | loss 1.3243
14:56:06 INFO     Epoch 3/20 | step 3090 | loss 1.4632
14:56:06 INFO     Epoch 3/20 | step 3100 | loss 1.2726
14:56:06 INFO     Epoch 3/20 | step 3110 | loss 1.3361
14:56:06 INFO     Epoch 3/20 | step 3120 | loss 1.3444
14:56:07 INFO     Epoch 3/20 | step 3130 | loss 1.3482
14:56:07 INFO     Epoch 3/20 | step 3140 | loss 1.2960
14:56:07 INFO     Epoch 3/20 | step 3150 | loss 1.2547
14:56:08 INFO     Epoch 3/20 | step 3160 | loss 1.3849
14:56:08 INFO     Epoch 3/20 | step 3170 | loss 1.3013
14:56:08 INFO     Epoch 3/20 | step 3180 | loss 1.2218
14:56:09 INFO     Epoch 3/20 | step 3190 | loss 1.3417
14:56:09 INFO     Epoch 3/20 | step 3200 | loss 1.4253
14:56:09 INFO     Epoch 3/20 | step 3210 | loss 1.4339
14:56:10 INFO     Epoch 3/20 | step 3220 | loss 1.3844
14:56:10 INFO     Epoch 3/20 | step 3230 | loss 1.4864
14:56:10 INFO     Epoch 3/20 | step 3240 | loss 1.2681
14:56:10 INFO     Epoch 3/20 | step 3250 | loss 1.2320
14:56:11 INFO     Epoch 3/20 | step 3260 | loss 1.1508
14:56:11 INFO     Epoch 3/20 | step 3270 | loss 1.4449
14:56:11 INFO     Epoch 3/20 | step 3280 | loss 1.2829
14:56:12 INFO     Epoch 3/20 | step 3290 | loss 1.2341
14:56:12 INFO     Epoch 3/20 | step 3300 | loss 1.2867
14:56:12 INFO     Epoch 3/20 | step 3310 | loss 1.0190
14:56:13 INFO     Epoch 3/20 | step 3320 | loss 1.2093
14:56:13 INFO     Epoch 3/20 | step 3330 | loss 1.1645
14:56:13 INFO     Epoch 3/20 | step 3340 | loss 1.2551
14:56:13 INFO     Epoch 3/20 | step 3350 | loss 1.1135
14:56:14 INFO     Epoch 3/20 | step 3360 | loss 1.2314
14:56:14 INFO     Epoch 3/20 | step 3370 | loss 1.1095
14:56:14 INFO     Epoch 3/20 | step 3380 | loss 1.1131
14:56:15 INFO     Epoch 3/20 | step 3390 | loss 1.1035
14:56:15 INFO     Epoch 3/20 | step 3400 | loss 1.3020
14:56:15 INFO     Epoch 3/20 | step 3410 | loss 1.3122
14:56:16 INFO     Epoch 3/20 | step 3420 | loss 1.4135
14:56:16 INFO     Epoch 3/20 | step 3430 | loss 1.2406
14:56:16 INFO     Epoch 3/20 | step 3440 | loss 1.2533
14:56:17 INFO     Epoch 3/20 | step 3450 | loss 1.2843
14:56:17 INFO     Epoch 3/20 | step 3460 | loss 1.2120
14:56:17 INFO     Epoch 3/20 | step 3470 | loss 1.1365
14:56:17 INFO     Epoch 3/20 | step 3480 | loss 1.3582
14:56:18 INFO     Epoch 3/20 | step 3490 | loss 1.3395
14:56:18 INFO     Epoch 3/20 | step 3500 | loss 1.2276
14:56:18 INFO     Epoch 3/20 | step 3510 | loss 1.1395
14:56:19 INFO     Epoch 3/20 | step 3520 | loss 1.1260
14:56:19 INFO     Epoch 3/20 | step 3530 | loss 1.2665
14:56:19 INFO     Epoch 3/20 | step 3540 | loss 1.2702
14:56:20 INFO     Epoch 3/20 | step 3550 | loss 1.3625
14:56:20 INFO     Epoch 3/20 | step 3560 | loss 1.3412
14:56:20 INFO     Epoch 3/20 | step 3570 | loss 1.2529
14:56:20 INFO     Epoch 3/20 | step 3580 | loss 1.2968
14:56:21 INFO     Epoch 3/20 | step 3590 | loss 1.2544
14:56:21 INFO     Epoch 3/20 | step 3600 | loss 1.2319
14:56:21 INFO     Epoch 3/20 | step 3610 | loss 1.1018
14:56:22 INFO     Epoch 3/20 | step 3620 | loss 1.1514
14:56:22 INFO     Epoch 3/20 | step 3630 | loss 1.1762
14:56:22 INFO     Epoch 3/20 | step 3640 | loss 1.1513
14:56:23 INFO     Epoch 3/20 | step 3650 | loss 1.3183
14:56:23 INFO     Epoch 3/20 | step 3660 | loss 1.3569
14:56:23 INFO     Epoch 3/20 | step 3670 | loss 1.2301
14:56:24 INFO     Epoch 3/20 | step 3680 | loss 1.2132
14:56:24 INFO     Epoch 3/20 | step 3690 | loss 1.1566
14:56:24 INFO     Epoch 3/20 | step 3700 | loss 1.4096
14:56:24 INFO     Epoch 3/20 | step 3710 | loss 1.2316
14:56:25 INFO     Epoch 3/20 | step 3720 | loss 1.2099
14:56:25 INFO     Epoch 3/20 | step 3730 | loss 1.1169
14:56:25 INFO     Epoch 3/20 | step 3740 | loss 1.1515
14:56:26 INFO     Epoch 3/20 | step 3750 | loss 1.1195
14:56:26 INFO     Epoch 3/20 | step 3760 | loss 1.3130
14:56:26 INFO     Epoch 3/20 | step 3770 | loss 1.2579
14:56:27 INFO     Epoch 3/20 | step 3780 | loss 1.2226
14:56:27 INFO     Epoch 3/20 | step 3790 | loss 1.3862
14:56:27 INFO     Epoch 3/20 | step 3800 | loss 1.2976
14:56:27 INFO     Epoch 3/20 | step 3810 | loss 1.1517
14:56:28 INFO     Epoch 3/20 | step 3820 | loss 1.3291
14:56:28 INFO     Epoch 3/20 | step 3830 | loss 1.4015
14:56:28 INFO     Epoch 3/20 | step 3840 | loss 1.4570
14:56:29 INFO     Epoch 3/20 | step 3850 | loss 1.0565
14:56:29 INFO     Epoch 3/20 | step 3860 | loss 1.1996
14:56:29 INFO     Epoch 3/20 | step 3870 | loss 1.1628
14:56:30 INFO     Epoch 3/20 | step 3880 | loss 1.3574
14:56:30 INFO     Epoch 3/20 | step 3890 | loss 1.3121
14:56:30 INFO     Epoch 3/20 | step 3900 | loss 1.1701
14:56:30 INFO     Epoch 3/20 | step 3910 | loss 1.1474
14:56:31 INFO     Epoch 3/20 | step 3920 | loss 1.1145
14:56:31 INFO     Epoch 3/20 | step 3930 | loss 1.2380
14:56:31 INFO     Epoch 3/20 | step 3940 | loss 1.2178
14:56:32 INFO     Epoch 3/20 | step 3950 | loss 1.3100
14:56:32 INFO     Epoch 3/20 | step 3960 | loss 1.3005
14:56:32 INFO     Epoch 3/20 | step 3970 | loss 1.0774
14:56:33 INFO     Epoch 3/20 | step 3980 | loss 1.1772
14:56:33 INFO     Epoch 3/20 | step 3990 | loss 1.2916
14:56:33 INFO     Epoch 3/20 | step 4000 | loss 1.2710
14:56:34 INFO     Epoch 3/20 | step 4010 | loss 1.1778
14:56:34 INFO     Epoch 3/20 | step 4020 | loss 1.2941
14:56:34 INFO     Epoch 3/20 | step 4030 | loss 1.2016
14:56:34 INFO     Epoch 3/20 | step 4040 | loss 1.2080
14:56:35 INFO     Epoch 3/20 | step 4050 | loss 1.3576
14:56:35 INFO     Epoch 3/20 | step 4060 | loss 1.1635
14:56:35 INFO     Epoch 3/20 | step 4070 | loss 1.1305
14:56:36 INFO     Epoch 3/20 | step 4080 | loss 1.2862
14:56:36 INFO     Epoch 3/20 | step 4090 | loss 1.1826
14:56:36 INFO     Epoch 3/20 | step 4100 | loss 1.2658
14:56:37 INFO     Epoch 3/20 | step 4110 | loss 1.3526
14:56:37 INFO     Epoch 3/20 | step 4120 | loss 1.1182
14:56:37 INFO     Epoch 3/20 | step 4130 | loss 1.3086
14:56:37 INFO     Epoch 3/20 | step 4140 | loss 1.1998
14:56:38 INFO     Epoch 3/20 | step 4150 | loss 1.3300
14:56:38 INFO     Epoch 3/20 | step 4160 | loss 1.2144
14:56:38 INFO     Epoch 3/20 | step 4170 | loss 1.1618
14:56:39 INFO     Epoch 3/20 | step 4180 | loss 1.3174
14:56:39 INFO     Epoch 3/20 | step 4190 | loss 1.1234
14:56:39 INFO     Epoch 3/20 | step 4200 | loss 1.1869
14:56:40 INFO     Epoch 3/20 | step 4210 | loss 1.3385
14:56:40 INFO     Epoch 3/20 | step 4220 | loss 1.3401
14:56:40 INFO     Epoch 3/20 | step 4230 | loss 1.1867
14:56:41 INFO     Epoch 3/20 | step 4240 | loss 1.0675
14:56:41 INFO     Epoch 3/20 | step 4250 | loss 1.2595
14:56:41 INFO     Epoch 3/20 | step 4260 | loss 1.2382
14:56:41 INFO     Epoch 3/20 | step 4270 | loss 1.2474
14:56:42 INFO     Epoch 3/20 | step 4280 | loss 1.1755
14:56:42 INFO     Epoch 3/20 | step 4290 | loss 1.2285
14:56:42 INFO     Epoch 3/20 | step 4300 | loss 1.3054
14:56:43 INFO     Epoch 3/20 | step 4310 | loss 1.3869
14:56:43 INFO     Epoch 3/20 | step 4320 | loss 1.2303
14:56:43 INFO     Epoch 3/20 | step 4330 | loss 1.3859
14:56:44 INFO     Epoch 3/20 | step 4340 | loss 1.2546
14:56:44 INFO     Epoch 3/20 | step 4350 | loss 1.2992
14:56:44 INFO     Epoch 3/20 | step 4360 | loss 1.2299
14:56:44 INFO     Epoch 3/20 | step 4370 | loss 1.3291
14:56:45 INFO     Epoch 3/20 | step 4380 | loss 1.2913
14:56:45 INFO     Epoch 3/20 | step 4390 | loss 1.4301
14:56:45 INFO     Epoch 3/20 | step 4400 | loss 1.0763
14:56:46 INFO     Epoch 3/20 | step 4410 | loss 1.1191
14:56:46 INFO     Epoch 3/20 | step 4420 | loss 1.1872
14:56:46 INFO     Epoch 3/20 | step 4430 | loss 1.3688
14:56:47 INFO     Epoch 3/20 | step 4440 | loss 1.1972
14:56:47 INFO     Epoch 3/20 | step 4450 | loss 1.1621
14:56:47 INFO     Epoch 3/20 | step 4460 | loss 1.1310
14:56:48 INFO     Epoch 3/20 | step 4470 | loss 1.2992
14:56:48 INFO     Epoch 3/20 | step 4480 | loss 0.9854
14:56:48 INFO     Epoch 3/20 | step 4490 | loss 1.1486
14:56:48 INFO     Epoch 3/20 | step 4500 | loss 1.1326
14:56:49 INFO     Epoch 3/20 | step 4510 | loss 1.1197
14:56:49 INFO     Epoch 3/20 | step 4520 | loss 1.1671
14:56:49 INFO     Epoch 3/20 | step 4530 | loss 1.0566
14:56:50 INFO     Epoch 3/20 | step 4540 | loss 1.0502
14:56:50 INFO     Epoch 3/20 | step 4550 | loss 1.2839
14:56:50 INFO     Epoch 3/20 | step 4560 | loss 1.1349
14:56:51 INFO     Epoch 3/20 | step 4570 | loss 1.2563
14:56:51 INFO     Epoch 3/20 | step 4580 | loss 1.1076
14:56:51 INFO     Epoch 3/20 | step 4590 | loss 1.1716
14:56:51 INFO     Epoch 3/20 | step 4600 | loss 1.2833
14:56:52 INFO     Epoch 3/20 | step 4610 | loss 1.0591
14:56:52 INFO     Epoch 3/20 | step 4620 | loss 1.1527
14:56:52 INFO     Epoch 3/20 | step 4630 | loss 1.1725
14:56:53 INFO     Epoch 3/20 | step 4640 | loss 1.2811
14:56:53 INFO     Epoch 3/20 | step 4650 | loss 1.3143
14:56:53 INFO     Epoch 3/20 | step 4660 | loss 1.1643
14:56:54 INFO     Epoch 3/20 | step 4670 | loss 1.3322
14:56:54 INFO     Epoch 3/20 | step 4680 | loss 1.1844
14:56:54 INFO     Epoch 3/20 | step 4690 | loss 1.2418
14:56:54 INFO     Epoch 3/20 | step 4700 | loss 1.1347
14:56:55 INFO     Epoch 3/20 | step 4710 | loss 1.1314
14:56:55 INFO     Epoch 3/20 | step 4720 | loss 1.2650
14:56:55 INFO     Epoch 3/20 | step 4730 | loss 1.0726
14:56:56 INFO     Epoch 3/20 | step 4740 | loss 1.4411
14:56:56 INFO     Epoch 3/20 | step 4750 | loss 1.1208
14:56:56 INFO     Epoch 3/20 | step 4760 | loss 1.3346
14:56:57 INFO     Epoch 3/20 | step 4770 | loss 1.1517
14:56:57 INFO     Epoch 3/20 | step 4780 | loss 1.2101
14:56:57 INFO     Epoch 3/20 | step 4790 | loss 1.2384
14:56:58 INFO     Epoch 3/20 | step 4800 | loss 1.2284
14:56:58 INFO     Epoch 3/20 | step 4810 | loss 1.1179
14:56:58 INFO     Epoch 3/20 | step 4820 | loss 1.1717
14:56:58 INFO     Epoch 3/20 | step 4830 | loss 1.3018
14:56:59 INFO     Epoch 3/20 | step 4840 | loss 1.0792
14:56:59 INFO     Epoch 3/20 | step 4850 | loss 1.1444
14:56:59 INFO     Epoch 3/20 | step 4860 | loss 1.2548
14:57:00 INFO     Epoch 3/20 | step 4870 | loss 1.1995
14:57:00 INFO     Epoch 3/20 | step 4880 | loss 1.1863
14:57:00 INFO     Epoch 3/20 | step 4890 | loss 1.1534
14:57:01 INFO     Epoch 3/20 | step 4900 | loss 1.2602
14:57:01 INFO     Epoch 3/20 | step 4910 | loss 1.2143
14:57:01 INFO     Epoch 3/20 | step 4920 | loss 1.0050
14:57:01 INFO     Epoch 3/20 | step 4930 | loss 1.1791
14:57:02 INFO     Epoch 3/20 | step 4940 | loss 1.2523
14:57:02 INFO     Epoch 3/20 | step 4950 | loss 1.2338
14:57:02 INFO     Epoch 3/20 | step 4960 | loss 1.1805
14:57:03 INFO     Epoch 3/20 | step 4970 | loss 1.0591
14:57:03 INFO     Epoch 3/20 | step 4980 | loss 1.0859
14:57:03 INFO     Epoch 3/20 | step 4990 | loss 1.1195
14:57:04 INFO     Epoch 3/20 | step 5000 | loss 1.2258
14:57:04 INFO     Epoch 3/20 | step 5010 | loss 0.9895
14:57:04 INFO     Epoch 3/20 | step 5020 | loss 1.0981
14:57:05 INFO     Epoch 3/20 | step 5030 | loss 1.1036
14:57:05 INFO     Epoch 3/20 | step 5040 | loss 1.3722
14:57:05 INFO     Epoch 3/20 | step 5050 | loss 1.2094
14:57:05 INFO     Epoch 3/20 | step 5060 | loss 1.2566
14:57:06 INFO     Epoch 3/20 | step 5070 | loss 1.3784
14:57:06 INFO     Epoch 3/20 | step 5080 | loss 1.0369
14:57:06 INFO     Epoch 3/20 | step 5090 | loss 1.0208
14:57:07 INFO     Epoch 3/20 | step 5100 | loss 1.2186
14:57:07 INFO     Epoch 3/20 | step 5110 | loss 1.0775
14:57:07 INFO     Epoch 3/20 | step 5120 | loss 1.1466
14:57:08 INFO     Epoch 3/20 | step 5130 | loss 1.1259
14:57:08 INFO     Epoch 3/20 | step 5140 | loss 1.3329
14:57:08 INFO     Epoch 3/20 | step 5150 | loss 1.1711
14:57:08 INFO     Epoch 3/20 | step 5160 | loss 1.0402
14:57:09 INFO     Epoch 3/20 | step 5170 | loss 1.1938
14:57:09 INFO     Epoch 3/20 | step 5180 | loss 0.9850
14:57:09 INFO     Epoch 3/20 | step 5190 | loss 1.1532
14:57:10 INFO     Epoch 3/20 | step 5200 | loss 1.2270
14:57:10 INFO     Epoch 3/20 | step 5210 | loss 1.0151
14:57:10 INFO     Epoch 3/20 | step 5220 | loss 1.0095
14:57:11 INFO     Epoch 3/20 | step 5230 | loss 1.1808
14:57:11 INFO     Epoch 3/20 | step 5240 | loss 1.2696
14:57:11 INFO     Epoch 3/20 | step 5250 | loss 1.1856
14:57:12 INFO     Epoch 3/20 | step 5260 | loss 1.0999
14:57:12 INFO     Epoch 3/20 | step 5270 | loss 1.1617
14:57:12 INFO     Epoch 3/20 | step 5280 | loss 1.3292
14:57:12 INFO     Epoch 3/20 | step 5290 | loss 1.1189
14:57:13 INFO     Epoch 3/20 | step 5300 | loss 1.1734
14:57:13 INFO     Epoch 3/20 | step 5310 | loss 0.9611
14:57:13 INFO     Epoch 3/20 | step 5320 | loss 0.9337
14:57:14 INFO     Epoch 3/20 | step 5330 | loss 1.1290
14:57:14 INFO     Epoch 3/20 | step 5340 | loss 1.1833
14:57:14 INFO     Epoch 3/20 | step 5350 | loss 1.1906
14:57:15 INFO     Epoch 3/20 | step 5360 | loss 1.1053
14:57:15 INFO     Epoch 3/20 | step 5370 | loss 1.2177
14:57:15 INFO     Epoch 3/20 | step 5380 | loss 1.2975
14:57:15 INFO     Epoch 3/20 | step 5390 | loss 1.1711
14:57:16 INFO     Epoch 3/20 | step 5400 | loss 1.2591
14:57:16 INFO     Epoch 3/20 | step 5410 | loss 1.2197
14:57:16 INFO     Epoch 3/20 | step 5420 | loss 1.0721
14:57:17 INFO     Epoch 3/20 | step 5430 | loss 1.2924
14:57:17 INFO     Epoch 3/20 | step 5440 | loss 1.0867
14:57:17 INFO     Epoch 3/20 | step 5450 | loss 1.1213
14:57:18 INFO     Epoch 3/20 | step 5460 | loss 1.1730
14:57:18 INFO     Epoch 3/20 | step 5470 | loss 1.3181
14:57:18 INFO     Epoch 3/20 | step 5480 | loss 1.1835
14:57:18 INFO     Epoch 3/20 | step 5490 | loss 1.1762
14:57:19 INFO     Epoch 3/20 | step 5500 | loss 1.1457
14:57:19 INFO     Epoch 3/20 | step 5510 | loss 1.0372
14:57:19 INFO     Epoch 3/20 | step 5520 | loss 1.0307
14:57:20 INFO     Epoch 3/20 | step 5530 | loss 1.1500
14:57:20 INFO     Epoch 3/20 | step 5540 | loss 1.1510
14:57:20 INFO     Epoch 3/20 | step 5550 | loss 1.0974
14:57:21 INFO     Epoch 3/20 | step 5560 | loss 1.0944
14:57:21 INFO     Epoch 3/20 | step 5570 | loss 1.0552
14:57:21 INFO     Epoch 3/20 | step 5580 | loss 1.1098
14:57:22 INFO     Epoch 3/20 | step 5590 | loss 1.0564
14:57:22 INFO     Epoch 3/20 | step 5600 | loss 1.0701
14:57:22 INFO     Epoch 3/20 | step 5610 | loss 1.1797
14:57:22 INFO     Epoch 3/20 | step 5620 | loss 1.2520
14:57:23 INFO     Epoch 3/20 | step 5630 | loss 1.0652
14:57:23 INFO     Epoch 3/20 | step 5640 | loss 1.1217
14:57:23 INFO     Epoch 3/20 | step 5650 | loss 1.0458
14:57:23 INFO     Epoch 3/20 | avg loss 1.3120
14:57:23 INFO     Epoch 3/20 | new best loss 1.3120 — checkpoint saved
14:57:24 INFO     Epoch 4/20 | step   10 | loss 1.0458
14:57:24 INFO     Epoch 4/20 | step   20 | loss 1.0903
14:57:24 INFO     Epoch 4/20 | step   30 | loss 1.1010
14:57:25 INFO     Epoch 4/20 | step   40 | loss 0.9642
14:57:25 INFO     Epoch 4/20 | step   50 | loss 1.0560
14:57:25 INFO     Epoch 4/20 | step   60 | loss 1.2864
14:57:26 INFO     Epoch 4/20 | step   70 | loss 1.1216
14:57:26 INFO     Epoch 4/20 | step   80 | loss 1.1387
14:57:26 INFO     Epoch 4/20 | step   90 | loss 1.0520
14:57:27 INFO     Epoch 4/20 | step  100 | loss 1.0675
14:57:27 INFO     Epoch 4/20 | step  110 | loss 0.8841
14:57:27 INFO     Epoch 4/20 | step  120 | loss 1.1633
14:57:27 INFO     Epoch 4/20 | step  130 | loss 1.2073
14:57:28 INFO     Epoch 4/20 | step  140 | loss 1.1311
14:57:28 INFO     Epoch 4/20 | step  150 | loss 1.1937
14:57:28 INFO     Epoch 4/20 | step  160 | loss 1.2945
14:57:29 INFO     Epoch 4/20 | step  170 | loss 1.1017
14:57:29 INFO     Epoch 4/20 | step  180 | loss 1.0976
14:57:29 INFO     Epoch 4/20 | step  190 | loss 1.1767
14:57:30 INFO     Epoch 4/20 | step  200 | loss 0.9953
14:57:30 INFO     Epoch 4/20 | step  210 | loss 1.1225
14:57:30 INFO     Epoch 4/20 | step  220 | loss 1.0443
14:57:30 INFO     Epoch 4/20 | step  230 | loss 1.1701
14:57:31 INFO     Epoch 4/20 | step  240 | loss 1.1366
14:57:31 INFO     Epoch 4/20 | step  250 | loss 1.0879
14:57:31 INFO     Epoch 4/20 | step  260 | loss 1.0182
14:57:32 INFO     Epoch 4/20 | step  270 | loss 1.0686
14:57:32 INFO     Epoch 4/20 | step  280 | loss 1.0711
14:57:32 INFO     Epoch 4/20 | step  290 | loss 1.3307
14:57:33 INFO     Epoch 4/20 | step  300 | loss 1.1302
14:57:33 INFO     Epoch 4/20 | step  310 | loss 1.0807
14:57:33 INFO     Epoch 4/20 | step  320 | loss 1.1584
14:57:33 INFO     Epoch 4/20 | step  330 | loss 1.1843
14:57:34 INFO     Epoch 4/20 | step  340 | loss 1.0001
14:57:34 INFO     Epoch 4/20 | step  350 | loss 0.9319
14:57:34 INFO     Epoch 4/20 | step  360 | loss 1.0951
14:57:35 INFO     Epoch 4/20 | step  370 | loss 1.0297
14:57:35 INFO     Epoch 4/20 | step  380 | loss 1.0442
14:57:35 INFO     Epoch 4/20 | step  390 | loss 1.1588
14:57:36 INFO     Epoch 4/20 | step  400 | loss 0.9836
14:57:36 INFO     Epoch 4/20 | step  410 | loss 1.0964
14:57:36 INFO     Epoch 4/20 | step  420 | loss 0.9955
14:57:37 INFO     Epoch 4/20 | step  430 | loss 1.0655
14:57:37 INFO     Epoch 4/20 | step  440 | loss 1.2261
14:57:37 INFO     Epoch 4/20 | step  450 | loss 1.0359
14:57:37 INFO     Epoch 4/20 | step  460 | loss 1.2593
14:57:38 INFO     Epoch 4/20 | step  470 | loss 1.0065
14:57:38 INFO     Epoch 4/20 | step  480 | loss 1.1182
14:57:38 INFO     Epoch 4/20 | step  490 | loss 1.0591
14:57:39 INFO     Epoch 4/20 | step  500 | loss 0.8947
14:57:39 INFO     Epoch 4/20 | step  510 | loss 1.1157
14:57:39 INFO     Epoch 4/20 | step  520 | loss 1.1048
14:57:40 INFO     Epoch 4/20 | step  530 | loss 1.1378
14:57:40 INFO     Epoch 4/20 | step  540 | loss 1.1552
14:57:40 INFO     Epoch 4/20 | step  550 | loss 1.0205
14:57:40 INFO     Epoch 4/20 | step  560 | loss 1.1447
14:57:41 INFO     Epoch 4/20 | step  570 | loss 1.1003
14:57:41 INFO     Epoch 4/20 | step  580 | loss 1.1115
14:57:41 INFO     Epoch 4/20 | step  590 | loss 1.1913
14:57:42 INFO     Epoch 4/20 | step  600 | loss 1.0441
14:57:42 INFO     Epoch 4/20 | step  610 | loss 0.9444
14:57:42 INFO     Epoch 4/20 | step  620 | loss 0.9908
14:57:43 INFO     Epoch 4/20 | step  630 | loss 1.1309
14:57:43 INFO     Epoch 4/20 | step  640 | loss 1.1690
14:57:43 INFO     Epoch 4/20 | step  650 | loss 0.9489
14:57:44 INFO     Epoch 4/20 | step  660 | loss 1.0915
14:57:44 INFO     Epoch 4/20 | step  670 | loss 1.1023
14:57:44 INFO     Epoch 4/20 | step  680 | loss 1.1482
14:57:44 INFO     Epoch 4/20 | step  690 | loss 1.2192
14:57:45 INFO     Epoch 4/20 | step  700 | loss 1.2155
14:57:45 INFO     Epoch 4/20 | step  710 | loss 1.1117
14:57:45 INFO     Epoch 4/20 | step  720 | loss 1.0175
14:57:46 INFO     Epoch 4/20 | step  730 | loss 1.1172
14:57:46 INFO     Epoch 4/20 | step  740 | loss 0.9467
14:57:46 INFO     Epoch 4/20 | step  750 | loss 0.9777
14:57:47 INFO     Epoch 4/20 | step  760 | loss 1.0554
14:57:47 INFO     Epoch 4/20 | step  770 | loss 1.0637
14:57:47 INFO     Epoch 4/20 | step  780 | loss 1.1770
14:57:47 INFO     Epoch 4/20 | step  790 | loss 1.1121
14:57:48 INFO     Epoch 4/20 | step  800 | loss 1.0843
14:57:48 INFO     Epoch 4/20 | step  810 | loss 0.9709
14:57:48 INFO     Epoch 4/20 | step  820 | loss 1.0721
14:57:49 INFO     Epoch 4/20 | step  830 | loss 1.0430
14:57:49 INFO     Epoch 4/20 | step  840 | loss 1.1300
14:57:49 INFO     Epoch 4/20 | step  850 | loss 0.9385
14:57:50 INFO     Epoch 4/20 | step  860 | loss 1.1331
14:57:50 INFO     Epoch 4/20 | step  870 | loss 1.0862
14:57:50 INFO     Epoch 4/20 | step  880 | loss 0.9690
14:57:50 INFO     Epoch 4/20 | step  890 | loss 0.9334
14:57:51 INFO     Epoch 4/20 | step  900 | loss 0.9910
14:57:51 INFO     Epoch 4/20 | step  910 | loss 1.1432
14:57:51 INFO     Epoch 4/20 | step  920 | loss 1.1498
14:57:52 INFO     Epoch 4/20 | step  930 | loss 1.0006
14:57:52 INFO     Epoch 4/20 | step  940 | loss 1.1018
14:57:52 INFO     Epoch 4/20 | step  950 | loss 1.0165
14:57:53 INFO     Epoch 4/20 | step  960 | loss 1.0568
14:57:53 INFO     Epoch 4/20 | step  970 | loss 1.1856
14:57:53 INFO     Epoch 4/20 | step  980 | loss 0.9937
14:57:54 INFO     Epoch 4/20 | step  990 | loss 1.0035
14:57:54 INFO     Epoch 4/20 | step 1000 | loss 1.0338
14:57:54 INFO     Epoch 4/20 | step 1010 | loss 1.0070
14:57:54 INFO     Epoch 4/20 | step 1020 | loss 1.1478
14:57:55 INFO     Epoch 4/20 | step 1030 | loss 1.1019
14:57:55 INFO     Epoch 4/20 | step 1040 | loss 1.1301
14:57:55 INFO     Epoch 4/20 | step 1050 | loss 1.0893
14:57:56 INFO     Epoch 4/20 | step 1060 | loss 1.2091
14:57:56 INFO     Epoch 4/20 | step 1070 | loss 1.0471
14:57:56 INFO     Epoch 4/20 | step 1080 | loss 1.2708
14:57:57 INFO     Epoch 4/20 | step 1090 | loss 0.9726
14:57:57 INFO     Epoch 4/20 | step 1100 | loss 1.0691
14:57:57 INFO     Epoch 4/20 | step 1110 | loss 1.0242
14:57:57 INFO     Epoch 4/20 | step 1120 | loss 1.1968
14:57:58 INFO     Epoch 4/20 | step 1130 | loss 1.0684
14:57:58 INFO     Epoch 4/20 | step 1140 | loss 1.0002
14:57:58 INFO     Epoch 4/20 | step 1150 | loss 1.1235
14:57:59 INFO     Epoch 4/20 | step 1160 | loss 1.1067
14:57:59 INFO     Epoch 4/20 | step 1170 | loss 1.0994
14:57:59 INFO     Epoch 4/20 | step 1180 | loss 1.0769
14:58:00 INFO     Epoch 4/20 | step 1190 | loss 1.1223
14:58:00 INFO     Epoch 4/20 | step 1200 | loss 0.9299
14:58:00 INFO     Epoch 4/20 | step 1210 | loss 1.0742
14:58:01 INFO     Epoch 4/20 | step 1220 | loss 1.0363
14:58:01 INFO     Epoch 4/20 | step 1230 | loss 1.2374
14:58:01 INFO     Epoch 4/20 | step 1240 | loss 1.1130
14:58:01 INFO     Epoch 4/20 | step 1250 | loss 1.0957
14:58:02 INFO     Epoch 4/20 | step 1260 | loss 1.0801
14:58:02 INFO     Epoch 4/20 | step 1270 | loss 1.1199
14:58:02 INFO     Epoch 4/20 | step 1280 | loss 1.0404
14:58:03 INFO     Epoch 4/20 | step 1290 | loss 1.0927
14:58:03 INFO     Epoch 4/20 | step 1300 | loss 1.2373
14:58:03 INFO     Epoch 4/20 | step 1310 | loss 0.8875
14:58:04 INFO     Epoch 4/20 | step 1320 | loss 0.8717
14:58:04 INFO     Epoch 4/20 | step 1330 | loss 0.8365
14:58:04 INFO     Epoch 4/20 | step 1340 | loss 0.9517
14:58:04 INFO     Epoch 4/20 | step 1350 | loss 1.0008
14:58:05 INFO     Epoch 4/20 | step 1360 | loss 1.1921
14:58:05 INFO     Epoch 4/20 | step 1370 | loss 1.0163
14:58:05 INFO     Epoch 4/20 | step 1380 | loss 0.9953
14:58:06 INFO     Epoch 4/20 | step 1390 | loss 0.9142
14:58:06 INFO     Epoch 4/20 | step 1400 | loss 1.0721
14:58:06 INFO     Epoch 4/20 | step 1410 | loss 1.0778
14:58:07 INFO     Epoch 4/20 | step 1420 | loss 0.9847
14:58:07 INFO     Epoch 4/20 | step 1430 | loss 1.1037
14:58:07 INFO     Epoch 4/20 | step 1440 | loss 0.9962
14:58:08 INFO     Epoch 4/20 | step 1450 | loss 0.9415
14:58:08 INFO     Epoch 4/20 | step 1460 | loss 1.0691
14:58:08 INFO     Epoch 4/20 | step 1470 | loss 1.0242
14:58:08 INFO     Epoch 4/20 | step 1480 | loss 1.1759
14:58:09 INFO     Epoch 4/20 | step 1490 | loss 1.0107
14:58:09 INFO     Epoch 4/20 | step 1500 | loss 1.0008
14:58:09 INFO     Epoch 4/20 | step 1510 | loss 1.0996
14:58:10 INFO     Epoch 4/20 | step 1520 | loss 1.0541
14:58:10 INFO     Epoch 4/20 | step 1530 | loss 1.0839
14:58:10 INFO     Epoch 4/20 | step 1540 | loss 0.9904
14:58:11 INFO     Epoch 4/20 | step 1550 | loss 1.0728
14:58:11 INFO     Epoch 4/20 | step 1560 | loss 1.0273
14:58:11 INFO     Epoch 4/20 | step 1570 | loss 1.0054
14:58:11 INFO     Epoch 4/20 | step 1580 | loss 1.0473
14:58:12 INFO     Epoch 4/20 | step 1590 | loss 1.1968
14:58:12 INFO     Epoch 4/20 | step 1600 | loss 0.9445
14:58:12 INFO     Epoch 4/20 | step 1610 | loss 1.1511
14:58:13 INFO     Epoch 4/20 | step 1620 | loss 1.0543
14:58:13 INFO     Epoch 4/20 | step 1630 | loss 0.9362
14:58:13 INFO     Epoch 4/20 | step 1640 | loss 1.1209
14:58:14 INFO     Epoch 4/20 | step 1650 | loss 1.1921
14:58:14 INFO     Epoch 4/20 | step 1660 | loss 1.2324
14:58:14 INFO     Epoch 4/20 | step 1670 | loss 0.9768
14:58:14 INFO     Epoch 4/20 | step 1680 | loss 0.9910
14:58:15 INFO     Epoch 4/20 | step 1690 | loss 1.0714
14:58:15 INFO     Epoch 4/20 | step 1700 | loss 0.9567
14:58:15 INFO     Epoch 4/20 | step 1710 | loss 1.0955
14:58:16 INFO     Epoch 4/20 | step 1720 | loss 1.0073
14:58:16 INFO     Epoch 4/20 | step 1730 | loss 1.0310
14:58:16 INFO     Epoch 4/20 | step 1740 | loss 0.9019
14:58:17 INFO     Epoch 4/20 | step 1750 | loss 0.9922
14:58:17 INFO     Epoch 4/20 | step 1760 | loss 1.1224
14:58:17 INFO     Epoch 4/20 | step 1770 | loss 0.9174
14:58:18 INFO     Epoch 4/20 | step 1780 | loss 0.8804
14:58:18 INFO     Epoch 4/20 | step 1790 | loss 1.0931
14:58:18 INFO     Epoch 4/20 | step 1800 | loss 1.0867
14:58:18 INFO     Epoch 4/20 | step 1810 | loss 1.0458
14:58:19 INFO     Epoch 4/20 | step 1820 | loss 1.0389
14:58:19 INFO     Epoch 4/20 | step 1830 | loss 1.1832
14:58:19 INFO     Epoch 4/20 | step 1840 | loss 0.9610
14:58:20 INFO     Epoch 4/20 | step 1850 | loss 1.0019
14:58:20 INFO     Epoch 4/20 | step 1860 | loss 1.0958
14:58:20 INFO     Epoch 4/20 | step 1870 | loss 0.9285
14:58:21 INFO     Epoch 4/20 | step 1880 | loss 1.0738
14:58:21 INFO     Epoch 4/20 | step 1890 | loss 1.1299
14:58:21 INFO     Epoch 4/20 | step 1900 | loss 1.2001
14:58:21 INFO     Epoch 4/20 | step 1910 | loss 1.0425
14:58:22 INFO     Epoch 4/20 | step 1920 | loss 1.0916
14:58:22 INFO     Epoch 4/20 | step 1930 | loss 1.0649
14:58:22 INFO     Epoch 4/20 | step 1940 | loss 0.9846
14:58:23 INFO     Epoch 4/20 | step 1950 | loss 1.0037
14:58:23 INFO     Epoch 4/20 | step 1960 | loss 1.0604
14:58:23 INFO     Epoch 4/20 | step 1970 | loss 1.0527
14:58:24 INFO     Epoch 4/20 | step 1980 | loss 1.0056
14:58:24 INFO     Epoch 4/20 | step 1990 | loss 1.0528
14:58:24 INFO     Epoch 4/20 | step 2000 | loss 0.9842
14:58:25 INFO     Epoch 4/20 | step 2010 | loss 1.0810
14:58:25 INFO     Epoch 4/20 | step 2020 | loss 0.9413
14:58:25 INFO     Epoch 4/20 | step 2030 | loss 1.0970
14:58:25 INFO     Epoch 4/20 | step 2040 | loss 0.9477
14:58:26 INFO     Epoch 4/20 | step 2050 | loss 0.8484
14:58:26 INFO     Epoch 4/20 | step 2060 | loss 0.9492
14:58:26 INFO     Epoch 4/20 | step 2070 | loss 0.9644
14:58:27 INFO     Epoch 4/20 | step 2080 | loss 0.9688
14:58:27 INFO     Epoch 4/20 | step 2090 | loss 1.0354
14:58:27 INFO     Epoch 4/20 | step 2100 | loss 0.9377
14:58:28 INFO     Epoch 4/20 | step 2110 | loss 0.9468
14:58:28 INFO     Epoch 4/20 | step 2120 | loss 0.9244
14:58:28 INFO     Epoch 4/20 | step 2130 | loss 1.2069
14:58:28 INFO     Epoch 4/20 | step 2140 | loss 1.0717
14:58:29 INFO     Epoch 4/20 | step 2150 | loss 1.0447
14:58:29 INFO     Epoch 4/20 | step 2160 | loss 1.0765
14:58:29 INFO     Epoch 4/20 | step 2170 | loss 1.0617
14:58:30 INFO     Epoch 4/20 | step 2180 | loss 0.9801
14:58:30 INFO     Epoch 4/20 | step 2190 | loss 1.1450
14:58:30 INFO     Epoch 4/20 | step 2200 | loss 1.0287
14:58:31 INFO     Epoch 4/20 | step 2210 | loss 1.0667
14:58:31 INFO     Epoch 4/20 | step 2220 | loss 0.9411
14:58:31 INFO     Epoch 4/20 | step 2230 | loss 0.8790
14:58:32 INFO     Epoch 4/20 | step 2240 | loss 0.9144
14:58:32 INFO     Epoch 4/20 | step 2250 | loss 0.9869
14:58:32 INFO     Epoch 4/20 | step 2260 | loss 1.0820
14:58:32 INFO     Epoch 4/20 | step 2270 | loss 1.1718
14:58:33 INFO     Epoch 4/20 | step 2280 | loss 0.9670
14:58:33 INFO     Epoch 4/20 | step 2290 | loss 1.0428
14:58:33 INFO     Epoch 4/20 | step 2300 | loss 0.8633
14:58:34 INFO     Epoch 4/20 | step 2310 | loss 0.9095
14:58:34 INFO     Epoch 4/20 | step 2320 | loss 0.8361
14:58:34 INFO     Epoch 4/20 | step 2330 | loss 1.0117
14:58:35 INFO     Epoch 4/20 | step 2340 | loss 1.0141
14:58:35 INFO     Epoch 4/20 | step 2350 | loss 0.9915
14:58:35 INFO     Epoch 4/20 | step 2360 | loss 0.9391
14:58:35 INFO     Epoch 4/20 | step 2370 | loss 0.9418
14:58:36 INFO     Epoch 4/20 | step 2380 | loss 0.9672
14:58:36 INFO     Epoch 4/20 | step 2390 | loss 0.9805
14:58:36 INFO     Epoch 4/20 | step 2400 | loss 1.0101
14:58:37 INFO     Epoch 4/20 | step 2410 | loss 1.0128
14:58:37 INFO     Epoch 4/20 | step 2420 | loss 1.0478
14:58:37 INFO     Epoch 4/20 | step 2430 | loss 0.9417
14:58:38 INFO     Epoch 4/20 | step 2440 | loss 0.9304
14:58:38 INFO     Epoch 4/20 | step 2450 | loss 0.9800
14:58:38 INFO     Epoch 4/20 | step 2460 | loss 1.0351
14:58:38 INFO     Epoch 4/20 | step 2470 | loss 0.7767
14:58:39 INFO     Epoch 4/20 | step 2480 | loss 1.0790
14:58:39 INFO     Epoch 4/20 | step 2490 | loss 1.1956
14:58:39 INFO     Epoch 4/20 | step 2500 | loss 1.1219
14:58:40 INFO     Epoch 4/20 | step 2510 | loss 0.9920
14:58:40 INFO     Epoch 4/20 | step 2520 | loss 1.2403
14:58:40 INFO     Epoch 4/20 | step 2530 | loss 0.8320
14:58:41 INFO     Epoch 4/20 | step 2540 | loss 1.1225
14:58:41 INFO     Epoch 4/20 | step 2550 | loss 1.1337
14:58:41 INFO     Epoch 4/20 | step 2560 | loss 1.0186
14:58:42 INFO     Epoch 4/20 | step 2570 | loss 0.9429
14:58:42 INFO     Epoch 4/20 | step 2580 | loss 1.1097
14:58:42 INFO     Epoch 4/20 | step 2590 | loss 0.9453
14:58:42 INFO     Epoch 4/20 | step 2600 | loss 1.0540
14:58:43 INFO     Epoch 4/20 | step 2610 | loss 1.0561
14:58:43 INFO     Epoch 4/20 | step 2620 | loss 1.0403
14:58:43 INFO     Epoch 4/20 | step 2630 | loss 0.9075
14:58:44 INFO     Epoch 4/20 | step 2640 | loss 1.0153
14:58:44 INFO     Epoch 4/20 | step 2650 | loss 1.0435
14:58:44 INFO     Epoch 4/20 | step 2660 | loss 1.0231
14:58:45 INFO     Epoch 4/20 | step 2670 | loss 0.9220
14:58:45 INFO     Epoch 4/20 | step 2680 | loss 1.0753
14:58:45 INFO     Epoch 4/20 | step 2690 | loss 1.0456
14:58:45 INFO     Epoch 4/20 | step 2700 | loss 0.9702
14:58:46 INFO     Epoch 4/20 | step 2710 | loss 0.9304
14:58:46 INFO     Epoch 4/20 | step 2720 | loss 0.9359
14:58:46 INFO     Epoch 4/20 | step 2730 | loss 1.0261
14:58:47 INFO     Epoch 4/20 | step 2740 | loss 1.0284
14:58:47 INFO     Epoch 4/20 | step 2750 | loss 1.0305
14:58:47 INFO     Epoch 4/20 | step 2760 | loss 0.9467
14:58:48 INFO     Epoch 4/20 | step 2770 | loss 0.9438
14:58:48 INFO     Epoch 4/20 | step 2780 | loss 0.9517
14:58:48 INFO     Epoch 4/20 | step 2790 | loss 0.9776
14:58:49 INFO     Epoch 4/20 | step 2800 | loss 1.1016
14:58:49 INFO     Epoch 4/20 | step 2810 | loss 1.0088
14:58:49 INFO     Epoch 4/20 | step 2820 | loss 1.0618
14:58:49 INFO     Epoch 4/20 | step 2830 | loss 0.8610
14:58:50 INFO     Epoch 4/20 | step 2840 | loss 1.0351
14:58:50 INFO     Epoch 4/20 | step 2850 | loss 0.8586
14:58:50 INFO     Epoch 4/20 | step 2860 | loss 1.0662
14:58:51 INFO     Epoch 4/20 | step 2870 | loss 0.8443
14:58:51 INFO     Epoch 4/20 | step 2880 | loss 0.8361
14:58:51 INFO     Epoch 4/20 | step 2890 | loss 1.0349
14:58:52 INFO     Epoch 4/20 | step 2900 | loss 0.8314
14:58:52 INFO     Epoch 4/20 | step 2910 | loss 0.9445
14:58:52 INFO     Epoch 4/20 | step 2920 | loss 1.0151
14:58:52 INFO     Epoch 4/20 | step 2930 | loss 0.9182
14:58:53 INFO     Epoch 4/20 | step 2940 | loss 0.9993
14:58:53 INFO     Epoch 4/20 | step 2950 | loss 0.8906
14:58:53 INFO     Epoch 4/20 | step 2960 | loss 0.9358
14:58:54 INFO     Epoch 4/20 | step 2970 | loss 1.1612
14:58:54 INFO     Epoch 4/20 | step 2980 | loss 0.7465
14:58:54 INFO     Epoch 4/20 | step 2990 | loss 1.0165
14:58:55 INFO     Epoch 4/20 | step 3000 | loss 0.8711
14:58:55 INFO     Epoch 4/20 | step 3010 | loss 0.9166
14:58:55 INFO     Epoch 4/20 | step 3020 | loss 0.9850
14:58:56 INFO     Epoch 4/20 | step 3030 | loss 0.8094
14:58:56 INFO     Epoch 4/20 | step 3040 | loss 1.0502
14:58:56 INFO     Epoch 4/20 | step 3050 | loss 1.0417
14:58:56 INFO     Epoch 4/20 | step 3060 | loss 0.8248
14:58:57 INFO     Epoch 4/20 | step 3070 | loss 1.0113
14:58:57 INFO     Epoch 4/20 | step 3080 | loss 0.9249
14:58:57 INFO     Epoch 4/20 | step 3090 | loss 0.9377
14:58:58 INFO     Epoch 4/20 | step 3100 | loss 0.9672
14:58:58 INFO     Epoch 4/20 | step 3110 | loss 0.9189
14:58:58 INFO     Epoch 4/20 | step 3120 | loss 0.9196
14:58:59 INFO     Epoch 4/20 | step 3130 | loss 1.0062
14:58:59 INFO     Epoch 4/20 | step 3140 | loss 1.0645
14:58:59 INFO     Epoch 4/20 | step 3150 | loss 1.0247
14:58:59 INFO     Epoch 4/20 | step 3160 | loss 1.0280
14:59:00 INFO     Epoch 4/20 | step 3170 | loss 0.8842
14:59:00 INFO     Epoch 4/20 | step 3180 | loss 0.9869
14:59:00 INFO     Epoch 4/20 | step 3190 | loss 0.9082
14:59:01 INFO     Epoch 4/20 | step 3200 | loss 1.0181
14:59:01 INFO     Epoch 4/20 | step 3210 | loss 1.0345
14:59:01 INFO     Epoch 4/20 | step 3220 | loss 0.9249
14:59:02 INFO     Epoch 4/20 | step 3230 | loss 0.9189
14:59:02 INFO     Epoch 4/20 | step 3240 | loss 1.0203
14:59:02 INFO     Epoch 4/20 | step 3250 | loss 0.9707
14:59:02 INFO     Epoch 4/20 | step 3260 | loss 0.9380
14:59:03 INFO     Epoch 4/20 | step 3270 | loss 1.1362
14:59:03 INFO     Epoch 4/20 | step 3280 | loss 1.0190
14:59:03 INFO     Epoch 4/20 | step 3290 | loss 1.0350
14:59:04 INFO     Epoch 4/20 | step 3300 | loss 1.0247
14:59:04 INFO     Epoch 4/20 | step 3310 | loss 0.9251
14:59:04 INFO     Epoch 4/20 | step 3320 | loss 0.9292
14:59:05 INFO     Epoch 4/20 | step 3330 | loss 0.8980
14:59:05 INFO     Epoch 4/20 | step 3340 | loss 0.9337
14:59:05 INFO     Epoch 4/20 | step 3350 | loss 1.0630
14:59:06 INFO     Epoch 4/20 | step 3360 | loss 0.9036
14:59:06 INFO     Epoch 4/20 | step 3370 | loss 0.9046
14:59:06 INFO     Epoch 4/20 | step 3380 | loss 1.0027
14:59:06 INFO     Epoch 4/20 | step 3390 | loss 0.9693
14:59:07 INFO     Epoch 4/20 | step 3400 | loss 0.9623
14:59:07 INFO     Epoch 4/20 | step 3410 | loss 1.1000
14:59:07 INFO     Epoch 4/20 | step 3420 | loss 1.0416
14:59:08 INFO     Epoch 4/20 | step 3430 | loss 1.0056
14:59:08 INFO     Epoch 4/20 | step 3440 | loss 0.9161
14:59:08 INFO     Epoch 4/20 | step 3450 | loss 0.9449
14:59:09 INFO     Epoch 4/20 | step 3460 | loss 1.0974
14:59:09 INFO     Epoch 4/20 | step 3470 | loss 1.0195
14:59:09 INFO     Epoch 4/20 | step 3480 | loss 0.9087
14:59:09 INFO     Epoch 4/20 | step 3490 | loss 0.9035
14:59:10 INFO     Epoch 4/20 | step 3500 | loss 0.9133
14:59:10 INFO     Epoch 4/20 | step 3510 | loss 0.9119
14:59:10 INFO     Epoch 4/20 | step 3520 | loss 0.9000
14:59:11 INFO     Epoch 4/20 | step 3530 | loss 1.0034
14:59:11 INFO     Epoch 4/20 | step 3540 | loss 1.0693
14:59:11 INFO     Epoch 4/20 | step 3550 | loss 1.0531
14:59:12 INFO     Epoch 4/20 | step 3560 | loss 0.9651
14:59:12 INFO     Epoch 4/20 | step 3570 | loss 0.8968
14:59:12 INFO     Epoch 4/20 | step 3580 | loss 0.8741
14:59:13 INFO     Epoch 4/20 | step 3590 | loss 1.0509
14:59:13 INFO     Epoch 4/20 | step 3600 | loss 0.9064
14:59:13 INFO     Epoch 4/20 | step 3610 | loss 0.9175
14:59:13 INFO     Epoch 4/20 | step 3620 | loss 0.9078
14:59:14 INFO     Epoch 4/20 | step 3630 | loss 1.0298
14:59:14 INFO     Epoch 4/20 | step 3640 | loss 1.0531
14:59:14 INFO     Epoch 4/20 | step 3650 | loss 0.9611
14:59:15 INFO     Epoch 4/20 | step 3660 | loss 0.9930
14:59:15 INFO     Epoch 4/20 | step 3670 | loss 0.9526
14:59:15 INFO     Epoch 4/20 | step 3680 | loss 0.8950
14:59:16 INFO     Epoch 4/20 | step 3690 | loss 0.7631
14:59:16 INFO     Epoch 4/20 | step 3700 | loss 0.8486
14:59:16 INFO     Epoch 4/20 | step 3710 | loss 0.9426
14:59:16 INFO     Epoch 4/20 | step 3720 | loss 0.8585
14:59:17 INFO     Epoch 4/20 | step 3730 | loss 1.0350
14:59:17 INFO     Epoch 4/20 | step 3740 | loss 1.0115
14:59:17 INFO     Epoch 4/20 | step 3750 | loss 0.9144
14:59:18 INFO     Epoch 4/20 | step 3760 | loss 1.0454
14:59:18 INFO     Epoch 4/20 | step 3770 | loss 0.9885
14:59:18 INFO     Epoch 4/20 | step 3780 | loss 1.0307
14:59:19 INFO     Epoch 4/20 | step 3790 | loss 1.0078
14:59:19 INFO     Epoch 4/20 | step 3800 | loss 1.1227
14:59:19 INFO     Epoch 4/20 | step 3810 | loss 0.8833
14:59:19 INFO     Epoch 4/20 | step 3820 | loss 0.9933
14:59:20 INFO     Epoch 4/20 | step 3830 | loss 0.9527
14:59:20 INFO     Epoch 4/20 | step 3840 | loss 1.0563
14:59:20 INFO     Epoch 4/20 | step 3850 | loss 1.0143
14:59:21 INFO     Epoch 4/20 | step 3860 | loss 1.0527
14:59:21 INFO     Epoch 4/20 | step 3870 | loss 0.9579
14:59:21 INFO     Epoch 4/20 | step 3880 | loss 0.9659
14:59:22 INFO     Epoch 4/20 | step 3890 | loss 0.9600
14:59:22 INFO     Epoch 4/20 | step 3900 | loss 1.0667
14:59:22 INFO     Epoch 4/20 | step 3910 | loss 0.9545
14:59:23 INFO     Epoch 4/20 | step 3920 | loss 0.8766
14:59:23 INFO     Epoch 4/20 | step 3930 | loss 1.0652
14:59:23 INFO     Epoch 4/20 | step 3940 | loss 0.8821
14:59:23 INFO     Epoch 4/20 | step 3950 | loss 1.0182
14:59:24 INFO     Epoch 4/20 | step 3960 | loss 0.9389
14:59:24 INFO     Epoch 4/20 | step 3970 | loss 0.9883
14:59:24 INFO     Epoch 4/20 | step 3980 | loss 0.8445
14:59:25 INFO     Epoch 4/20 | step 3990 | loss 1.1566
14:59:25 INFO     Epoch 4/20 | step 4000 | loss 1.0120
14:59:25 INFO     Epoch 4/20 | step 4010 | loss 0.9011
14:59:26 INFO     Epoch 4/20 | step 4020 | loss 0.8596
14:59:26 INFO     Epoch 4/20 | step 4030 | loss 0.9582
14:59:26 INFO     Epoch 4/20 | step 4040 | loss 0.9122
14:59:26 INFO     Epoch 4/20 | step 4050 | loss 1.0485
14:59:27 INFO     Epoch 4/20 | step 4060 | loss 0.9484
14:59:27 INFO     Epoch 4/20 | step 4070 | loss 1.0356
14:59:27 INFO     Epoch 4/20 | step 4080 | loss 1.0275
14:59:28 INFO     Epoch 4/20 | step 4090 | loss 1.0174
14:59:28 INFO     Epoch 4/20 | step 4100 | loss 0.9679
14:59:28 INFO     Epoch 4/20 | step 4110 | loss 1.0423
14:59:29 INFO     Epoch 4/20 | step 4120 | loss 0.9562
14:59:29 INFO     Epoch 4/20 | step 4130 | loss 0.9393
14:59:29 INFO     Epoch 4/20 | step 4140 | loss 0.9707
14:59:30 INFO     Epoch 4/20 | step 4150 | loss 1.0502
14:59:30 INFO     Epoch 4/20 | step 4160 | loss 0.9642
14:59:30 INFO     Epoch 4/20 | step 4170 | loss 0.9318
14:59:30 INFO     Epoch 4/20 | step 4180 | loss 0.8959
14:59:31 INFO     Epoch 4/20 | step 4190 | loss 1.0022
14:59:31 INFO     Epoch 4/20 | step 4200 | loss 1.0276
14:59:31 INFO     Epoch 4/20 | step 4210 | loss 1.0796
14:59:32 INFO     Epoch 4/20 | step 4220 | loss 0.8948
14:59:32 INFO     Epoch 4/20 | step 4230 | loss 0.9266
14:59:32 INFO     Epoch 4/20 | step 4240 | loss 1.0323
14:59:33 INFO     Epoch 4/20 | step 4250 | loss 0.9107
14:59:33 INFO     Epoch 4/20 | step 4260 | loss 0.8673
14:59:33 INFO     Epoch 4/20 | step 4270 | loss 0.8982
14:59:33 INFO     Epoch 4/20 | step 4280 | loss 1.0833
14:59:34 INFO     Epoch 4/20 | step 4290 | loss 0.9892
14:59:34 INFO     Epoch 4/20 | step 4300 | loss 0.8511
14:59:34 INFO     Epoch 4/20 | step 4310 | loss 0.7699
14:59:35 INFO     Epoch 4/20 | step 4320 | loss 0.8181
14:59:35 INFO     Epoch 4/20 | step 4330 | loss 1.0026
14:59:35 INFO     Epoch 4/20 | step 4340 | loss 0.9646
14:59:36 INFO     Epoch 4/20 | step 4350 | loss 0.9655
14:59:36 INFO     Epoch 4/20 | step 4360 | loss 1.0858
14:59:36 INFO     Epoch 4/20 | step 4370 | loss 0.9045
14:59:36 INFO     Epoch 4/20 | step 4380 | loss 0.8337
14:59:37 INFO     Epoch 4/20 | step 4390 | loss 0.8353
14:59:37 INFO     Epoch 4/20 | step 4400 | loss 0.8551
14:59:37 INFO     Epoch 4/20 | step 4410 | loss 0.9964
14:59:38 INFO     Epoch 4/20 | step 4420 | loss 1.0177
14:59:38 INFO     Epoch 4/20 | step 4430 | loss 0.8382
14:59:38 INFO     Epoch 4/20 | step 4440 | loss 0.9113
14:59:39 INFO     Epoch 4/20 | step 4450 | loss 0.8654
14:59:39 INFO     Epoch 4/20 | step 4460 | loss 0.9382
14:59:39 INFO     Epoch 4/20 | step 4470 | loss 0.9508
14:59:40 INFO     Epoch 4/20 | step 4480 | loss 0.8218
14:59:40 INFO     Epoch 4/20 | step 4490 | loss 0.9390
14:59:40 INFO     Epoch 4/20 | step 4500 | loss 1.0752
14:59:40 INFO     Epoch 4/20 | step 4510 | loss 0.9615
14:59:41 INFO     Epoch 4/20 | step 4520 | loss 0.9456
14:59:41 INFO     Epoch 4/20 | step 4530 | loss 0.9092
14:59:41 INFO     Epoch 4/20 | step 4540 | loss 0.9430
14:59:42 INFO     Epoch 4/20 | step 4550 | loss 0.7699
14:59:42 INFO     Epoch 4/20 | step 4560 | loss 0.9360
14:59:42 INFO     Epoch 4/20 | step 4570 | loss 0.8053
14:59:43 INFO     Epoch 4/20 | step 4580 | loss 0.7675
14:59:43 INFO     Epoch 4/20 | step 4590 | loss 0.8964
14:59:43 INFO     Epoch 4/20 | step 4600 | loss 0.9597
14:59:43 INFO     Epoch 4/20 | step 4610 | loss 0.9213
14:59:44 INFO     Epoch 4/20 | step 4620 | loss 0.9890
14:59:44 INFO     Epoch 4/20 | step 4630 | loss 1.0586
14:59:44 INFO     Epoch 4/20 | step 4640 | loss 0.9340
14:59:45 INFO     Epoch 4/20 | step 4650 | loss 0.8577
14:59:45 INFO     Epoch 4/20 | step 4660 | loss 0.8899
14:59:45 INFO     Epoch 4/20 | step 4670 | loss 0.8525
14:59:46 INFO     Epoch 4/20 | step 4680 | loss 0.9201
14:59:46 INFO     Epoch 4/20 | step 4690 | loss 0.9550
14:59:46 INFO     Epoch 4/20 | step 4700 | loss 0.9656
14:59:47 INFO     Epoch 4/20 | step 4710 | loss 0.8915
14:59:47 INFO     Epoch 4/20 | step 4720 | loss 0.9075
14:59:47 INFO     Epoch 4/20 | step 4730 | loss 1.0495
14:59:47 INFO     Epoch 4/20 | step 4740 | loss 0.8255
14:59:48 INFO     Epoch 4/20 | step 4750 | loss 0.9620
14:59:48 INFO     Epoch 4/20 | step 4760 | loss 0.9866
14:59:48 INFO     Epoch 4/20 | step 4770 | loss 1.0693
14:59:49 INFO     Epoch 4/20 | step 4780 | loss 1.2107
14:59:49 INFO     Epoch 4/20 | step 4790 | loss 0.8883
14:59:49 INFO     Epoch 4/20 | step 4800 | loss 0.9183
14:59:50 INFO     Epoch 4/20 | step 4810 | loss 1.0571
14:59:50 INFO     Epoch 4/20 | step 4820 | loss 0.8268
14:59:50 INFO     Epoch 4/20 | step 4830 | loss 0.8970
14:59:50 INFO     Epoch 4/20 | step 4840 | loss 0.8990
14:59:51 INFO     Epoch 4/20 | step 4850 | loss 0.8423
14:59:51 INFO     Epoch 4/20 | step 4860 | loss 0.8696
14:59:51 INFO     Epoch 4/20 | step 4870 | loss 0.8431
14:59:52 INFO     Epoch 4/20 | step 4880 | loss 0.9435
14:59:52 INFO     Epoch 4/20 | step 4890 | loss 0.8295
14:59:52 INFO     Epoch 4/20 | step 4900 | loss 0.9812
14:59:53 INFO     Epoch 4/20 | step 4910 | loss 0.9883
14:59:53 INFO     Epoch 4/20 | step 4920 | loss 0.9568
14:59:53 INFO     Epoch 4/20 | step 4930 | loss 0.9922
14:59:53 INFO     Epoch 4/20 | step 4940 | loss 0.7705
14:59:54 INFO     Epoch 4/20 | step 4950 | loss 0.8141
14:59:54 INFO     Epoch 4/20 | step 4960 | loss 0.8876
14:59:54 INFO     Epoch 4/20 | step 4970 | loss 0.8580
14:59:55 INFO     Epoch 4/20 | step 4980 | loss 0.9547
14:59:55 INFO     Epoch 4/20 | step 4990 | loss 0.7802
14:59:55 INFO     Epoch 4/20 | step 5000 | loss 0.9425
14:59:56 INFO     Epoch 4/20 | step 5010 | loss 0.8434
14:59:56 INFO     Epoch 4/20 | step 5020 | loss 0.9253
14:59:56 INFO     Epoch 4/20 | step 5030 | loss 1.1071
14:59:57 INFO     Epoch 4/20 | step 5040 | loss 0.8134
14:59:57 INFO     Epoch 4/20 | step 5050 | loss 0.9104
14:59:57 INFO     Epoch 4/20 | step 5060 | loss 0.9584
14:59:57 INFO     Epoch 4/20 | step 5070 | loss 0.8370
14:59:58 INFO     Epoch 4/20 | step 5080 | loss 0.9077
14:59:58 INFO     Epoch 4/20 | step 5090 | loss 0.7353
14:59:58 INFO     Epoch 4/20 | step 5100 | loss 0.9721
14:59:59 INFO     Epoch 4/20 | step 5110 | loss 0.9289
14:59:59 INFO     Epoch 4/20 | step 5120 | loss 0.9276
14:59:59 INFO     Epoch 4/20 | step 5130 | loss 0.8439
15:00:00 INFO     Epoch 4/20 | step 5140 | loss 0.8473
15:00:00 INFO     Epoch 4/20 | step 5150 | loss 0.9477
15:00:00 INFO     Epoch 4/20 | step 5160 | loss 0.8505
15:00:00 INFO     Epoch 4/20 | step 5170 | loss 0.9866
15:00:01 INFO     Epoch 4/20 | step 5180 | loss 0.8156
15:00:01 INFO     Epoch 4/20 | step 5190 | loss 0.8987
15:00:01 INFO     Epoch 4/20 | step 5200 | loss 0.8935
15:00:02 INFO     Epoch 4/20 | step 5210 | loss 0.9160
15:00:02 INFO     Epoch 4/20 | step 5220 | loss 0.9338
15:00:02 INFO     Epoch 4/20 | step 5230 | loss 0.9327
15:00:03 INFO     Epoch 4/20 | step 5240 | loss 0.8736
15:00:03 INFO     Epoch 4/20 | step 5250 | loss 0.9621
15:00:03 INFO     Epoch 4/20 | step 5260 | loss 0.9474
15:00:04 INFO     Epoch 4/20 | step 5270 | loss 1.0287
15:00:04 INFO     Epoch 4/20 | step 5280 | loss 0.9915
15:00:04 INFO     Epoch 4/20 | step 5290 | loss 0.9697
15:00:04 INFO     Epoch 4/20 | step 5300 | loss 0.9049
15:00:05 INFO     Epoch 4/20 | step 5310 | loss 0.8840
15:00:05 INFO     Epoch 4/20 | step 5320 | loss 0.7884
15:00:05 INFO     Epoch 4/20 | step 5330 | loss 0.8694
15:00:06 INFO     Epoch 4/20 | step 5340 | loss 0.8158
15:00:06 INFO     Epoch 4/20 | step 5350 | loss 0.9603
15:00:06 INFO     Epoch 4/20 | step 5360 | loss 0.9383
15:00:07 INFO     Epoch 4/20 | step 5370 | loss 0.9543
15:00:07 INFO     Epoch 4/20 | step 5380 | loss 0.9092
15:00:07 INFO     Epoch 4/20 | step 5390 | loss 0.8199
15:00:07 INFO     Epoch 4/20 | step 5400 | loss 0.9495
15:00:08 INFO     Epoch 4/20 | step 5410 | loss 0.8488
15:00:08 INFO     Epoch 4/20 | step 5420 | loss 0.8124
15:00:08 INFO     Epoch 4/20 | step 5430 | loss 0.8851
15:00:09 INFO     Epoch 4/20 | step 5440 | loss 0.8631
15:00:09 INFO     Epoch 4/20 | step 5450 | loss 0.9417
15:00:09 INFO     Epoch 4/20 | step 5460 | loss 0.8850
15:00:10 INFO     Epoch 4/20 | step 5470 | loss 0.9697
15:00:10 INFO     Epoch 4/20 | step 5480 | loss 0.8552
15:00:10 INFO     Epoch 4/20 | step 5490 | loss 0.9465
15:00:10 INFO     Epoch 4/20 | step 5500 | loss 1.0228
15:00:11 INFO     Epoch 4/20 | step 5510 | loss 1.1611
15:00:11 INFO     Epoch 4/20 | step 5520 | loss 0.9643
15:00:11 INFO     Epoch 4/20 | step 5530 | loss 0.9251
15:00:12 INFO     Epoch 4/20 | step 5540 | loss 0.8147
15:00:12 INFO     Epoch 4/20 | step 5550 | loss 0.9016
15:00:12 INFO     Epoch 4/20 | step 5560 | loss 0.8014
15:00:13 INFO     Epoch 4/20 | step 5570 | loss 0.8566
15:00:13 INFO     Epoch 4/20 | step 5580 | loss 0.9335
15:00:13 INFO     Epoch 4/20 | step 5590 | loss 1.0026
15:00:14 INFO     Epoch 4/20 | step 5600 | loss 0.8644
15:00:14 INFO     Epoch 4/20 | step 5610 | loss 0.8878
15:00:14 INFO     Epoch 4/20 | step 5620 | loss 0.9070
15:00:14 INFO     Epoch 4/20 | step 5630 | loss 0.7383
15:00:15 INFO     Epoch 4/20 | step 5640 | loss 0.8925
15:00:15 INFO     Epoch 4/20 | step 5650 | loss 0.9046
15:00:15 INFO     Epoch 4/20 | avg loss 0.9917
15:00:15 INFO     Epoch 4/20 | new best loss 0.9917 — checkpoint saved
15:00:15 INFO     Epoch 5/20 | step   10 | loss 0.9514
15:00:16 INFO     Epoch 5/20 | step   20 | loss 0.9177
15:00:16 INFO     Epoch 5/20 | step   30 | loss 1.0081
15:00:16 INFO     Epoch 5/20 | step   40 | loss 0.8065
15:00:17 INFO     Epoch 5/20 | step   50 | loss 0.8671
15:00:17 INFO     Epoch 5/20 | step   60 | loss 0.8947
15:00:17 INFO     Epoch 5/20 | step   70 | loss 0.7154
15:00:18 INFO     Epoch 5/20 | step   80 | loss 0.9068
15:00:18 INFO     Epoch 5/20 | step   90 | loss 0.8735
15:00:18 INFO     Epoch 5/20 | step  100 | loss 0.8203
15:00:19 INFO     Epoch 5/20 | step  110 | loss 1.0016
15:00:19 INFO     Epoch 5/20 | step  120 | loss 0.6894
15:00:19 INFO     Epoch 5/20 | step  130 | loss 0.8665
15:00:19 INFO     Epoch 5/20 | step  140 | loss 1.1436
15:00:20 INFO     Epoch 5/20 | step  150 | loss 0.8479
15:00:20 INFO     Epoch 5/20 | step  160 | loss 0.8060
15:00:20 INFO     Epoch 5/20 | step  170 | loss 0.9514
15:00:21 INFO     Epoch 5/20 | step  180 | loss 0.9007
15:00:21 INFO     Epoch 5/20 | step  190 | loss 0.9236
15:00:21 INFO     Epoch 5/20 | step  200 | loss 0.8807
15:00:22 INFO     Epoch 5/20 | step  210 | loss 0.9398
15:00:22 INFO     Epoch 5/20 | step  220 | loss 1.1078
15:00:22 INFO     Epoch 5/20 | step  230 | loss 1.0141
15:00:22 INFO     Epoch 5/20 | step  240 | loss 0.9777
15:00:23 INFO     Epoch 5/20 | step  250 | loss 0.9780
15:00:23 INFO     Epoch 5/20 | step  260 | loss 1.0422
15:00:23 INFO     Epoch 5/20 | step  270 | loss 0.8180
15:00:24 INFO     Epoch 5/20 | step  280 | loss 0.8116
15:00:24 INFO     Epoch 5/20 | step  290 | loss 0.9373
15:00:24 INFO     Epoch 5/20 | step  300 | loss 0.9067
15:00:25 INFO     Epoch 5/20 | step  310 | loss 0.9542
15:00:25 INFO     Epoch 5/20 | step  320 | loss 0.8767
15:00:25 INFO     Epoch 5/20 | step  330 | loss 0.9331
15:00:25 INFO     Epoch 5/20 | step  340 | loss 0.9025
15:00:26 INFO     Epoch 5/20 | step  350 | loss 1.0079
15:00:26 INFO     Epoch 5/20 | step  360 | loss 0.9111
15:00:26 INFO     Epoch 5/20 | step  370 | loss 0.8411
15:00:27 INFO     Epoch 5/20 | step  380 | loss 0.7562
15:00:27 INFO     Epoch 5/20 | step  390 | loss 0.8583
15:00:27 INFO     Epoch 5/20 | step  400 | loss 0.8304
15:00:28 INFO     Epoch 5/20 | step  410 | loss 0.8574
15:00:28 INFO     Epoch 5/20 | step  420 | loss 0.8311
15:00:28 INFO     Epoch 5/20 | step  430 | loss 0.8615
15:00:29 INFO     Epoch 5/20 | step  440 | loss 0.9714
15:00:29 INFO     Epoch 5/20 | step  450 | loss 0.8281
15:00:29 INFO     Epoch 5/20 | step  460 | loss 0.8278
15:00:29 INFO     Epoch 5/20 | step  470 | loss 0.8977
15:00:30 INFO     Epoch 5/20 | step  480 | loss 0.8654
15:00:30 INFO     Epoch 5/20 | step  490 | loss 0.8924
15:00:30 INFO     Epoch 5/20 | step  500 | loss 0.8375
15:00:31 INFO     Epoch 5/20 | step  510 | loss 0.9447
15:00:31 INFO     Epoch 5/20 | step  520 | loss 0.8360
15:00:31 INFO     Epoch 5/20 | step  530 | loss 0.8438
15:00:32 INFO     Epoch 5/20 | step  540 | loss 0.7483
15:00:32 INFO     Epoch 5/20 | step  550 | loss 0.8471
15:00:32 INFO     Epoch 5/20 | step  560 | loss 0.8332
15:00:32 INFO     Epoch 5/20 | step  570 | loss 0.7774
15:00:33 INFO     Epoch 5/20 | step  580 | loss 0.8734
15:00:33 INFO     Epoch 5/20 | step  590 | loss 0.7489
15:00:33 INFO     Epoch 5/20 | step  600 | loss 0.8797
15:00:34 INFO     Epoch 5/20 | step  610 | loss 0.7605
15:00:34 INFO     Epoch 5/20 | step  620 | loss 0.7885
15:00:34 INFO     Epoch 5/20 | step  630 | loss 0.9946
15:00:35 INFO     Epoch 5/20 | step  640 | loss 0.8147
15:00:35 INFO     Epoch 5/20 | step  650 | loss 0.9477
15:00:35 INFO     Epoch 5/20 | step  660 | loss 0.9908
15:00:36 INFO     Epoch 5/20 | step  670 | loss 0.7865
15:00:36 INFO     Epoch 5/20 | step  680 | loss 0.9401
15:00:36 INFO     Epoch 5/20 | step  690 | loss 0.9684
15:00:36 INFO     Epoch 5/20 | step  700 | loss 0.8733
15:00:37 INFO     Epoch 5/20 | step  710 | loss 0.8438
15:00:37 INFO     Epoch 5/20 | step  720 | loss 0.8263
15:00:37 INFO     Epoch 5/20 | step  730 | loss 1.0080
15:00:38 INFO     Epoch 5/20 | step  740 | loss 0.8747
15:00:38 INFO     Epoch 5/20 | step  750 | loss 0.8858
15:00:38 INFO     Epoch 5/20 | step  760 | loss 0.8009
15:00:39 INFO     Epoch 5/20 | step  770 | loss 0.8270
15:00:39 INFO     Epoch 5/20 | step  780 | loss 0.8493
15:00:39 INFO     Epoch 5/20 | step  790 | loss 0.7786
15:00:39 INFO     Epoch 5/20 | step  800 | loss 0.8718
15:00:40 INFO     Epoch 5/20 | step  810 | loss 0.8011
15:00:40 INFO     Epoch 5/20 | step  820 | loss 0.8516
15:00:40 INFO     Epoch 5/20 | step  830 | loss 0.8597
15:00:41 INFO     Epoch 5/20 | step  840 | loss 0.6491
15:00:41 INFO     Epoch 5/20 | step  850 | loss 0.9585
15:00:41 INFO     Epoch 5/20 | step  860 | loss 0.9565
15:00:42 INFO     Epoch 5/20 | step  870 | loss 0.8650
15:00:42 INFO     Epoch 5/20 | step  880 | loss 0.8130
15:00:42 INFO     Epoch 5/20 | step  890 | loss 0.9384
15:00:43 INFO     Epoch 5/20 | step  900 | loss 0.8244
15:00:43 INFO     Epoch 5/20 | step  910 | loss 0.8973
15:00:43 INFO     Epoch 5/20 | step  920 | loss 0.8514
15:00:43 INFO     Epoch 5/20 | step  930 | loss 0.8903
15:00:44 INFO     Epoch 5/20 | step  940 | loss 0.8963
15:00:44 INFO     Epoch 5/20 | step  950 | loss 0.7988
15:00:44 INFO     Epoch 5/20 | step  960 | loss 0.6646
15:00:45 INFO     Epoch 5/20 | step  970 | loss 0.8491
15:00:45 INFO     Epoch 5/20 | step  980 | loss 0.7787
15:00:45 INFO     Epoch 5/20 | step  990 | loss 0.8535
15:00:46 INFO     Epoch 5/20 | step 1000 | loss 0.7604
15:00:46 INFO     Epoch 5/20 | step 1010 | loss 0.8973
15:00:46 INFO     Epoch 5/20 | step 1020 | loss 0.7363
15:00:46 INFO     Epoch 5/20 | step 1030 | loss 0.9369
15:00:47 INFO     Epoch 5/20 | step 1040 | loss 0.8172
15:00:47 INFO     Epoch 5/20 | step 1050 | loss 0.8899
15:00:47 INFO     Epoch 5/20 | step 1060 | loss 0.8400
15:00:48 INFO     Epoch 5/20 | step 1070 | loss 0.9125
15:00:48 INFO     Epoch 5/20 | step 1080 | loss 0.7667
15:00:48 INFO     Epoch 5/20 | step 1090 | loss 0.8232
15:00:49 INFO     Epoch 5/20 | step 1100 | loss 0.9319
15:00:49 INFO     Epoch 5/20 | step 1110 | loss 0.8013
15:00:49 INFO     Epoch 5/20 | step 1120 | loss 0.8346
15:00:49 INFO     Epoch 5/20 | step 1130 | loss 0.8803
15:00:50 INFO     Epoch 5/20 | step 1140 | loss 0.8404
15:00:50 INFO     Epoch 5/20 | step 1150 | loss 0.9636
15:00:50 INFO     Epoch 5/20 | step 1160 | loss 0.7775
15:00:51 INFO     Epoch 5/20 | step 1170 | loss 0.7918
15:00:51 INFO     Epoch 5/20 | step 1180 | loss 0.9102
15:00:51 INFO     Epoch 5/20 | step 1190 | loss 0.8207
15:00:52 INFO     Epoch 5/20 | step 1200 | loss 0.7903
15:00:52 INFO     Epoch 5/20 | step 1210 | loss 0.8686
15:00:52 INFO     Epoch 5/20 | step 1220 | loss 0.8506
15:00:53 INFO     Epoch 5/20 | step 1230 | loss 0.8142
15:00:53 INFO     Epoch 5/20 | step 1240 | loss 0.8674
15:00:53 INFO     Epoch 5/20 | step 1250 | loss 0.8684
15:00:53 INFO     Epoch 5/20 | step 1260 | loss 0.9276
15:00:54 INFO     Epoch 5/20 | step 1270 | loss 0.8753
15:00:54 INFO     Epoch 5/20 | step 1280 | loss 0.9645
15:00:54 INFO     Epoch 5/20 | step 1290 | loss 0.7881
15:00:55 INFO     Epoch 5/20 | step 1300 | loss 0.8517
15:00:55 INFO     Epoch 5/20 | step 1310 | loss 0.9146
15:00:55 INFO     Epoch 5/20 | step 1320 | loss 0.8305
15:00:56 INFO     Epoch 5/20 | step 1330 | loss 0.8447
15:00:56 INFO     Epoch 5/20 | step 1340 | loss 0.6687
15:00:56 INFO     Epoch 5/20 | step 1350 | loss 0.8410
15:00:56 INFO     Epoch 5/20 | step 1360 | loss 1.0438
15:00:57 INFO     Epoch 5/20 | step 1370 | loss 0.8875
15:00:57 INFO     Epoch 5/20 | step 1380 | loss 0.8884
15:00:57 INFO     Epoch 5/20 | step 1390 | loss 0.7142
15:00:58 INFO     Epoch 5/20 | step 1400 | loss 0.8861
15:00:58 INFO     Epoch 5/20 | step 1410 | loss 0.7182
15:00:58 INFO     Epoch 5/20 | step 1420 | loss 0.8506
15:00:59 INFO     Epoch 5/20 | step 1430 | loss 0.7825
15:00:59 INFO     Epoch 5/20 | step 1440 | loss 0.9644
15:00:59 INFO     Epoch 5/20 | step 1450 | loss 0.8570
15:01:00 INFO     Epoch 5/20 | step 1460 | loss 0.8941
15:01:00 INFO     Epoch 5/20 | step 1470 | loss 0.8314
15:01:00 INFO     Epoch 5/20 | step 1480 | loss 0.7345
15:01:00 INFO     Epoch 5/20 | step 1490 | loss 0.9172
15:01:01 INFO     Epoch 5/20 | step 1500 | loss 0.8420
15:01:01 INFO     Epoch 5/20 | step 1510 | loss 0.7668
15:01:01 INFO     Epoch 5/20 | step 1520 | loss 0.8236
15:01:02 INFO     Epoch 5/20 | step 1530 | loss 0.9161
15:01:02 INFO     Epoch 5/20 | step 1540 | loss 0.9857
15:01:02 INFO     Epoch 5/20 | step 1550 | loss 0.9084
15:01:03 INFO     Epoch 5/20 | step 1560 | loss 0.8447
15:01:03 INFO     Epoch 5/20 | step 1570 | loss 0.8133
15:01:03 INFO     Epoch 5/20 | step 1580 | loss 0.7291
15:01:03 INFO     Epoch 5/20 | step 1590 | loss 0.9044
15:01:04 INFO     Epoch 5/20 | step 1600 | loss 0.7823
15:01:04 INFO     Epoch 5/20 | step 1610 | loss 0.7871
15:01:04 INFO     Epoch 5/20 | step 1620 | loss 0.7976
15:01:05 INFO     Epoch 5/20 | step 1630 | loss 0.7682
15:01:05 INFO     Epoch 5/20 | step 1640 | loss 0.8290
15:01:05 INFO     Epoch 5/20 | step 1650 | loss 0.8209
15:01:06 INFO     Epoch 5/20 | step 1660 | loss 0.8177
15:01:06 INFO     Epoch 5/20 | step 1670 | loss 0.8570
15:01:06 INFO     Epoch 5/20 | step 1680 | loss 0.8405
15:01:07 INFO     Epoch 5/20 | step 1690 | loss 0.8854
15:01:07 INFO     Epoch 5/20 | step 1700 | loss 0.8894
15:01:07 INFO     Epoch 5/20 | step 1710 | loss 0.8906
15:01:07 INFO     Epoch 5/20 | step 1720 | loss 0.9037
15:01:08 INFO     Epoch 5/20 | step 1730 | loss 0.7888
15:01:08 INFO     Epoch 5/20 | step 1740 | loss 0.7789
15:01:08 INFO     Epoch 5/20 | step 1750 | loss 0.8535
15:01:09 INFO     Epoch 5/20 | step 1760 | loss 0.9098
15:01:09 INFO     Epoch 5/20 | step 1770 | loss 0.9083
15:01:09 INFO     Epoch 5/20 | step 1780 | loss 0.9298
15:01:10 INFO     Epoch 5/20 | step 1790 | loss 0.7970
15:01:10 INFO     Epoch 5/20 | step 1800 | loss 0.6966
15:01:10 INFO     Epoch 5/20 | step 1810 | loss 0.8843
15:01:10 INFO     Epoch 5/20 | step 1820 | loss 0.7333
15:01:11 INFO     Epoch 5/20 | step 1830 | loss 0.8414
15:01:11 INFO     Epoch 5/20 | step 1840 | loss 0.8081
15:01:11 INFO     Epoch 5/20 | step 1850 | loss 0.9125
15:01:12 INFO     Epoch 5/20 | step 1860 | loss 0.7986
15:01:12 INFO     Epoch 5/20 | step 1870 | loss 0.8009
15:01:12 INFO     Epoch 5/20 | step 1880 | loss 0.8812
15:01:13 INFO     Epoch 5/20 | step 1890 | loss 0.8609
15:01:13 INFO     Epoch 5/20 | step 1900 | loss 0.7201
15:01:13 INFO     Epoch 5/20 | step 1910 | loss 0.9633
15:01:14 INFO     Epoch 5/20 | step 1920 | loss 0.7986
15:01:14 INFO     Epoch 5/20 | step 1930 | loss 0.8686
15:01:14 INFO     Epoch 5/20 | step 1940 | loss 0.8932
15:01:14 INFO     Epoch 5/20 | step 1950 | loss 0.8690
15:01:15 INFO     Epoch 5/20 | step 1960 | loss 0.7962
15:01:15 INFO     Epoch 5/20 | step 1970 | loss 0.8265
15:01:15 INFO     Epoch 5/20 | step 1980 | loss 0.8010
15:01:16 INFO     Epoch 5/20 | step 1990 | loss 0.7238
15:01:16 INFO     Epoch 5/20 | step 2000 | loss 0.7732
15:01:16 INFO     Epoch 5/20 | step 2010 | loss 0.8305
15:01:17 INFO     Epoch 5/20 | step 2020 | loss 0.6604
15:01:17 INFO     Epoch 5/20 | step 2030 | loss 0.8276
15:01:17 INFO     Epoch 5/20 | step 2040 | loss 0.8550
15:01:17 INFO     Epoch 5/20 | step 2050 | loss 0.7611
15:01:18 INFO     Epoch 5/20 | step 2060 | loss 0.8790
15:01:18 INFO     Epoch 5/20 | step 2070 | loss 0.8444
15:01:18 INFO     Epoch 5/20 | step 2080 | loss 0.8566
15:01:19 INFO     Epoch 5/20 | step 2090 | loss 0.8702
15:01:19 INFO     Epoch 5/20 | step 2100 | loss 0.7974
15:01:19 INFO     Epoch 5/20 | step 2110 | loss 0.7803
15:01:20 INFO     Epoch 5/20 | step 2120 | loss 0.8755
15:01:20 INFO     Epoch 5/20 | step 2130 | loss 0.9014
15:01:20 INFO     Epoch 5/20 | step 2140 | loss 0.6948
15:01:21 INFO     Epoch 5/20 | step 2150 | loss 0.8251
15:01:21 INFO     Epoch 5/20 | step 2160 | loss 0.9996
15:01:21 INFO     Epoch 5/20 | step 2170 | loss 0.7334
15:01:21 INFO     Epoch 5/20 | step 2180 | loss 0.7068
15:01:22 INFO     Epoch 5/20 | step 2190 | loss 0.8200
15:01:22 INFO     Epoch 5/20 | step 2200 | loss 0.8005
15:01:22 INFO     Epoch 5/20 | step 2210 | loss 0.8419
15:01:23 INFO     Epoch 5/20 | step 2220 | loss 0.9089
15:01:23 INFO     Epoch 5/20 | step 2230 | loss 0.8279
15:01:23 INFO     Epoch 5/20 | step 2240 | loss 0.7911
15:01:24 INFO     Epoch 5/20 | step 2250 | loss 0.8154
15:01:24 INFO     Epoch 5/20 | step 2260 | loss 1.0799
15:01:24 INFO     Epoch 5/20 | step 2270 | loss 0.7658
15:01:24 INFO     Epoch 5/20 | step 2280 | loss 0.9645
15:01:25 INFO     Epoch 5/20 | step 2290 | loss 0.9157
15:01:25 INFO     Epoch 5/20 | step 2300 | loss 0.8927
15:01:25 INFO     Epoch 5/20 | step 2310 | loss 0.7978
15:01:26 INFO     Epoch 5/20 | step 2320 | loss 0.7797
15:01:26 INFO     Epoch 5/20 | step 2330 | loss 0.7233
15:01:26 INFO     Epoch 5/20 | step 2340 | loss 0.8591
15:01:27 INFO     Epoch 5/20 | step 2350 | loss 0.9442
15:01:27 INFO     Epoch 5/20 | step 2360 | loss 0.8110
15:01:27 INFO     Epoch 5/20 | step 2370 | loss 0.9362
15:01:27 INFO     Epoch 5/20 | step 2380 | loss 0.9411
15:01:28 INFO     Epoch 5/20 | step 2390 | loss 0.9363
15:01:28 INFO     Epoch 5/20 | step 2400 | loss 0.8757
15:01:28 INFO     Epoch 5/20 | step 2410 | loss 0.7816
15:01:29 INFO     Epoch 5/20 | step 2420 | loss 0.7958
15:01:29 INFO     Epoch 5/20 | step 2430 | loss 0.7960
15:01:29 INFO     Epoch 5/20 | step 2440 | loss 0.7444
15:01:30 INFO     Epoch 5/20 | step 2450 | loss 0.7512
15:01:30 INFO     Epoch 5/20 | step 2460 | loss 0.8755
15:01:30 INFO     Epoch 5/20 | step 2470 | loss 0.8523
15:01:31 INFO     Epoch 5/20 | step 2480 | loss 0.7024
15:01:31 INFO     Epoch 5/20 | step 2490 | loss 0.8495
15:01:31 INFO     Epoch 5/20 | step 2500 | loss 0.9057
15:01:31 INFO     Epoch 5/20 | step 2510 | loss 0.9135
15:01:32 INFO     Epoch 5/20 | step 2520 | loss 0.6974
15:01:32 INFO     Epoch 5/20 | step 2530 | loss 0.8444
15:01:32 INFO     Epoch 5/20 | step 2540 | loss 0.7470
15:01:33 INFO     Epoch 5/20 | step 2550 | loss 0.8565
15:01:33 INFO     Epoch 5/20 | step 2560 | loss 0.7460
15:01:33 INFO     Epoch 5/20 | step 2570 | loss 0.7280
15:01:34 INFO     Epoch 5/20 | step 2580 | loss 0.7557
15:01:34 INFO     Epoch 5/20 | step 2590 | loss 0.7576
15:01:34 INFO     Epoch 5/20 | step 2600 | loss 0.8960
15:01:34 INFO     Epoch 5/20 | step 2610 | loss 0.7269
15:01:35 INFO     Epoch 5/20 | step 2620 | loss 0.9221
15:01:35 INFO     Epoch 5/20 | step 2630 | loss 0.8997
15:01:35 INFO     Epoch 5/20 | step 2640 | loss 0.8370
15:01:36 INFO     Epoch 5/20 | step 2650 | loss 0.7516
15:01:36 INFO     Epoch 5/20 | step 2660 | loss 0.8887
15:01:36 INFO     Epoch 5/20 | step 2670 | loss 0.7880
15:01:37 INFO     Epoch 5/20 | step 2680 | loss 0.9066
15:01:37 INFO     Epoch 5/20 | step 2690 | loss 0.9672
15:01:37 INFO     Epoch 5/20 | step 2700 | loss 0.7436
15:01:38 INFO     Epoch 5/20 | step 2710 | loss 0.9808
15:01:38 INFO     Epoch 5/20 | step 2720 | loss 0.8118
15:01:38 INFO     Epoch 5/20 | step 2730 | loss 0.7310
15:01:38 INFO     Epoch 5/20 | step 2740 | loss 0.8469
15:01:39 INFO     Epoch 5/20 | step 2750 | loss 0.8343
15:01:39 INFO     Epoch 5/20 | step 2760 | loss 0.8195
15:01:39 INFO     Epoch 5/20 | step 2770 | loss 0.9090
15:01:40 INFO     Epoch 5/20 | step 2780 | loss 0.8595
15:01:40 INFO     Epoch 5/20 | step 2790 | loss 0.7807
15:01:40 INFO     Epoch 5/20 | step 2800 | loss 0.8588
15:01:41 INFO     Epoch 5/20 | step 2810 | loss 0.8202
15:01:41 INFO     Epoch 5/20 | step 2820 | loss 0.9025
15:01:41 INFO     Epoch 5/20 | step 2830 | loss 0.7432
15:01:41 INFO     Epoch 5/20 | step 2840 | loss 0.8759
15:01:42 INFO     Epoch 5/20 | step 2850 | loss 0.8930
15:01:42 INFO     Epoch 5/20 | step 2860 | loss 0.9535
15:01:42 INFO     Epoch 5/20 | step 2870 | loss 0.8067
15:01:43 INFO     Epoch 5/20 | step 2880 | loss 0.8472
15:01:43 INFO     Epoch 5/20 | step 2890 | loss 0.7358
15:01:43 INFO     Epoch 5/20 | step 2900 | loss 0.8402
15:01:44 INFO     Epoch 5/20 | step 2910 | loss 0.8074
15:01:44 INFO     Epoch 5/20 | step 2920 | loss 0.7578
15:01:44 INFO     Epoch 5/20 | step 2930 | loss 0.8481
15:01:45 INFO     Epoch 5/20 | step 2940 | loss 0.7694
15:01:45 INFO     Epoch 5/20 | step 2950 | loss 0.8244
15:01:45 INFO     Epoch 5/20 | step 2960 | loss 0.8559
15:01:45 INFO     Epoch 5/20 | step 2970 | loss 0.9101
15:01:46 INFO     Epoch 5/20 | step 2980 | loss 0.8701
15:01:46 INFO     Epoch 5/20 | step 2990 | loss 0.8001
15:01:46 INFO     Epoch 5/20 | step 3000 | loss 0.7170
15:01:47 INFO     Epoch 5/20 | step 3010 | loss 0.7361
15:01:47 INFO     Epoch 5/20 | step 3020 | loss 0.8667
15:01:47 INFO     Epoch 5/20 | step 3030 | loss 0.7696
15:01:48 INFO     Epoch 5/20 | step 3040 | loss 0.7577
15:01:48 INFO     Epoch 5/20 | step 3050 | loss 0.9039
15:01:48 INFO     Epoch 5/20 | step 3060 | loss 0.9159
15:01:48 INFO     Epoch 5/20 | step 3070 | loss 0.8412
15:01:49 INFO     Epoch 5/20 | step 3080 | loss 0.7580
15:01:49 INFO     Epoch 5/20 | step 3090 | loss 0.7620
15:01:49 INFO     Epoch 5/20 | step 3100 | loss 0.7113
15:01:50 INFO     Epoch 5/20 | step 3110 | loss 0.7607
15:01:50 INFO     Epoch 5/20 | step 3120 | loss 0.7276
15:01:50 INFO     Epoch 5/20 | step 3130 | loss 0.8247
15:01:51 INFO     Epoch 5/20 | step 3140 | loss 0.7548
15:01:51 INFO     Epoch 5/20 | step 3150 | loss 0.9963
15:01:51 INFO     Epoch 5/20 | step 3160 | loss 0.7360
15:01:51 INFO     Epoch 5/20 | step 3170 | loss 0.8189
15:01:52 INFO     Epoch 5/20 | step 3180 | loss 0.8494
15:01:52 INFO     Epoch 5/20 | step 3190 | loss 0.8570
15:01:52 INFO     Epoch 5/20 | step 3200 | loss 0.7220
15:01:53 INFO     Epoch 5/20 | step 3210 | loss 0.9267
15:01:53 INFO     Epoch 5/20 | step 3220 | loss 0.8401
15:01:53 INFO     Epoch 5/20 | step 3230 | loss 0.8221
15:01:54 INFO     Epoch 5/20 | step 3240 | loss 0.8440
15:01:54 INFO     Epoch 5/20 | step 3250 | loss 0.8244
15:01:54 INFO     Epoch 5/20 | step 3260 | loss 0.8387
15:01:55 INFO     Epoch 5/20 | step 3270 | loss 0.7749
15:01:55 INFO     Epoch 5/20 | step 3280 | loss 0.8948
15:01:55 INFO     Epoch 5/20 | step 3290 | loss 0.7953
15:01:55 INFO     Epoch 5/20 | step 3300 | loss 0.8191
15:01:56 INFO     Epoch 5/20 | step 3310 | loss 0.6430
15:01:56 INFO     Epoch 5/20 | step 3320 | loss 0.7215
15:01:56 INFO     Epoch 5/20 | step 3330 | loss 0.8069
15:01:57 INFO     Epoch 5/20 | step 3340 | loss 0.6831
15:01:57 INFO     Epoch 5/20 | step 3350 | loss 0.7500
15:01:57 INFO     Epoch 5/20 | step 3360 | loss 0.7568
15:01:58 INFO     Epoch 5/20 | step 3370 | loss 0.8304
15:01:58 INFO     Epoch 5/20 | step 3380 | loss 0.8695
15:01:58 INFO     Epoch 5/20 | step 3390 | loss 0.8854
15:01:58 INFO     Epoch 5/20 | step 3400 | loss 0.7761
15:01:59 INFO     Epoch 5/20 | step 3410 | loss 0.8096
15:01:59 INFO     Epoch 5/20 | step 3420 | loss 0.7928
15:01:59 INFO     Epoch 5/20 | step 3430 | loss 0.7084
15:02:00 INFO     Epoch 5/20 | step 3440 | loss 0.7207
15:02:00 INFO     Epoch 5/20 | step 3450 | loss 0.6427
15:02:00 INFO     Epoch 5/20 | step 3460 | loss 0.7555
15:02:01 INFO     Epoch 5/20 | step 3470 | loss 0.7427
15:02:01 INFO     Epoch 5/20 | step 3480 | loss 0.8488
15:02:01 INFO     Epoch 5/20 | step 3490 | loss 0.7870
15:02:02 INFO     Epoch 5/20 | step 3500 | loss 0.8930
15:02:02 INFO     Epoch 5/20 | step 3510 | loss 0.7709
15:02:02 INFO     Epoch 5/20 | step 3520 | loss 0.7675
15:02:02 INFO     Epoch 5/20 | step 3530 | loss 0.9903
15:02:03 INFO     Epoch 5/20 | step 3540 | loss 0.8774
15:02:03 INFO     Epoch 5/20 | step 3550 | loss 0.7617
15:02:03 INFO     Epoch 5/20 | step 3560 | loss 0.7792
15:02:04 INFO     Epoch 5/20 | step 3570 | loss 0.8750
15:02:04 INFO     Epoch 5/20 | step 3580 | loss 0.7347
15:02:04 INFO     Epoch 5/20 | step 3590 | loss 0.6974
15:02:05 INFO     Epoch 5/20 | step 3600 | loss 0.9476
15:02:05 INFO     Epoch 5/20 | step 3610 | loss 0.6949
15:02:05 INFO     Epoch 5/20 | step 3620 | loss 0.7698
15:02:05 INFO     Epoch 5/20 | step 3630 | loss 0.6807
15:02:06 INFO     Epoch 5/20 | step 3640 | loss 0.7396
15:02:06 INFO     Epoch 5/20 | step 3650 | loss 0.7731
15:02:06 INFO     Epoch 5/20 | step 3660 | loss 0.8733
15:02:07 INFO     Epoch 5/20 | step 3670 | loss 0.8242
15:02:07 INFO     Epoch 5/20 | step 3680 | loss 0.7518
15:02:07 INFO     Epoch 5/20 | step 3690 | loss 0.7196
15:02:08 INFO     Epoch 5/20 | step 3700 | loss 0.7574
15:02:08 INFO     Epoch 5/20 | step 3710 | loss 0.9546
15:02:08 INFO     Epoch 5/20 | step 3720 | loss 0.8512
15:02:09 INFO     Epoch 5/20 | step 3730 | loss 0.6988
15:02:09 INFO     Epoch 5/20 | step 3740 | loss 0.8460
15:02:09 INFO     Epoch 5/20 | step 3750 | loss 0.7589
15:02:09 INFO     Epoch 5/20 | step 3760 | loss 0.8576
15:02:10 INFO     Epoch 5/20 | step 3770 | loss 0.7596
15:02:10 INFO     Epoch 5/20 | step 3780 | loss 0.8487
15:02:10 INFO     Epoch 5/20 | step 3790 | loss 0.7190
15:02:11 INFO     Epoch 5/20 | step 3800 | loss 0.6939
15:02:11 INFO     Epoch 5/20 | step 3810 | loss 0.8042
15:02:11 INFO     Epoch 5/20 | step 3820 | loss 0.7235
15:02:12 INFO     Epoch 5/20 | step 3830 | loss 0.7113
15:02:12 INFO     Epoch 5/20 | step 3840 | loss 0.7779
15:02:12 INFO     Epoch 5/20 | step 3850 | loss 0.8295
15:02:12 INFO     Epoch 5/20 | step 3860 | loss 0.9101
15:02:13 INFO     Epoch 5/20 | step 3870 | loss 0.8835
15:02:13 INFO     Epoch 5/20 | step 3880 | loss 0.7458
15:02:13 INFO     Epoch 5/20 | step 3890 | loss 0.7406
15:02:14 INFO     Epoch 5/20 | step 3900 | loss 0.7495
15:02:14 INFO     Epoch 5/20 | step 3910 | loss 0.8437
15:02:14 INFO     Epoch 5/20 | step 3920 | loss 0.9286
15:02:15 INFO     Epoch 5/20 | step 3930 | loss 0.7434
15:02:15 INFO     Epoch 5/20 | step 3940 | loss 0.7268
15:02:15 INFO     Epoch 5/20 | step 3950 | loss 0.6987
15:02:16 INFO     Epoch 5/20 | step 3960 | loss 0.7700
15:02:16 INFO     Epoch 5/20 | step 3970 | loss 0.7034
15:02:16 INFO     Epoch 5/20 | step 3980 | loss 0.8112
15:02:16 INFO     Epoch 5/20 | step 3990 | loss 0.7759
15:02:17 INFO     Epoch 5/20 | step 4000 | loss 0.7375
15:02:17 INFO     Epoch 5/20 | step 4010 | loss 0.6731
15:02:17 INFO     Epoch 5/20 | step 4020 | loss 0.8208
15:02:18 INFO     Epoch 5/20 | step 4030 | loss 0.8007
15:02:18 INFO     Epoch 5/20 | step 4040 | loss 0.7020
15:02:18 INFO     Epoch 5/20 | step 4050 | loss 0.8441
15:02:19 INFO     Epoch 5/20 | step 4060 | loss 0.8329
15:02:19 INFO     Epoch 5/20 | step 4070 | loss 0.7986
15:02:19 INFO     Epoch 5/20 | step 4080 | loss 0.8123
15:02:19 INFO     Epoch 5/20 | step 4090 | loss 0.8224
15:02:20 INFO     Epoch 5/20 | step 4100 | loss 0.8293
15:02:20 INFO     Epoch 5/20 | step 4110 | loss 0.7970
15:02:20 INFO     Epoch 5/20 | step 4120 | loss 0.7706
15:02:21 INFO     Epoch 5/20 | step 4130 | loss 0.7529
15:02:21 INFO     Epoch 5/20 | step 4140 | loss 0.7880
15:02:21 INFO     Epoch 5/20 | step 4150 | loss 0.8359
15:02:22 INFO     Epoch 5/20 | step 4160 | loss 0.8478
15:02:22 INFO     Epoch 5/20 | step 4170 | loss 0.7636
15:02:22 INFO     Epoch 5/20 | step 4180 | loss 0.8183
15:02:23 INFO     Epoch 5/20 | step 4190 | loss 0.6238
15:02:23 INFO     Epoch 5/20 | step 4200 | loss 0.6210
15:02:23 INFO     Epoch 5/20 | step 4210 | loss 0.6927
15:02:23 INFO     Epoch 5/20 | step 4220 | loss 0.9414
15:02:24 INFO     Epoch 5/20 | step 4230 | loss 0.8108
15:02:24 INFO     Epoch 5/20 | step 4240 | loss 0.7122
15:02:24 INFO     Epoch 5/20 | step 4250 | loss 0.7815
15:02:25 INFO     Epoch 5/20 | step 4260 | loss 0.7716
15:02:25 INFO     Epoch 5/20 | step 4270 | loss 0.7857
15:02:25 INFO     Epoch 5/20 | step 4280 | loss 0.7346
15:02:26 INFO     Epoch 5/20 | step 4290 | loss 0.7684
15:02:26 INFO     Epoch 5/20 | step 4300 | loss 0.9638
15:02:26 INFO     Epoch 5/20 | step 4310 | loss 0.7675
15:02:26 INFO     Epoch 5/20 | step 4320 | loss 0.8031
15:02:27 INFO     Epoch 5/20 | step 4330 | loss 0.7159
15:02:27 INFO     Epoch 5/20 | step 4340 | loss 0.8185
15:02:27 INFO     Epoch 5/20 | step 4350 | loss 0.6787
15:02:28 INFO     Epoch 5/20 | step 4360 | loss 0.6608
15:02:28 INFO     Epoch 5/20 | step 4370 | loss 0.6607
15:02:28 INFO     Epoch 5/20 | step 4380 | loss 0.9108
15:02:29 INFO     Epoch 5/20 | step 4390 | loss 0.9365
15:02:29 INFO     Epoch 5/20 | step 4400 | loss 0.8085
15:02:29 INFO     Epoch 5/20 | step 4410 | loss 0.7926
15:02:30 INFO     Epoch 5/20 | step 4420 | loss 0.7352
15:02:30 INFO     Epoch 5/20 | step 4430 | loss 0.8513
15:02:30 INFO     Epoch 5/20 | step 4440 | loss 0.8654
15:02:30 INFO     Epoch 5/20 | step 4450 | loss 0.7516
15:02:31 INFO     Epoch 5/20 | step 4460 | loss 0.6668
15:02:31 INFO     Epoch 5/20 | step 4470 | loss 0.6319
15:02:31 INFO     Epoch 5/20 | step 4480 | loss 0.8564
15:02:32 INFO     Epoch 5/20 | step 4490 | loss 0.7845
15:02:32 INFO     Epoch 5/20 | step 4500 | loss 0.7844
15:02:32 INFO     Epoch 5/20 | step 4510 | loss 0.7334
15:02:33 INFO     Epoch 5/20 | step 4520 | loss 0.7776
15:02:33 INFO     Epoch 5/20 | step 4530 | loss 0.8985
15:02:33 INFO     Epoch 5/20 | step 4540 | loss 0.6757
15:02:33 INFO     Epoch 5/20 | step 4550 | loss 0.7892
15:02:34 INFO     Epoch 5/20 | step 4560 | loss 0.8479
15:02:34 INFO     Epoch 5/20 | step 4570 | loss 0.7789
15:02:34 INFO     Epoch 5/20 | step 4580 | loss 0.8120
15:02:35 INFO     Epoch 5/20 | step 4590 | loss 0.6621
15:02:35 INFO     Epoch 5/20 | step 4600 | loss 0.7861
15:02:35 INFO     Epoch 5/20 | step 4610 | loss 0.7613
15:02:36 INFO     Epoch 5/20 | step 4620 | loss 0.8444
15:02:36 INFO     Epoch 5/20 | step 4630 | loss 0.7312
15:02:36 INFO     Epoch 5/20 | step 4640 | loss 0.6978
15:02:36 INFO     Epoch 5/20 | step 4650 | loss 0.7191
15:02:37 INFO     Epoch 5/20 | step 4660 | loss 0.7597
15:02:37 INFO     Epoch 5/20 | step 4670 | loss 0.7966
15:02:37 INFO     Epoch 5/20 | step 4680 | loss 0.7713
15:02:38 INFO     Epoch 5/20 | step 4690 | loss 0.7792
15:02:38 INFO     Epoch 5/20 | step 4700 | loss 0.7194
15:02:38 INFO     Epoch 5/20 | step 4710 | loss 0.8668
15:02:39 INFO     Epoch 5/20 | step 4720 | loss 0.8281
15:02:39 INFO     Epoch 5/20 | step 4730 | loss 0.8422
15:02:39 INFO     Epoch 5/20 | step 4740 | loss 0.7390
15:02:40 INFO     Epoch 5/20 | step 4750 | loss 0.7163
15:02:40 INFO     Epoch 5/20 | step 4760 | loss 0.8356
15:02:40 INFO     Epoch 5/20 | step 4770 | loss 0.7930
15:02:40 INFO     Epoch 5/20 | step 4780 | loss 0.8283
15:02:41 INFO     Epoch 5/20 | step 4790 | loss 0.7459
15:02:41 INFO     Epoch 5/20 | step 4800 | loss 0.7778
15:02:41 INFO     Epoch 5/20 | step 4810 | loss 0.7404
15:02:42 INFO     Epoch 5/20 | step 4820 | loss 0.7119
15:02:42 INFO     Epoch 5/20 | step 4830 | loss 0.7101
15:02:42 INFO     Epoch 5/20 | step 4840 | loss 0.8141
15:02:43 INFO     Epoch 5/20 | step 4850 | loss 0.7916
15:02:43 INFO     Epoch 5/20 | step 4860 | loss 0.7364
15:02:43 INFO     Epoch 5/20 | step 4870 | loss 0.8319
15:02:43 INFO     Epoch 5/20 | step 4880 | loss 0.7244
15:02:44 INFO     Epoch 5/20 | step 4890 | loss 0.7507
15:02:44 INFO     Epoch 5/20 | step 4900 | loss 0.8566
15:02:44 INFO     Epoch 5/20 | step 4910 | loss 0.6491
15:02:45 INFO     Epoch 5/20 | step 4920 | loss 0.7446
15:02:45 INFO     Epoch 5/20 | step 4930 | loss 0.6933
15:02:45 INFO     Epoch 5/20 | step 4940 | loss 0.6973
15:02:46 INFO     Epoch 5/20 | step 4950 | loss 0.7150
15:02:46 INFO     Epoch 5/20 | step 4960 | loss 0.7558
15:02:46 INFO     Epoch 5/20 | step 4970 | loss 0.7279
15:02:47 INFO     Epoch 5/20 | step 4980 | loss 0.8298
15:02:47 INFO     Epoch 5/20 | step 4990 | loss 0.6618
15:02:47 INFO     Epoch 5/20 | step 5000 | loss 0.7529
15:02:47 INFO     Epoch 5/20 | step 5010 | loss 0.6651
15:02:48 INFO     Epoch 5/20 | step 5020 | loss 0.7681
15:02:48 INFO     Epoch 5/20 | step 5030 | loss 0.7549
15:02:48 INFO     Epoch 5/20 | step 5040 | loss 0.7569
15:02:49 INFO     Epoch 5/20 | step 5050 | loss 0.7410
15:02:49 INFO     Epoch 5/20 | step 5060 | loss 0.8660
15:02:49 INFO     Epoch 5/20 | step 5070 | loss 0.7688
15:02:50 INFO     Epoch 5/20 | step 5080 | loss 0.7920
15:02:50 INFO     Epoch 5/20 | step 5090 | loss 0.6466
15:02:50 INFO     Epoch 5/20 | step 5100 | loss 0.7525
15:02:50 INFO     Epoch 5/20 | step 5110 | loss 0.7090
15:02:51 INFO     Epoch 5/20 | step 5120 | loss 0.8323
15:02:51 INFO     Epoch 5/20 | step 5130 | loss 0.7576
15:02:51 INFO     Epoch 5/20 | step 5140 | loss 0.6722
15:02:52 INFO     Epoch 5/20 | step 5150 | loss 0.7627
15:02:52 INFO     Epoch 5/20 | step 5160 | loss 0.8391
15:02:52 INFO     Epoch 5/20 | step 5170 | loss 0.6873
15:02:53 INFO     Epoch 5/20 | step 5180 | loss 0.7414
15:02:53 INFO     Epoch 5/20 | step 5190 | loss 0.7619
15:02:53 INFO     Epoch 5/20 | step 5200 | loss 0.7898
15:02:54 INFO     Epoch 5/20 | step 5210 | loss 0.6925
15:02:54 INFO     Epoch 5/20 | step 5220 | loss 0.8561
15:02:54 INFO     Epoch 5/20 | step 5230 | loss 0.6722
15:02:54 INFO     Epoch 5/20 | step 5240 | loss 0.8619
15:02:55 INFO     Epoch 5/20 | step 5250 | loss 0.7723
15:02:55 INFO     Epoch 5/20 | step 5260 | loss 0.7420
15:02:55 INFO     Epoch 5/20 | step 5270 | loss 0.7452
15:02:56 INFO     Epoch 5/20 | step 5280 | loss 0.7916
15:02:56 INFO     Epoch 5/20 | step 5290 | loss 0.7974
15:02:56 INFO     Epoch 5/20 | step 5300 | loss 0.8747
15:02:57 INFO     Epoch 5/20 | step 5310 | loss 0.7900
15:02:57 INFO     Epoch 5/20 | step 5320 | loss 0.8342
15:02:57 INFO     Epoch 5/20 | step 5330 | loss 0.7038
15:02:57 INFO     Epoch 5/20 | step 5340 | loss 0.7370
15:02:58 INFO     Epoch 5/20 | step 5350 | loss 0.6531
15:02:58 INFO     Epoch 5/20 | step 5360 | loss 0.8850
15:02:58 INFO     Epoch 5/20 | step 5370 | loss 0.6842
15:02:59 INFO     Epoch 5/20 | step 5380 | loss 0.8036
15:02:59 INFO     Epoch 5/20 | step 5390 | loss 0.7742
15:02:59 INFO     Epoch 5/20 | step 5400 | loss 0.8673
15:03:00 INFO     Epoch 5/20 | step 5410 | loss 0.8632
15:03:00 INFO     Epoch 5/20 | step 5420 | loss 0.7095
15:03:00 INFO     Epoch 5/20 | step 5430 | loss 0.7148
15:03:00 INFO     Epoch 5/20 | step 5440 | loss 0.8989
15:03:01 INFO     Epoch 5/20 | step 5450 | loss 0.7283
15:03:01 INFO     Epoch 5/20 | step 5460 | loss 0.7334
15:03:01 INFO     Epoch 5/20 | step 5470 | loss 0.7691
15:03:02 INFO     Epoch 5/20 | step 5480 | loss 0.7071
15:03:02 INFO     Epoch 5/20 | step 5490 | loss 0.8094
15:03:02 INFO     Epoch 5/20 | step 5500 | loss 0.7258
15:03:03 INFO     Epoch 5/20 | step 5510 | loss 0.8057
15:03:03 INFO     Epoch 5/20 | step 5520 | loss 0.7824
15:03:03 INFO     Epoch 5/20 | step 5530 | loss 0.8344
15:03:04 INFO     Epoch 5/20 | step 5540 | loss 0.7993
15:03:04 INFO     Epoch 5/20 | step 5550 | loss 0.7864
15:03:04 INFO     Epoch 5/20 | step 5560 | loss 0.7947
15:03:04 INFO     Epoch 5/20 | step 5570 | loss 0.7891
15:03:05 INFO     Epoch 5/20 | step 5580 | loss 0.7604
15:03:05 INFO     Epoch 5/20 | step 5590 | loss 0.7934
15:03:05 INFO     Epoch 5/20 | step 5600 | loss 0.7209
15:03:06 INFO     Epoch 5/20 | step 5610 | loss 0.6477
15:03:06 INFO     Epoch 5/20 | step 5620 | loss 0.6765
15:03:06 INFO     Epoch 5/20 | step 5630 | loss 0.7640
15:03:07 INFO     Epoch 5/20 | step 5640 | loss 0.8388
15:03:07 INFO     Epoch 5/20 | step 5650 | loss 0.8553
15:03:07 INFO     Epoch 5/20 | avg loss 0.8134
15:03:07 INFO     Epoch 5/20 | new best loss 0.8134 — checkpoint saved
15:03:07 INFO     Epoch 6/20 | step   10 | loss 0.6889
15:03:08 INFO     Epoch 6/20 | step   20 | loss 0.8200
15:03:08 INFO     Epoch 6/20 | step   30 | loss 0.8826
15:03:08 INFO     Epoch 6/20 | step   40 | loss 0.8484
15:03:09 INFO     Epoch 6/20 | step   50 | loss 0.9322
15:03:09 INFO     Epoch 6/20 | step   60 | loss 0.6685
15:03:09 INFO     Epoch 6/20 | step   70 | loss 0.7529
15:03:09 INFO     Epoch 6/20 | step   80 | loss 0.6991
15:03:10 INFO     Epoch 6/20 | step   90 | loss 0.5926
15:03:10 INFO     Epoch 6/20 | step  100 | loss 0.6924
15:03:10 INFO     Epoch 6/20 | step  110 | loss 0.6408
15:03:11 INFO     Epoch 6/20 | step  120 | loss 0.7123
15:03:11 INFO     Epoch 6/20 | step  130 | loss 0.7187
15:03:11 INFO     Epoch 6/20 | step  140 | loss 0.6199
15:03:12 INFO     Epoch 6/20 | step  150 | loss 0.7937
15:03:12 INFO     Epoch 6/20 | step  160 | loss 0.8621
15:03:12 INFO     Epoch 6/20 | step  170 | loss 0.6552
15:03:12 INFO     Epoch 6/20 | step  180 | loss 0.8557
15:03:13 INFO     Epoch 6/20 | step  190 | loss 0.7999
15:03:13 INFO     Epoch 6/20 | step  200 | loss 0.6904
15:03:13 INFO     Epoch 6/20 | step  210 | loss 0.7833
15:03:14 INFO     Epoch 6/20 | step  220 | loss 0.6881
15:03:14 INFO     Epoch 6/20 | step  230 | loss 0.7414
15:03:14 INFO     Epoch 6/20 | step  240 | loss 0.8708
15:03:15 INFO     Epoch 6/20 | step  250 | loss 0.8035
15:03:15 INFO     Epoch 6/20 | step  260 | loss 0.7019
15:03:15 INFO     Epoch 6/20 | step  270 | loss 0.8204
15:03:16 INFO     Epoch 6/20 | step  280 | loss 0.9066
15:03:16 INFO     Epoch 6/20 | step  290 | loss 0.8466
15:03:16 INFO     Epoch 6/20 | step  300 | loss 0.7587
15:03:16 INFO     Epoch 6/20 | step  310 | loss 0.7279
15:03:17 INFO     Epoch 6/20 | step  320 | loss 0.8403
15:03:17 INFO     Epoch 6/20 | step  330 | loss 0.9183
15:03:17 INFO     Epoch 6/20 | step  340 | loss 0.6873
15:03:18 INFO     Epoch 6/20 | step  350 | loss 0.8053
15:03:18 INFO     Epoch 6/20 | step  360 | loss 0.7942
15:03:18 INFO     Epoch 6/20 | step  370 | loss 0.6830
15:03:19 INFO     Epoch 6/20 | step  380 | loss 0.7606
15:03:19 INFO     Epoch 6/20 | step  390 | loss 0.7537
15:03:19 INFO     Epoch 6/20 | step  400 | loss 0.7371
15:03:19 INFO     Epoch 6/20 | step  410 | loss 0.7078
15:03:20 INFO     Epoch 6/20 | step  420 | loss 0.7893
15:03:20 INFO     Epoch 6/20 | step  430 | loss 0.8293
15:03:20 INFO     Epoch 6/20 | step  440 | loss 0.8048
15:03:21 INFO     Epoch 6/20 | step  450 | loss 0.6809
15:03:21 INFO     Epoch 6/20 | step  460 | loss 0.6981
15:03:21 INFO     Epoch 6/20 | step  470 | loss 0.7464
15:03:22 INFO     Epoch 6/20 | step  480 | loss 0.7621
15:03:22 INFO     Epoch 6/20 | step  490 | loss 0.7724
15:03:22 INFO     Epoch 6/20 | step  500 | loss 0.8264
15:03:23 INFO     Epoch 6/20 | step  510 | loss 0.6618
15:03:23 INFO     Epoch 6/20 | step  520 | loss 0.7355
15:03:23 INFO     Epoch 6/20 | step  530 | loss 0.7920
15:03:23 INFO     Epoch 6/20 | step  540 | loss 0.6745
15:03:24 INFO     Epoch 6/20 | step  550 | loss 0.8211
15:03:24 INFO     Epoch 6/20 | step  560 | loss 0.6421
15:03:24 INFO     Epoch 6/20 | step  570 | loss 0.7991
15:03:25 INFO     Epoch 6/20 | step  580 | loss 0.8081
15:03:25 INFO     Epoch 6/20 | step  590 | loss 0.8326
15:03:25 INFO     Epoch 6/20 | step  600 | loss 0.6999
15:03:26 INFO     Epoch 6/20 | step  610 | loss 0.7221
15:03:26 INFO     Epoch 6/20 | step  620 | loss 0.7633
15:03:26 INFO     Epoch 6/20 | step  630 | loss 0.6336
15:03:26 INFO     Epoch 6/20 | step  640 | loss 0.7117
15:03:27 INFO     Epoch 6/20 | step  650 | loss 0.6706
15:03:27 INFO     Epoch 6/20 | step  660 | loss 0.6620
15:03:27 INFO     Epoch 6/20 | step  670 | loss 0.8166
15:03:28 INFO     Epoch 6/20 | step  680 | loss 0.6550
15:03:28 INFO     Epoch 6/20 | step  690 | loss 0.6789
15:03:28 INFO     Epoch 6/20 | step  700 | loss 0.8050
15:03:29 INFO     Epoch 6/20 | step  710 | loss 0.8527
15:03:29 INFO     Epoch 6/20 | step  720 | loss 0.7695
15:03:29 INFO     Epoch 6/20 | step  730 | loss 0.7010
15:03:30 INFO     Epoch 6/20 | step  740 | loss 0.8673
15:03:30 INFO     Epoch 6/20 | step  750 | loss 0.6248
15:03:30 INFO     Epoch 6/20 | step  760 | loss 0.7456
15:03:30 INFO     Epoch 6/20 | step  770 | loss 0.7824
15:03:31 INFO     Epoch 6/20 | step  780 | loss 0.7265
15:03:31 INFO     Epoch 6/20 | step  790 | loss 0.6448
15:03:31 INFO     Epoch 6/20 | step  800 | loss 0.8018
15:03:32 INFO     Epoch 6/20 | step  810 | loss 0.7300
15:03:32 INFO     Epoch 6/20 | step  820 | loss 0.7428
15:03:32 INFO     Epoch 6/20 | step  830 | loss 0.7281
15:03:33 INFO     Epoch 6/20 | step  840 | loss 0.6822
15:03:33 INFO     Epoch 6/20 | step  850 | loss 0.6956
15:03:33 INFO     Epoch 6/20 | step  860 | loss 0.6880
15:03:33 INFO     Epoch 6/20 | step  870 | loss 0.6945
15:03:34 INFO     Epoch 6/20 | step  880 | loss 0.7261
15:03:34 INFO     Epoch 6/20 | step  890 | loss 0.6764
15:03:34 INFO     Epoch 6/20 | step  900 | loss 0.7338
15:03:35 INFO     Epoch 6/20 | step  910 | loss 0.8684
15:03:35 INFO     Epoch 6/20 | step  920 | loss 0.7809
15:03:35 INFO     Epoch 6/20 | step  930 | loss 0.5744
15:03:36 INFO     Epoch 6/20 | step  940 | loss 0.7294
15:03:36 INFO     Epoch 6/20 | step  950 | loss 0.6422
15:03:36 INFO     Epoch 6/20 | step  960 | loss 0.6889
15:03:36 INFO     Epoch 6/20 | step  970 | loss 0.5981
15:03:37 INFO     Epoch 6/20 | step  980 | loss 0.8792
15:03:37 INFO     Epoch 6/20 | step  990 | loss 0.5892
15:03:37 INFO     Epoch 6/20 | step 1000 | loss 0.7463
15:03:38 INFO     Epoch 6/20 | step 1010 | loss 0.7675
15:03:38 INFO     Epoch 6/20 | step 1020 | loss 0.6629
15:03:38 INFO     Epoch 6/20 | step 1030 | loss 0.7275
15:03:39 INFO     Epoch 6/20 | step 1040 | loss 0.6684
15:03:39 INFO     Epoch 6/20 | step 1050 | loss 0.6770
15:03:39 INFO     Epoch 6/20 | step 1060 | loss 0.8128
15:03:40 INFO     Epoch 6/20 | step 1070 | loss 0.6167
15:03:40 INFO     Epoch 6/20 | step 1080 | loss 0.6500
15:03:40 INFO     Epoch 6/20 | step 1090 | loss 0.6920
15:03:40 INFO     Epoch 6/20 | step 1100 | loss 0.7965
15:03:41 INFO     Epoch 6/20 | step 1110 | loss 0.5641
15:03:41 INFO     Epoch 6/20 | step 1120 | loss 0.9103
15:03:41 INFO     Epoch 6/20 | step 1130 | loss 0.7173
15:03:42 INFO     Epoch 6/20 | step 1140 | loss 0.7099
15:03:42 INFO     Epoch 6/20 | step 1150 | loss 0.7804
15:03:42 INFO     Epoch 6/20 | step 1160 | loss 0.7431
15:03:43 INFO     Epoch 6/20 | step 1170 | loss 0.8037
15:03:43 INFO     Epoch 6/20 | step 1180 | loss 0.7179
15:03:43 INFO     Epoch 6/20 | step 1190 | loss 0.7084
15:03:43 INFO     Epoch 6/20 | step 1200 | loss 0.8886
15:03:44 INFO     Epoch 6/20 | step 1210 | loss 0.7420
15:03:44 INFO     Epoch 6/20 | step 1220 | loss 0.7149
15:03:44 INFO     Epoch 6/20 | step 1230 | loss 0.6917
15:03:45 INFO     Epoch 6/20 | step 1240 | loss 0.6738
15:03:45 INFO     Epoch 6/20 | step 1250 | loss 0.8101
15:03:45 INFO     Epoch 6/20 | step 1260 | loss 0.7928
15:03:46 INFO     Epoch 6/20 | step 1270 | loss 0.7718
15:03:46 INFO     Epoch 6/20 | step 1280 | loss 0.7840
15:03:46 INFO     Epoch 6/20 | step 1290 | loss 0.9580
15:03:47 INFO     Epoch 6/20 | step 1300 | loss 0.7600
15:03:47 INFO     Epoch 6/20 | step 1310 | loss 0.7856
15:03:47 INFO     Epoch 6/20 | step 1320 | loss 0.6717
15:03:47 INFO     Epoch 6/20 | step 1330 | loss 0.6492
15:03:48 INFO     Epoch 6/20 | step 1340 | loss 0.6574
15:03:48 INFO     Epoch 6/20 | step 1350 | loss 0.5773
15:03:48 INFO     Epoch 6/20 | step 1360 | loss 0.7728
15:03:49 INFO     Epoch 6/20 | step 1370 | loss 0.6709
15:03:49 INFO     Epoch 6/20 | step 1380 | loss 0.6842
15:03:49 INFO     Epoch 6/20 | step 1390 | loss 0.8295
15:03:50 INFO     Epoch 6/20 | step 1400 | loss 0.7072
15:03:50 INFO     Epoch 6/20 | step 1410 | loss 0.7606
15:03:50 INFO     Epoch 6/20 | step 1420 | loss 0.6998
15:03:50 INFO     Epoch 6/20 | step 1430 | loss 0.6642
15:03:51 INFO     Epoch 6/20 | step 1440 | loss 0.7078
15:03:51 INFO     Epoch 6/20 | step 1450 | loss 0.8582
15:03:51 INFO     Epoch 6/20 | step 1460 | loss 0.7127
15:03:52 INFO     Epoch 6/20 | step 1470 | loss 0.7088
15:03:52 INFO     Epoch 6/20 | step 1480 | loss 0.7654
15:03:52 INFO     Epoch 6/20 | step 1490 | loss 0.6235
15:03:53 INFO     Epoch 6/20 | step 1500 | loss 0.6661
15:03:53 INFO     Epoch 6/20 | step 1510 | loss 0.7684
15:03:53 INFO     Epoch 6/20 | step 1520 | loss 0.6882
15:03:53 INFO     Epoch 6/20 | step 1530 | loss 0.6960
15:03:54 INFO     Epoch 6/20 | step 1540 | loss 0.7601
15:03:54 INFO     Epoch 6/20 | step 1550 | loss 0.8683
15:03:54 INFO     Epoch 6/20 | step 1560 | loss 0.7662
15:03:55 INFO     Epoch 6/20 | step 1570 | loss 0.7966
15:03:55 INFO     Epoch 6/20 | step 1580 | loss 0.6485
15:03:55 INFO     Epoch 6/20 | step 1590 | loss 0.6745
15:03:56 INFO     Epoch 6/20 | step 1600 | loss 0.7798
15:03:56 INFO     Epoch 6/20 | step 1610 | loss 0.6710
15:03:56 INFO     Epoch 6/20 | step 1620 | loss 0.7496
15:03:57 INFO     Epoch 6/20 | step 1630 | loss 0.7373
15:03:57 INFO     Epoch 6/20 | step 1640 | loss 0.7119
15:03:57 INFO     Epoch 6/20 | step 1650 | loss 0.7429
15:03:57 INFO     Epoch 6/20 | step 1660 | loss 0.7361
15:03:58 INFO     Epoch 6/20 | step 1670 | loss 0.6771
15:03:58 INFO     Epoch 6/20 | step 1680 | loss 0.6921
15:03:58 INFO     Epoch 6/20 | step 1690 | loss 0.7595
15:03:59 INFO     Epoch 6/20 | step 1700 | loss 0.7328
15:03:59 INFO     Epoch 6/20 | step 1710 | loss 0.6837
15:03:59 INFO     Epoch 6/20 | step 1720 | loss 0.7483
15:04:00 INFO     Epoch 6/20 | step 1730 | loss 0.8533
15:04:00 INFO     Epoch 6/20 | step 1740 | loss 0.7527
15:04:00 INFO     Epoch 6/20 | step 1750 | loss 0.7192
15:04:00 INFO     Epoch 6/20 | step 1760 | loss 0.7069
15:04:01 INFO     Epoch 6/20 | step 1770 | loss 0.9077
15:04:01 INFO     Epoch 6/20 | step 1780 | loss 0.7195
15:04:01 INFO     Epoch 6/20 | step 1790 | loss 0.6676
15:04:02 INFO     Epoch 6/20 | step 1800 | loss 0.8044
15:04:02 INFO     Epoch 6/20 | step 1810 | loss 0.6140
15:04:02 INFO     Epoch 6/20 | step 1820 | loss 0.7111
15:04:03 INFO     Epoch 6/20 | step 1830 | loss 0.7136
15:04:03 INFO     Epoch 6/20 | step 1840 | loss 0.8130
15:04:03 INFO     Epoch 6/20 | step 1850 | loss 0.7944
15:04:04 INFO     Epoch 6/20 | step 1860 | loss 0.7480
15:04:04 INFO     Epoch 6/20 | step 1870 | loss 0.7780
15:04:04 INFO     Epoch 6/20 | step 1880 | loss 0.7443
15:04:04 INFO     Epoch 6/20 | step 1890 | loss 0.7674
15:04:05 INFO     Epoch 6/20 | step 1900 | loss 0.7033
15:04:05 INFO     Epoch 6/20 | step 1910 | loss 0.7365
15:04:05 INFO     Epoch 6/20 | step 1920 | loss 0.8527
15:04:06 INFO     Epoch 6/20 | step 1930 | loss 0.8692
15:04:06 INFO     Epoch 6/20 | step 1940 | loss 0.7483
15:04:06 INFO     Epoch 6/20 | step 1950 | loss 0.8457
15:04:07 INFO     Epoch 6/20 | step 1960 | loss 0.8066
15:04:07 INFO     Epoch 6/20 | step 1970 | loss 0.7730
15:04:07 INFO     Epoch 6/20 | step 1980 | loss 0.7421
15:04:07 INFO     Epoch 6/20 | step 1990 | loss 0.7172
15:04:08 INFO     Epoch 6/20 | step 2000 | loss 0.7764
15:04:08 INFO     Epoch 6/20 | step 2010 | loss 0.6389
15:04:08 INFO     Epoch 6/20 | step 2020 | loss 0.8804
15:04:09 INFO     Epoch 6/20 | step 2030 | loss 0.5912
15:04:09 INFO     Epoch 6/20 | step 2040 | loss 0.7596
15:04:09 INFO     Epoch 6/20 | step 2050 | loss 0.7318
15:04:10 INFO     Epoch 6/20 | step 2060 | loss 0.7869
15:04:10 INFO     Epoch 6/20 | step 2070 | loss 0.7164
15:04:10 INFO     Epoch 6/20 | step 2080 | loss 0.7756
15:04:11 INFO     Epoch 6/20 | step 2090 | loss 0.6503
15:04:11 INFO     Epoch 6/20 | step 2100 | loss 0.7686
15:04:11 INFO     Epoch 6/20 | step 2110 | loss 0.7222
15:04:11 INFO     Epoch 6/20 | step 2120 | loss 0.6118
15:04:12 INFO     Epoch 6/20 | step 2130 | loss 0.6845
15:04:12 INFO     Epoch 6/20 | step 2140 | loss 0.5845
15:04:12 INFO     Epoch 6/20 | step 2150 | loss 0.7354
15:04:13 INFO     Epoch 6/20 | step 2160 | loss 0.6455
15:04:13 INFO     Epoch 6/20 | step 2170 | loss 0.6984
15:04:13 INFO     Epoch 6/20 | step 2180 | loss 0.6398
15:04:14 INFO     Epoch 6/20 | step 2190 | loss 0.7098
15:04:14 INFO     Epoch 6/20 | step 2200 | loss 0.8253
15:04:14 INFO     Epoch 6/20 | step 2210 | loss 0.7851
15:04:14 INFO     Epoch 6/20 | step 2220 | loss 0.5942
15:04:15 INFO     Epoch 6/20 | step 2230 | loss 0.7457
15:04:15 INFO     Epoch 6/20 | step 2240 | loss 0.7339
15:04:15 INFO     Epoch 6/20 | step 2250 | loss 0.6716
15:04:16 INFO     Epoch 6/20 | step 2260 | loss 0.7084
15:04:16 INFO     Epoch 6/20 | step 2270 | loss 0.7057
15:04:16 INFO     Epoch 6/20 | step 2280 | loss 0.7940
15:04:17 INFO     Epoch 6/20 | step 2290 | loss 0.7337
15:04:17 INFO     Epoch 6/20 | step 2300 | loss 0.7870
15:04:17 INFO     Epoch 6/20 | step 2310 | loss 0.7103
15:04:18 INFO     Epoch 6/20 | step 2320 | loss 0.6745
15:04:18 INFO     Epoch 6/20 | step 2330 | loss 0.7345
15:04:18 INFO     Epoch 6/20 | step 2340 | loss 0.5987
15:04:18 INFO     Epoch 6/20 | step 2350 | loss 0.7627
15:04:19 INFO     Epoch 6/20 | step 2360 | loss 0.7906
15:04:19 INFO     Epoch 6/20 | step 2370 | loss 0.8450
15:04:19 INFO     Epoch 6/20 | step 2380 | loss 0.6709
15:04:20 INFO     Epoch 6/20 | step 2390 | loss 0.5811
15:04:20 INFO     Epoch 6/20 | step 2400 | loss 0.7665
15:04:20 INFO     Epoch 6/20 | step 2410 | loss 0.7221
15:04:21 INFO     Epoch 6/20 | step 2420 | loss 0.7527
15:04:21 INFO     Epoch 6/20 | step 2430 | loss 0.7077
15:04:21 INFO     Epoch 6/20 | step 2440 | loss 0.7006
15:04:21 INFO     Epoch 6/20 | step 2450 | loss 0.7340
15:04:22 INFO     Epoch 6/20 | step 2460 | loss 0.6844
15:04:22 INFO     Epoch 6/20 | step 2470 | loss 0.6196
15:04:22 INFO     Epoch 6/20 | step 2480 | loss 0.6627
15:04:23 INFO     Epoch 6/20 | step 2490 | loss 0.8129
15:04:23 INFO     Epoch 6/20 | step 2500 | loss 0.7445
15:04:23 INFO     Epoch 6/20 | step 2510 | loss 0.6182
15:04:24 INFO     Epoch 6/20 | step 2520 | loss 0.6983
15:04:24 INFO     Epoch 6/20 | step 2530 | loss 0.8319
15:04:24 INFO     Epoch 6/20 | step 2540 | loss 0.7000
15:04:25 INFO     Epoch 6/20 | step 2550 | loss 0.8333
15:04:25 INFO     Epoch 6/20 | step 2560 | loss 0.6868
15:04:25 INFO     Epoch 6/20 | step 2570 | loss 0.7708
15:04:25 INFO     Epoch 6/20 | step 2580 | loss 0.7160
15:04:26 INFO     Epoch 6/20 | step 2590 | loss 0.7121
15:04:26 INFO     Epoch 6/20 | step 2600 | loss 0.7693
15:04:26 INFO     Epoch 6/20 | step 2610 | loss 0.6373
15:04:27 INFO     Epoch 6/20 | step 2620 | loss 0.8066
15:04:27 INFO     Epoch 6/20 | step 2630 | loss 0.6598
15:04:27 INFO     Epoch 6/20 | step 2640 | loss 0.7093
15:04:28 INFO     Epoch 6/20 | step 2650 | loss 0.6358
15:04:28 INFO     Epoch 6/20 | step 2660 | loss 0.6949
15:04:28 INFO     Epoch 6/20 | step 2670 | loss 0.7143
15:04:28 INFO     Epoch 6/20 | step 2680 | loss 0.6281
15:04:29 INFO     Epoch 6/20 | step 2690 | loss 0.7602
15:04:29 INFO     Epoch 6/20 | step 2700 | loss 0.6452
15:04:29 INFO     Epoch 6/20 | step 2710 | loss 0.6941
15:04:30 INFO     Epoch 6/20 | step 2720 | loss 0.6862
15:04:30 INFO     Epoch 6/20 | step 2730 | loss 0.6461
15:04:30 INFO     Epoch 6/20 | step 2740 | loss 0.7181
15:04:31 INFO     Epoch 6/20 | step 2750 | loss 0.6362
15:04:31 INFO     Epoch 6/20 | step 2760 | loss 0.7002
15:04:31 INFO     Epoch 6/20 | step 2770 | loss 0.6291
15:04:31 INFO     Epoch 6/20 | step 2780 | loss 0.6995
15:04:32 INFO     Epoch 6/20 | step 2790 | loss 0.6391
15:04:32 INFO     Epoch 6/20 | step 2800 | loss 0.6864
15:04:32 INFO     Epoch 6/20 | step 2810 | loss 0.8423
15:04:33 INFO     Epoch 6/20 | step 2820 | loss 0.7261
15:04:33 INFO     Epoch 6/20 | step 2830 | loss 0.7233
15:04:33 INFO     Epoch 6/20 | step 2840 | loss 0.7312
15:04:34 INFO     Epoch 6/20 | step 2850 | loss 0.6353
15:04:34 INFO     Epoch 6/20 | step 2860 | loss 0.6640
15:04:34 INFO     Epoch 6/20 | step 2870 | loss 0.8343
15:04:35 INFO     Epoch 6/20 | step 2880 | loss 0.7059
15:04:35 INFO     Epoch 6/20 | step 2890 | loss 0.7307
15:04:35 INFO     Epoch 6/20 | step 2900 | loss 0.8087
15:04:35 INFO     Epoch 6/20 | step 2910 | loss 0.6559
15:04:36 INFO     Epoch 6/20 | step 2920 | loss 0.7089
15:04:36 INFO     Epoch 6/20 | step 2930 | loss 0.8120
15:04:36 INFO     Epoch 6/20 | step 2940 | loss 0.6129
15:04:37 INFO     Epoch 6/20 | step 2950 | loss 0.6598
15:04:37 INFO     Epoch 6/20 | step 2960 | loss 0.7204
15:04:37 INFO     Epoch 6/20 | step 2970 | loss 0.5925
15:04:38 INFO     Epoch 6/20 | step 2980 | loss 0.6750
15:04:38 INFO     Epoch 6/20 | step 2990 | loss 0.7642
15:04:38 INFO     Epoch 6/20 | step 3000 | loss 0.6351
15:04:38 INFO     Epoch 6/20 | step 3010 | loss 0.7248
15:04:39 INFO     Epoch 6/20 | step 3020 | loss 0.8058
15:04:39 INFO     Epoch 6/20 | step 3030 | loss 0.5690
15:04:39 INFO     Epoch 6/20 | step 3040 | loss 0.7695
15:04:40 INFO     Epoch 6/20 | step 3050 | loss 0.7493
15:04:40 INFO     Epoch 6/20 | step 3060 | loss 0.6592
15:04:40 INFO     Epoch 6/20 | step 3070 | loss 0.6208
15:04:41 INFO     Epoch 6/20 | step 3080 | loss 0.7843
15:04:41 INFO     Epoch 6/20 | step 3090 | loss 0.6312
15:04:41 INFO     Epoch 6/20 | step 3100 | loss 0.7003
15:04:42 INFO     Epoch 6/20 | step 3110 | loss 0.7803
15:04:42 INFO     Epoch 6/20 | step 3120 | loss 0.6948
15:04:42 INFO     Epoch 6/20 | step 3130 | loss 0.7309
15:04:42 INFO     Epoch 6/20 | step 3140 | loss 0.6638
15:04:43 INFO     Epoch 6/20 | step 3150 | loss 0.5973
15:04:43 INFO     Epoch 6/20 | step 3160 | loss 0.7800
15:04:43 INFO     Epoch 6/20 | step 3170 | loss 0.6007
15:04:44 INFO     Epoch 6/20 | step 3180 | loss 0.7395
15:04:44 INFO     Epoch 6/20 | step 3190 | loss 0.7599
15:04:44 INFO     Epoch 6/20 | step 3200 | loss 0.7355
15:04:45 INFO     Epoch 6/20 | step 3210 | loss 0.7198
15:04:45 INFO     Epoch 6/20 | step 3220 | loss 0.6495
15:04:45 INFO     Epoch 6/20 | step 3230 | loss 0.7353
15:04:45 INFO     Epoch 6/20 | step 3240 | loss 0.7695
15:04:46 INFO     Epoch 6/20 | step 3250 | loss 0.8007
15:04:46 INFO     Epoch 6/20 | step 3260 | loss 0.6994
15:04:46 INFO     Epoch 6/20 | step 3270 | loss 0.7492
15:04:47 INFO     Epoch 6/20 | step 3280 | loss 0.6959
15:04:47 INFO     Epoch 6/20 | step 3290 | loss 0.6559
15:04:47 INFO     Epoch 6/20 | step 3300 | loss 0.5780
15:04:48 INFO     Epoch 6/20 | step 3310 | loss 0.6935
15:04:48 INFO     Epoch 6/20 | step 3320 | loss 0.8451
15:04:48 INFO     Epoch 6/20 | step 3330 | loss 0.7455
15:04:49 INFO     Epoch 6/20 | step 3340 | loss 0.7132
15:04:49 INFO     Epoch 6/20 | step 3350 | loss 0.7050
15:04:49 INFO     Epoch 6/20 | step 3360 | loss 0.6563
15:04:49 INFO     Epoch 6/20 | step 3370 | loss 0.7398
15:04:50 INFO     Epoch 6/20 | step 3380 | loss 0.7951
15:04:50 INFO     Epoch 6/20 | step 3390 | loss 0.8568
15:04:50 INFO     Epoch 6/20 | step 3400 | loss 0.6621
15:04:51 INFO     Epoch 6/20 | step 3410 | loss 0.6405
15:04:51 INFO     Epoch 6/20 | step 3420 | loss 0.7571
15:04:51 INFO     Epoch 6/20 | step 3430 | loss 0.6531
15:04:52 INFO     Epoch 6/20 | step 3440 | loss 0.7472
15:04:52 INFO     Epoch 6/20 | step 3450 | loss 0.7303
15:04:52 INFO     Epoch 6/20 | step 3460 | loss 0.6358
15:04:52 INFO     Epoch 6/20 | step 3470 | loss 0.7402
15:04:53 INFO     Epoch 6/20 | step 3480 | loss 0.6774
15:04:53 INFO     Epoch 6/20 | step 3490 | loss 0.8224
15:04:53 INFO     Epoch 6/20 | step 3500 | loss 0.7001
15:04:54 INFO     Epoch 6/20 | step 3510 | loss 0.7518
15:04:54 INFO     Epoch 6/20 | step 3520 | loss 0.7630
15:04:54 INFO     Epoch 6/20 | step 3530 | loss 0.7114
15:04:55 INFO     Epoch 6/20 | step 3540 | loss 0.6958
15:04:55 INFO     Epoch 6/20 | step 3550 | loss 0.6651
15:04:55 INFO     Epoch 6/20 | step 3560 | loss 0.7884
15:04:56 INFO     Epoch 6/20 | step 3570 | loss 0.5949
15:04:56 INFO     Epoch 6/20 | step 3580 | loss 0.7886
15:04:56 INFO     Epoch 6/20 | step 3590 | loss 0.5396
15:04:56 INFO     Epoch 6/20 | step 3600 | loss 0.7128
15:04:57 INFO     Epoch 6/20 | step 3610 | loss 0.7479
15:04:57 INFO     Epoch 6/20 | step 3620 | loss 0.6496
15:04:57 INFO     Epoch 6/20 | step 3630 | loss 0.7153
15:04:58 INFO     Epoch 6/20 | step 3640 | loss 0.6773
15:04:58 INFO     Epoch 6/20 | step 3650 | loss 0.6293
15:04:58 INFO     Epoch 6/20 | step 3660 | loss 0.6553
15:04:59 INFO     Epoch 6/20 | step 3670 | loss 0.5816
15:04:59 INFO     Epoch 6/20 | step 3680 | loss 0.6187
15:04:59 INFO     Epoch 6/20 | step 3690 | loss 0.6396
15:04:59 INFO     Epoch 6/20 | step 3700 | loss 0.9226
15:05:00 INFO     Epoch 6/20 | step 3710 | loss 0.6900
15:05:00 INFO     Epoch 6/20 | step 3720 | loss 0.7425
15:05:00 INFO     Epoch 6/20 | step 3730 | loss 0.6398
15:05:01 INFO     Epoch 6/20 | step 3740 | loss 0.6529
15:05:01 INFO     Epoch 6/20 | step 3750 | loss 0.6279
15:05:01 INFO     Epoch 6/20 | step 3760 | loss 0.7768
15:05:02 INFO     Epoch 6/20 | step 3770 | loss 0.6864
15:05:02 INFO     Epoch 6/20 | step 3780 | loss 0.5254
15:05:02 INFO     Epoch 6/20 | step 3790 | loss 0.6362
15:05:03 INFO     Epoch 6/20 | step 3800 | loss 0.6147
15:05:03 INFO     Epoch 6/20 | step 3810 | loss 0.6699
15:05:03 INFO     Epoch 6/20 | step 3820 | loss 0.7549
15:05:03 INFO     Epoch 6/20 | step 3830 | loss 0.6312
15:05:04 INFO     Epoch 6/20 | step 3840 | loss 0.6870
15:05:04 INFO     Epoch 6/20 | step 3850 | loss 0.7572
15:05:04 INFO     Epoch 6/20 | step 3860 | loss 0.5969
15:05:05 INFO     Epoch 6/20 | step 3870 | loss 0.7096
15:05:05 INFO     Epoch 6/20 | step 3880 | loss 0.6560
15:05:05 INFO     Epoch 6/20 | step 3890 | loss 0.7994
15:05:06 INFO     Epoch 6/20 | step 3900 | loss 0.7531
15:05:06 INFO     Epoch 6/20 | step 3910 | loss 0.6290
15:05:06 INFO     Epoch 6/20 | step 3920 | loss 0.5911
15:05:06 INFO     Epoch 6/20 | step 3930 | loss 0.5543
15:05:07 INFO     Epoch 6/20 | step 3940 | loss 0.6726
15:05:07 INFO     Epoch 6/20 | step 3950 | loss 0.6559
15:05:07 INFO     Epoch 6/20 | step 3960 | loss 0.6993
15:05:08 INFO     Epoch 6/20 | step 3970 | loss 0.6015
15:05:08 INFO     Epoch 6/20 | step 3980 | loss 0.7056
15:05:08 INFO     Epoch 6/20 | step 3990 | loss 0.5882
15:05:09 INFO     Epoch 6/20 | step 4000 | loss 0.6327
15:05:09 INFO     Epoch 6/20 | step 4010 | loss 0.6066
15:05:09 INFO     Epoch 6/20 | step 4020 | loss 0.6204
15:05:09 INFO     Epoch 6/20 | step 4030 | loss 0.7462
15:05:10 INFO     Epoch 6/20 | step 4040 | loss 0.7975
15:05:10 INFO     Epoch 6/20 | step 4050 | loss 0.7218
15:05:10 INFO     Epoch 6/20 | step 4060 | loss 0.7391
15:05:11 INFO     Epoch 6/20 | step 4070 | loss 0.6872
15:05:11 INFO     Epoch 6/20 | step 4080 | loss 0.7096
15:05:11 INFO     Epoch 6/20 | step 4090 | loss 0.5677
15:05:12 INFO     Epoch 6/20 | step 4100 | loss 0.8032
15:05:12 INFO     Epoch 6/20 | step 4110 | loss 0.6728
15:05:12 INFO     Epoch 6/20 | step 4120 | loss 0.7002
15:05:13 INFO     Epoch 6/20 | step 4130 | loss 0.6685
15:05:13 INFO     Epoch 6/20 | step 4140 | loss 0.7772
15:05:13 INFO     Epoch 6/20 | step 4150 | loss 0.7343
15:05:13 INFO     Epoch 6/20 | step 4160 | loss 0.7826
15:05:14 INFO     Epoch 6/20 | step 4170 | loss 0.7412
15:05:14 INFO     Epoch 6/20 | step 4180 | loss 0.6587
15:05:14 INFO     Epoch 6/20 | step 4190 | loss 0.8011
15:05:15 INFO     Epoch 6/20 | step 4200 | loss 0.6140
15:05:15 INFO     Epoch 6/20 | step 4210 | loss 0.8102
15:05:15 INFO     Epoch 6/20 | step 4220 | loss 0.6101
15:05:16 INFO     Epoch 6/20 | step 4230 | loss 0.6462
15:05:16 INFO     Epoch 6/20 | step 4240 | loss 0.6751
15:05:16 INFO     Epoch 6/20 | step 4250 | loss 0.7021
15:05:16 INFO     Epoch 6/20 | step 4260 | loss 0.6560
15:05:17 INFO     Epoch 6/20 | step 4270 | loss 0.6519
15:05:17 INFO     Epoch 6/20 | step 4280 | loss 0.6213
15:05:17 INFO     Epoch 6/20 | step 4290 | loss 0.6113
15:05:18 INFO     Epoch 6/20 | step 4300 | loss 0.7547
15:05:18 INFO     Epoch 6/20 | step 4310 | loss 0.6413
15:05:18 INFO     Epoch 6/20 | step 4320 | loss 0.5703
15:05:19 INFO     Epoch 6/20 | step 4330 | loss 0.6005
15:05:19 INFO     Epoch 6/20 | step 4340 | loss 0.5890
15:05:19 INFO     Epoch 6/20 | step 4350 | loss 0.6629
15:05:20 INFO     Epoch 6/20 | step 4360 | loss 0.6046
15:05:20 INFO     Epoch 6/20 | step 4370 | loss 0.7111
15:05:20 INFO     Epoch 6/20 | step 4380 | loss 0.6488
15:05:20 INFO     Epoch 6/20 | step 4390 | loss 0.6593
15:05:21 INFO     Epoch 6/20 | step 4400 | loss 0.6227
15:05:21 INFO     Epoch 6/20 | step 4410 | loss 0.6863
15:05:21 INFO     Epoch 6/20 | step 4420 | loss 0.6955
15:05:22 INFO     Epoch 6/20 | step 4430 | loss 0.6575
15:05:22 INFO     Epoch 6/20 | step 4440 | loss 0.6629
15:05:22 INFO     Epoch 6/20 | step 4450 | loss 0.6713
15:05:23 INFO     Epoch 6/20 | step 4460 | loss 0.6969
15:05:23 INFO     Epoch 6/20 | step 4470 | loss 0.7618
15:05:23 INFO     Epoch 6/20 | step 4480 | loss 0.7968
15:05:23 INFO     Epoch 6/20 | step 4490 | loss 0.6410
15:05:24 INFO     Epoch 6/20 | step 4500 | loss 0.7649
15:05:24 INFO     Epoch 6/20 | step 4510 | loss 0.6761
15:05:24 INFO     Epoch 6/20 | step 4520 | loss 0.6810
15:05:25 INFO     Epoch 6/20 | step 4530 | loss 0.6626
15:05:25 INFO     Epoch 6/20 | step 4540 | loss 0.6847
15:05:25 INFO     Epoch 6/20 | step 4550 | loss 0.7055
15:05:26 INFO     Epoch 6/20 | step 4560 | loss 0.6837
15:05:26 INFO     Epoch 6/20 | step 4570 | loss 0.7132
15:05:26 INFO     Epoch 6/20 | step 4580 | loss 0.7201
15:05:27 INFO     Epoch 6/20 | step 4590 | loss 0.6449
15:05:27 INFO     Epoch 6/20 | step 4600 | loss 0.6328
15:05:27 INFO     Epoch 6/20 | step 4610 | loss 0.6849
15:05:27 INFO     Epoch 6/20 | step 4620 | loss 0.8144
15:05:28 INFO     Epoch 6/20 | step 4630 | loss 0.6596
15:05:28 INFO     Epoch 6/20 | step 4640 | loss 0.6316
15:05:28 INFO     Epoch 6/20 | step 4650 | loss 0.6200
15:05:29 INFO     Epoch 6/20 | step 4660 | loss 0.7188
15:05:29 INFO     Epoch 6/20 | step 4670 | loss 0.7597
15:05:29 INFO     Epoch 6/20 | step 4680 | loss 0.6063
15:05:30 INFO     Epoch 6/20 | step 4690 | loss 0.5443
15:05:30 INFO     Epoch 6/20 | step 4700 | loss 0.7016
15:05:30 INFO     Epoch 6/20 | step 4710 | loss 0.7506
15:05:30 INFO     Epoch 6/20 | step 4720 | loss 0.6827
15:05:31 INFO     Epoch 6/20 | step 4730 | loss 0.5936
15:05:31 INFO     Epoch 6/20 | step 4740 | loss 0.6374
15:05:31 INFO     Epoch 6/20 | step 4750 | loss 0.6858
15:05:32 INFO     Epoch 6/20 | step 4760 | loss 0.6548
15:05:32 INFO     Epoch 6/20 | step 4770 | loss 0.6356
15:05:32 INFO     Epoch 6/20 | step 4780 | loss 0.6544
15:05:33 INFO     Epoch 6/20 | step 4790 | loss 0.6603
15:05:33 INFO     Epoch 6/20 | step 4800 | loss 0.7277
15:05:33 INFO     Epoch 6/20 | step 4810 | loss 0.8062
15:05:34 INFO     Epoch 6/20 | step 4820 | loss 0.5653
15:05:34 INFO     Epoch 6/20 | step 4830 | loss 0.6660
15:05:34 INFO     Epoch 6/20 | step 4840 | loss 0.5773
15:05:34 INFO     Epoch 6/20 | step 4850 | loss 0.6634
15:05:35 INFO     Epoch 6/20 | step 4860 | loss 0.6908
15:05:35 INFO     Epoch 6/20 | step 4870 | loss 0.7058
15:05:35 INFO     Epoch 6/20 | step 4880 | loss 0.6803
15:05:36 INFO     Epoch 6/20 | step 4890 | loss 0.6562
15:05:36 INFO     Epoch 6/20 | step 4900 | loss 0.7846
15:05:36 INFO     Epoch 6/20 | step 4910 | loss 0.7344
15:05:37 INFO     Epoch 6/20 | step 4920 | loss 0.5846
15:05:37 INFO     Epoch 6/20 | step 4930 | loss 0.6586
15:05:37 INFO     Epoch 6/20 | step 4940 | loss 0.6097
15:05:37 INFO     Epoch 6/20 | step 4950 | loss 0.7974
15:05:38 INFO     Epoch 6/20 | step 4960 | loss 0.7215
15:05:38 INFO     Epoch 6/20 | step 4970 | loss 0.7341
15:05:38 INFO     Epoch 6/20 | step 4980 | loss 0.8061
15:05:39 INFO     Epoch 6/20 | step 4990 | loss 0.6572
15:05:39 INFO     Epoch 6/20 | step 5000 | loss 0.7207
15:05:39 INFO     Epoch 6/20 | step 5010 | loss 0.8128
15:05:40 INFO     Epoch 6/20 | step 5020 | loss 0.6914
15:05:40 INFO     Epoch 6/20 | step 5030 | loss 0.6605
15:05:40 INFO     Epoch 6/20 | step 5040 | loss 0.8077
15:05:41 INFO     Epoch 6/20 | step 5050 | loss 0.6458
15:05:41 INFO     Epoch 6/20 | step 5060 | loss 0.6789
15:05:41 INFO     Epoch 6/20 | step 5070 | loss 0.6321
15:05:41 INFO     Epoch 6/20 | step 5080 | loss 0.6062
15:05:42 INFO     Epoch 6/20 | step 5090 | loss 0.7109
15:05:42 INFO     Epoch 6/20 | step 5100 | loss 0.7743
15:05:42 INFO     Epoch 6/20 | step 5110 | loss 0.6996
15:05:43 INFO     Epoch 6/20 | step 5120 | loss 0.7049
15:05:43 INFO     Epoch 6/20 | step 5130 | loss 0.6262
15:05:43 INFO     Epoch 6/20 | step 5140 | loss 0.7645
15:05:44 INFO     Epoch 6/20 | step 5150 | loss 0.6716
15:05:44 INFO     Epoch 6/20 | step 5160 | loss 0.6168
15:05:44 INFO     Epoch 6/20 | step 5170 | loss 0.6720
15:05:44 INFO     Epoch 6/20 | step 5180 | loss 0.6308
15:05:45 INFO     Epoch 6/20 | step 5190 | loss 0.6555
15:05:45 INFO     Epoch 6/20 | step 5200 | loss 0.6478
15:05:45 INFO     Epoch 6/20 | step 5210 | loss 0.5860
15:05:46 INFO     Epoch 6/20 | step 5220 | loss 0.6980
15:05:46 INFO     Epoch 6/20 | step 5230 | loss 0.6710
15:05:46 INFO     Epoch 6/20 | step 5240 | loss 0.6736
15:05:47 INFO     Epoch 6/20 | step 5250 | loss 0.6049
15:05:47 INFO     Epoch 6/20 | step 5260 | loss 0.6883
15:05:47 INFO     Epoch 6/20 | step 5270 | loss 0.5610
15:05:48 INFO     Epoch 6/20 | step 5280 | loss 0.6332
15:05:48 INFO     Epoch 6/20 | step 5290 | loss 0.4454
15:05:48 INFO     Epoch 6/20 | step 5300 | loss 0.7127
15:05:48 INFO     Epoch 6/20 | step 5310 | loss 0.6191
15:05:49 INFO     Epoch 6/20 | step 5320 | loss 0.6561
15:05:49 INFO     Epoch 6/20 | step 5330 | loss 0.5471
15:05:49 INFO     Epoch 6/20 | step 5340 | loss 0.6867
15:05:50 INFO     Epoch 6/20 | step 5350 | loss 0.7116
15:05:50 INFO     Epoch 6/20 | step 5360 | loss 0.6725
15:05:50 INFO     Epoch 6/20 | step 5370 | loss 0.6357
15:05:51 INFO     Epoch 6/20 | step 5380 | loss 0.7058
15:05:51 INFO     Epoch 6/20 | step 5390 | loss 0.6277
15:05:51 INFO     Epoch 6/20 | step 5400 | loss 0.7107
15:05:51 INFO     Epoch 6/20 | step 5410 | loss 0.7227
15:05:52 INFO     Epoch 6/20 | step 5420 | loss 0.6252
15:05:52 INFO     Epoch 6/20 | step 5430 | loss 0.6793
15:05:52 INFO     Epoch 6/20 | step 5440 | loss 0.5633
15:05:53 INFO     Epoch 6/20 | step 5450 | loss 0.6878
15:05:53 INFO     Epoch 6/20 | step 5460 | loss 0.6493
15:05:53 INFO     Epoch 6/20 | step 5470 | loss 0.5945
15:05:54 INFO     Epoch 6/20 | step 5480 | loss 0.6108
15:05:54 INFO     Epoch 6/20 | step 5490 | loss 0.6037
15:05:54 INFO     Epoch 6/20 | step 5500 | loss 0.6310
15:05:54 INFO     Epoch 6/20 | step 5510 | loss 0.6353
15:05:55 INFO     Epoch 6/20 | step 5520 | loss 0.6114
15:05:55 INFO     Epoch 6/20 | step 5530 | loss 0.6540
15:05:55 INFO     Epoch 6/20 | step 5540 | loss 0.7448
15:05:56 INFO     Epoch 6/20 | step 5550 | loss 0.6721
15:05:56 INFO     Epoch 6/20 | step 5560 | loss 0.5777
15:05:56 INFO     Epoch 6/20 | step 5570 | loss 0.6225
15:05:57 INFO     Epoch 6/20 | step 5580 | loss 0.6905
15:05:57 INFO     Epoch 6/20 | step 5590 | loss 0.8004
15:05:57 INFO     Epoch 6/20 | step 5600 | loss 0.6567
15:05:58 INFO     Epoch 6/20 | step 5610 | loss 0.7560
15:05:58 INFO     Epoch 6/20 | step 5620 | loss 0.7015
15:05:58 INFO     Epoch 6/20 | step 5630 | loss 0.6784
15:05:58 INFO     Epoch 6/20 | step 5640 | loss 0.8505
15:05:59 INFO     Epoch 6/20 | step 5650 | loss 0.7081
15:05:59 INFO     Epoch 6/20 | avg loss 0.7096
15:05:59 INFO     Epoch 6/20 | new best loss 0.7096 — checkpoint saved
15:05:59 INFO     Epoch 7/20 | step   10 | loss 0.6493
15:05:59 INFO     Epoch 7/20 | step   20 | loss 0.7227
15:06:00 INFO     Epoch 7/20 | step   30 | loss 0.6008
15:06:00 INFO     Epoch 7/20 | step   40 | loss 0.7408
15:06:00 INFO     Epoch 7/20 | step   50 | loss 0.8246
15:06:01 INFO     Epoch 7/20 | step   60 | loss 0.6211
15:06:01 INFO     Epoch 7/20 | step   70 | loss 0.5356
15:06:01 INFO     Epoch 7/20 | step   80 | loss 0.6797
15:06:02 INFO     Epoch 7/20 | step   90 | loss 0.5856
15:06:02 INFO     Epoch 7/20 | step  100 | loss 0.7106
15:06:02 INFO     Epoch 7/20 | step  110 | loss 0.5928
15:06:03 INFO     Epoch 7/20 | step  120 | loss 0.5475
15:06:03 INFO     Epoch 7/20 | step  130 | loss 0.7297
15:06:03 INFO     Epoch 7/20 | step  140 | loss 0.6098
15:06:03 INFO     Epoch 7/20 | step  150 | loss 0.7052
15:06:04 INFO     Epoch 7/20 | step  160 | loss 0.7616
15:06:04 INFO     Epoch 7/20 | step  170 | loss 0.6184
15:06:04 INFO     Epoch 7/20 | step  180 | loss 0.6236
15:06:05 INFO     Epoch 7/20 | step  190 | loss 0.6874
15:06:05 INFO     Epoch 7/20 | step  200 | loss 0.7593
15:06:05 INFO     Epoch 7/20 | step  210 | loss 0.7605
15:06:06 INFO     Epoch 7/20 | step  220 | loss 0.6500
15:06:06 INFO     Epoch 7/20 | step  230 | loss 0.5596
15:06:06 INFO     Epoch 7/20 | step  240 | loss 0.7108
15:06:06 INFO     Epoch 7/20 | step  250 | loss 0.6131
15:06:07 INFO     Epoch 7/20 | step  260 | loss 0.7858
15:06:07 INFO     Epoch 7/20 | step  270 | loss 0.6914
15:06:07 INFO     Epoch 7/20 | step  280 | loss 0.4675
15:06:08 INFO     Epoch 7/20 | step  290 | loss 0.7131
15:06:08 INFO     Epoch 7/20 | step  300 | loss 0.6930
15:06:08 INFO     Epoch 7/20 | step  310 | loss 0.5841
15:06:09 INFO     Epoch 7/20 | step  320 | loss 0.6817
15:06:09 INFO     Epoch 7/20 | step  330 | loss 0.6668
15:06:09 INFO     Epoch 7/20 | step  340 | loss 0.6393
15:06:10 INFO     Epoch 7/20 | step  350 | loss 0.6665
15:06:10 INFO     Epoch 7/20 | step  360 | loss 0.5393
15:06:10 INFO     Epoch 7/20 | step  370 | loss 0.6730
15:06:10 INFO     Epoch 7/20 | step  380 | loss 0.6703
15:06:11 INFO     Epoch 7/20 | step  390 | loss 0.7957
15:06:11 INFO     Epoch 7/20 | step  400 | loss 0.6735
15:06:11 INFO     Epoch 7/20 | step  410 | loss 0.7176
15:06:12 INFO     Epoch 7/20 | step  420 | loss 0.6611
15:06:12 INFO     Epoch 7/20 | step  430 | loss 0.5876
15:06:12 INFO     Epoch 7/20 | step  440 | loss 0.7199
15:06:13 INFO     Epoch 7/20 | step  450 | loss 0.7615
15:06:13 INFO     Epoch 7/20 | step  460 | loss 0.6244
15:06:13 INFO     Epoch 7/20 | step  470 | loss 0.6238
15:06:13 INFO     Epoch 7/20 | step  480 | loss 0.6891
15:06:14 INFO     Epoch 7/20 | step  490 | loss 0.6544
15:06:14 INFO     Epoch 7/20 | step  500 | loss 0.5590
15:06:14 INFO     Epoch 7/20 | step  510 | loss 0.6321
15:06:15 INFO     Epoch 7/20 | step  520 | loss 0.6230
15:06:15 INFO     Epoch 7/20 | step  530 | loss 0.6476
15:06:15 INFO     Epoch 7/20 | step  540 | loss 0.7445
15:06:16 INFO     Epoch 7/20 | step  550 | loss 0.7552
15:06:16 INFO     Epoch 7/20 | step  560 | loss 0.7002
15:06:16 INFO     Epoch 7/20 | step  570 | loss 0.7613
15:06:16 INFO     Epoch 7/20 | step  580 | loss 0.7431
15:06:17 INFO     Epoch 7/20 | step  590 | loss 0.6117
15:06:17 INFO     Epoch 7/20 | step  600 | loss 0.6931
15:06:17 INFO     Epoch 7/20 | step  610 | loss 0.6776
15:06:18 INFO     Epoch 7/20 | step  620 | loss 0.6943
15:06:18 INFO     Epoch 7/20 | step  630 | loss 0.5904
15:06:18 INFO     Epoch 7/20 | step  640 | loss 0.6914
15:06:19 INFO     Epoch 7/20 | step  650 | loss 0.6495
15:06:19 INFO     Epoch 7/20 | step  660 | loss 0.6245
15:06:19 INFO     Epoch 7/20 | step  670 | loss 0.6551
15:06:20 INFO     Epoch 7/20 | step  680 | loss 0.7646
15:06:20 INFO     Epoch 7/20 | step  690 | loss 0.6478
15:06:20 INFO     Epoch 7/20 | step  700 | loss 0.6462
15:06:20 INFO     Epoch 7/20 | step  710 | loss 0.7086
15:06:21 INFO     Epoch 7/20 | step  720 | loss 0.6160
15:06:21 INFO     Epoch 7/20 | step  730 | loss 0.6760
15:06:21 INFO     Epoch 7/20 | step  740 | loss 0.6422
15:06:22 INFO     Epoch 7/20 | step  750 | loss 0.7815
15:06:22 INFO     Epoch 7/20 | step  760 | loss 0.7182
15:06:22 INFO     Epoch 7/20 | step  770 | loss 0.6654
15:06:23 INFO     Epoch 7/20 | step  780 | loss 0.6327
15:06:23 INFO     Epoch 7/20 | step  790 | loss 0.6047
15:06:23 INFO     Epoch 7/20 | step  800 | loss 0.7132
15:06:23 INFO     Epoch 7/20 | step  810 | loss 0.6820
15:06:24 INFO     Epoch 7/20 | step  820 | loss 0.6103
15:06:24 INFO     Epoch 7/20 | step  830 | loss 0.6624
15:06:24 INFO     Epoch 7/20 | step  840 | loss 0.7205
15:06:25 INFO     Epoch 7/20 | step  850 | loss 0.6241
15:06:25 INFO     Epoch 7/20 | step  860 | loss 0.7185
15:06:25 INFO     Epoch 7/20 | step  870 | loss 0.6410
15:06:26 INFO     Epoch 7/20 | step  880 | loss 0.6326
15:06:26 INFO     Epoch 7/20 | step  890 | loss 0.5909
15:06:26 INFO     Epoch 7/20 | step  900 | loss 0.5896
15:06:27 INFO     Epoch 7/20 | step  910 | loss 0.6600
15:06:27 INFO     Epoch 7/20 | step  920 | loss 0.5872
15:06:27 INFO     Epoch 7/20 | step  930 | loss 0.5560
15:06:27 INFO     Epoch 7/20 | step  940 | loss 0.6289
15:06:28 INFO     Epoch 7/20 | step  950 | loss 0.6265
15:06:28 INFO     Epoch 7/20 | step  960 | loss 0.6389
15:06:28 INFO     Epoch 7/20 | step  970 | loss 0.6012
15:06:29 INFO     Epoch 7/20 | step  980 | loss 0.6437
15:06:29 INFO     Epoch 7/20 | step  990 | loss 0.5832
15:06:29 INFO     Epoch 7/20 | step 1000 | loss 0.6372
15:06:30 INFO     Epoch 7/20 | step 1010 | loss 0.6063
15:06:30 INFO     Epoch 7/20 | step 1020 | loss 0.7628
15:06:30 INFO     Epoch 7/20 | step 1030 | loss 0.6964
15:06:30 INFO     Epoch 7/20 | step 1040 | loss 0.7149
15:06:31 INFO     Epoch 7/20 | step 1050 | loss 0.5445
15:06:31 INFO     Epoch 7/20 | step 1060 | loss 0.7760
15:06:31 INFO     Epoch 7/20 | step 1070 | loss 0.5671
15:06:32 INFO     Epoch 7/20 | step 1080 | loss 0.6534
15:06:32 INFO     Epoch 7/20 | step 1090 | loss 0.6151
15:06:32 INFO     Epoch 7/20 | step 1100 | loss 0.6328
15:06:33 INFO     Epoch 7/20 | step 1110 | loss 0.5546
15:06:33 INFO     Epoch 7/20 | step 1120 | loss 0.7714
15:06:33 INFO     Epoch 7/20 | step 1130 | loss 0.8209
15:06:34 INFO     Epoch 7/20 | step 1140 | loss 0.7397
15:06:34 INFO     Epoch 7/20 | step 1150 | loss 0.6776
15:06:34 INFO     Epoch 7/20 | step 1160 | loss 0.5453
15:06:34 INFO     Epoch 7/20 | step 1170 | loss 0.7321
15:06:35 INFO     Epoch 7/20 | step 1180 | loss 0.5763
15:06:35 INFO     Epoch 7/20 | step 1190 | loss 0.6543
15:06:35 INFO     Epoch 7/20 | step 1200 | loss 0.6544
15:06:36 INFO     Epoch 7/20 | step 1210 | loss 0.5779
15:06:36 INFO     Epoch 7/20 | step 1220 | loss 0.5875
15:06:36 INFO     Epoch 7/20 | step 1230 | loss 0.5876
15:06:37 INFO     Epoch 7/20 | step 1240 | loss 0.7224
15:06:37 INFO     Epoch 7/20 | step 1250 | loss 0.5929
15:06:37 INFO     Epoch 7/20 | step 1260 | loss 0.6040
15:06:37 INFO     Epoch 7/20 | step 1270 | loss 0.6236
15:06:38 INFO     Epoch 7/20 | step 1280 | loss 0.5253
15:06:38 INFO     Epoch 7/20 | step 1290 | loss 0.8119
15:06:38 INFO     Epoch 7/20 | step 1300 | loss 0.6864
15:06:39 INFO     Epoch 7/20 | step 1310 | loss 0.6778
15:06:39 INFO     Epoch 7/20 | step 1320 | loss 0.5347
15:06:39 INFO     Epoch 7/20 | step 1330 | loss 0.7500
15:06:40 INFO     Epoch 7/20 | step 1340 | loss 0.7789
15:06:40 INFO     Epoch 7/20 | step 1350 | loss 0.7536
15:06:40 INFO     Epoch 7/20 | step 1360 | loss 0.6894
15:06:41 INFO     Epoch 7/20 | step 1370 | loss 0.5392
15:06:41 INFO     Epoch 7/20 | step 1380 | loss 0.6499
15:06:41 INFO     Epoch 7/20 | step 1390 | loss 0.6695
15:06:41 INFO     Epoch 7/20 | step 1400 | loss 0.6885
15:06:42 INFO     Epoch 7/20 | step 1410 | loss 0.5419
15:06:42 INFO     Epoch 7/20 | step 1420 | loss 0.6938
15:06:42 INFO     Epoch 7/20 | step 1430 | loss 0.6845
15:06:43 INFO     Epoch 7/20 | step 1440 | loss 0.6633
15:06:43 INFO     Epoch 7/20 | step 1450 | loss 0.6391
15:06:43 INFO     Epoch 7/20 | step 1460 | loss 0.7952
15:06:44 INFO     Epoch 7/20 | step 1470 | loss 0.6191
15:06:44 INFO     Epoch 7/20 | step 1480 | loss 0.6548
15:06:44 INFO     Epoch 7/20 | step 1490 | loss 0.6559
15:06:44 INFO     Epoch 7/20 | step 1500 | loss 0.6539
15:06:45 INFO     Epoch 7/20 | step 1510 | loss 0.6419
15:06:45 INFO     Epoch 7/20 | step 1520 | loss 0.6482
15:06:45 INFO     Epoch 7/20 | step 1530 | loss 0.7549
15:06:46 INFO     Epoch 7/20 | step 1540 | loss 0.7527
15:06:46 INFO     Epoch 7/20 | step 1550 | loss 0.6648
15:06:46 INFO     Epoch 7/20 | step 1560 | loss 0.6592
15:06:47 INFO     Epoch 7/20 | step 1570 | loss 0.5909
15:06:47 INFO     Epoch 7/20 | step 1580 | loss 0.6236
15:06:47 INFO     Epoch 7/20 | step 1590 | loss 0.6772
15:06:47 INFO     Epoch 7/20 | step 1600 | loss 0.6047
15:06:48 INFO     Epoch 7/20 | step 1610 | loss 0.6782
15:06:48 INFO     Epoch 7/20 | step 1620 | loss 0.6433
15:06:48 INFO     Epoch 7/20 | step 1630 | loss 0.7070
15:06:49 INFO     Epoch 7/20 | step 1640 | loss 0.7044
15:06:49 INFO     Epoch 7/20 | step 1650 | loss 0.7978
15:06:49 INFO     Epoch 7/20 | step 1660 | loss 0.7822
15:06:50 INFO     Epoch 7/20 | step 1670 | loss 0.7672
15:06:50 INFO     Epoch 7/20 | step 1680 | loss 0.6285
15:06:50 INFO     Epoch 7/20 | step 1690 | loss 0.7637
15:06:51 INFO     Epoch 7/20 | step 1700 | loss 0.6355
15:06:51 INFO     Epoch 7/20 | step 1710 | loss 0.7390
15:06:51 INFO     Epoch 7/20 | step 1720 | loss 0.7714
15:06:51 INFO     Epoch 7/20 | step 1730 | loss 0.6556
15:06:52 INFO     Epoch 7/20 | step 1740 | loss 0.5154
15:06:52 INFO     Epoch 7/20 | step 1750 | loss 0.6867
15:06:52 INFO     Epoch 7/20 | step 1760 | loss 0.6104
15:06:53 INFO     Epoch 7/20 | step 1770 | loss 0.6432
15:06:53 INFO     Epoch 7/20 | step 1780 | loss 0.6157
15:06:53 INFO     Epoch 7/20 | step 1790 | loss 0.5222
15:06:54 INFO     Epoch 7/20 | step 1800 | loss 0.7066
15:06:54 INFO     Epoch 7/20 | step 1810 | loss 0.5729
15:06:54 INFO     Epoch 7/20 | step 1820 | loss 0.6667
15:06:54 INFO     Epoch 7/20 | step 1830 | loss 0.6497
15:06:55 INFO     Epoch 7/20 | step 1840 | loss 0.5964
15:06:55 INFO     Epoch 7/20 | step 1850 | loss 0.6276
15:06:55 INFO     Epoch 7/20 | step 1860 | loss 0.6721
15:06:56 INFO     Epoch 7/20 | step 1870 | loss 0.5452
15:06:56 INFO     Epoch 7/20 | step 1880 | loss 0.6688
15:06:56 INFO     Epoch 7/20 | step 1890 | loss 0.5911
15:06:57 INFO     Epoch 7/20 | step 1900 | loss 0.7186
15:06:57 INFO     Epoch 7/20 | step 1910 | loss 0.6814
15:06:57 INFO     Epoch 7/20 | step 1920 | loss 0.6936
15:06:58 INFO     Epoch 7/20 | step 1930 | loss 0.6770
15:06:58 INFO     Epoch 7/20 | step 1940 | loss 0.5540
15:06:58 INFO     Epoch 7/20 | step 1950 | loss 0.6381
15:06:58 INFO     Epoch 7/20 | step 1960 | loss 0.6296
15:06:59 INFO     Epoch 7/20 | step 1970 | loss 0.6953
15:06:59 INFO     Epoch 7/20 | step 1980 | loss 0.5961
15:06:59 INFO     Epoch 7/20 | step 1990 | loss 0.6181
15:07:00 INFO     Epoch 7/20 | step 2000 | loss 0.6542
15:07:00 INFO     Epoch 7/20 | step 2010 | loss 0.5723
15:07:00 INFO     Epoch 7/20 | step 2020 | loss 0.6047
15:07:01 INFO     Epoch 7/20 | step 2030 | loss 0.5267
15:07:01 INFO     Epoch 7/20 | step 2040 | loss 0.5847
15:07:01 INFO     Epoch 7/20 | step 2050 | loss 0.6494
15:07:01 INFO     Epoch 7/20 | step 2060 | loss 0.5703
15:07:02 INFO     Epoch 7/20 | step 2070 | loss 0.6376
15:07:02 INFO     Epoch 7/20 | step 2080 | loss 0.5859
15:07:02 INFO     Epoch 7/20 | step 2090 | loss 0.6886
15:07:03 INFO     Epoch 7/20 | step 2100 | loss 0.7187
15:07:03 INFO     Epoch 7/20 | step 2110 | loss 0.7564
15:07:03 INFO     Epoch 7/20 | step 2120 | loss 0.5324
15:07:04 INFO     Epoch 7/20 | step 2130 | loss 0.5154
15:07:04 INFO     Epoch 7/20 | step 2140 | loss 0.6204
15:07:04 INFO     Epoch 7/20 | step 2150 | loss 0.6619
15:07:05 INFO     Epoch 7/20 | step 2160 | loss 0.6917
15:07:05 INFO     Epoch 7/20 | step 2170 | loss 0.7120
15:07:05 INFO     Epoch 7/20 | step 2180 | loss 0.6422
15:07:05 INFO     Epoch 7/20 | step 2190 | loss 0.6104
15:07:06 INFO     Epoch 7/20 | step 2200 | loss 0.7217
15:07:06 INFO     Epoch 7/20 | step 2210 | loss 0.6058
15:07:06 INFO     Epoch 7/20 | step 2220 | loss 0.6659
15:07:07 INFO     Epoch 7/20 | step 2230 | loss 0.6036
15:07:07 INFO     Epoch 7/20 | step 2240 | loss 0.6297
15:07:07 INFO     Epoch 7/20 | step 2250 | loss 0.6458
15:07:08 INFO     Epoch 7/20 | step 2260 | loss 0.7406
15:07:08 INFO     Epoch 7/20 | step 2270 | loss 0.5657
15:07:08 INFO     Epoch 7/20 | step 2280 | loss 0.7389
15:07:08 INFO     Epoch 7/20 | step 2290 | loss 0.6173
15:07:09 INFO     Epoch 7/20 | step 2300 | loss 0.7175
15:07:09 INFO     Epoch 7/20 | step 2310 | loss 0.6031
15:07:09 INFO     Epoch 7/20 | step 2320 | loss 0.6413
15:07:10 INFO     Epoch 7/20 | step 2330 | loss 0.5073
15:07:10 INFO     Epoch 7/20 | step 2340 | loss 0.5828
15:07:10 INFO     Epoch 7/20 | step 2350 | loss 0.6306
15:07:11 INFO     Epoch 7/20 | step 2360 | loss 0.6405
15:07:11 INFO     Epoch 7/20 | step 2370 | loss 0.6047
15:07:11 INFO     Epoch 7/20 | step 2380 | loss 0.7277
15:07:12 INFO     Epoch 7/20 | step 2390 | loss 0.6256
15:07:12 INFO     Epoch 7/20 | step 2400 | loss 0.6305
15:07:12 INFO     Epoch 7/20 | step 2410 | loss 0.6405
15:07:12 INFO     Epoch 7/20 | step 2420 | loss 0.4937
15:07:13 INFO     Epoch 7/20 | step 2430 | loss 0.7166
15:07:13 INFO     Epoch 7/20 | step 2440 | loss 0.6446
15:07:13 INFO     Epoch 7/20 | step 2450 | loss 0.6578
15:07:14 INFO     Epoch 7/20 | step 2460 | loss 0.6049
15:07:14 INFO     Epoch 7/20 | step 2470 | loss 0.5721
15:07:14 INFO     Epoch 7/20 | step 2480 | loss 0.5378
15:07:15 INFO     Epoch 7/20 | step 2490 | loss 0.6827
15:07:15 INFO     Epoch 7/20 | step 2500 | loss 0.6032
15:07:15 INFO     Epoch 7/20 | step 2510 | loss 0.5082
15:07:15 INFO     Epoch 7/20 | step 2520 | loss 0.7343
15:07:16 INFO     Epoch 7/20 | step 2530 | loss 0.6933
15:07:16 INFO     Epoch 7/20 | step 2540 | loss 0.5957
15:07:16 INFO     Epoch 7/20 | step 2550 | loss 0.6957
15:07:17 INFO     Epoch 7/20 | step 2560 | loss 0.5763
15:07:17 INFO     Epoch 7/20 | step 2570 | loss 0.7493
15:07:17 INFO     Epoch 7/20 | step 2580 | loss 0.6366
15:07:18 INFO     Epoch 7/20 | step 2590 | loss 0.7270
15:07:18 INFO     Epoch 7/20 | step 2600 | loss 0.6273
15:07:18 INFO     Epoch 7/20 | step 2610 | loss 0.7466
15:07:18 INFO     Epoch 7/20 | step 2620 | loss 0.6121
15:07:19 INFO     Epoch 7/20 | step 2630 | loss 0.7508
15:07:19 INFO     Epoch 7/20 | step 2640 | loss 0.6273
15:07:19 INFO     Epoch 7/20 | step 2650 | loss 0.6473
15:07:20 INFO     Epoch 7/20 | step 2660 | loss 0.5755
15:07:20 INFO     Epoch 7/20 | step 2670 | loss 0.5231
15:07:20 INFO     Epoch 7/20 | step 2680 | loss 0.7132
15:07:21 INFO     Epoch 7/20 | step 2690 | loss 0.7344
15:07:21 INFO     Epoch 7/20 | step 2700 | loss 0.7309
15:07:21 INFO     Epoch 7/20 | step 2710 | loss 0.8092
15:07:22 INFO     Epoch 7/20 | step 2720 | loss 0.6530
15:07:22 INFO     Epoch 7/20 | step 2730 | loss 0.6406
15:07:22 INFO     Epoch 7/20 | step 2740 | loss 0.7277
15:07:22 INFO     Epoch 7/20 | step 2750 | loss 0.5743
15:07:23 INFO     Epoch 7/20 | step 2760 | loss 0.6128
15:07:23 INFO     Epoch 7/20 | step 2770 | loss 0.6191
15:07:23 INFO     Epoch 7/20 | step 2780 | loss 0.6867
15:07:24 INFO     Epoch 7/20 | step 2790 | loss 0.5996
15:07:24 INFO     Epoch 7/20 | step 2800 | loss 0.6050
15:07:24 INFO     Epoch 7/20 | step 2810 | loss 0.6272
15:07:25 INFO     Epoch 7/20 | step 2820 | loss 0.8020
15:07:25 INFO     Epoch 7/20 | step 2830 | loss 0.5921
15:07:25 INFO     Epoch 7/20 | step 2840 | loss 0.5890
15:07:25 INFO     Epoch 7/20 | step 2850 | loss 0.6838
15:07:26 INFO     Epoch 7/20 | step 2860 | loss 0.6353
15:07:26 INFO     Epoch 7/20 | step 2870 | loss 0.6257
15:07:26 INFO     Epoch 7/20 | step 2880 | loss 0.6744
15:07:27 INFO     Epoch 7/20 | step 2890 | loss 0.6622
15:07:27 INFO     Epoch 7/20 | step 2900 | loss 0.5696
15:07:27 INFO     Epoch 7/20 | step 2910 | loss 0.6037
15:07:28 INFO     Epoch 7/20 | step 2920 | loss 0.6444
15:07:28 INFO     Epoch 7/20 | step 2930 | loss 0.5570
15:07:28 INFO     Epoch 7/20 | step 2940 | loss 0.6327
15:07:29 INFO     Epoch 7/20 | step 2950 | loss 0.6431
15:07:29 INFO     Epoch 7/20 | step 2960 | loss 0.7828
15:07:29 INFO     Epoch 7/20 | step 2970 | loss 0.6733
15:07:29 INFO     Epoch 7/20 | step 2980 | loss 0.5910
15:07:30 INFO     Epoch 7/20 | step 2990 | loss 0.5721
15:07:30 INFO     Epoch 7/20 | step 3000 | loss 0.5863
15:07:30 INFO     Epoch 7/20 | step 3010 | loss 0.7260
15:07:31 INFO     Epoch 7/20 | step 3020 | loss 0.6761
15:07:31 INFO     Epoch 7/20 | step 3030 | loss 0.5891
15:07:31 INFO     Epoch 7/20 | step 3040 | loss 0.5897
15:07:32 INFO     Epoch 7/20 | step 3050 | loss 0.7656
15:07:32 INFO     Epoch 7/20 | step 3060 | loss 0.5703
15:07:32 INFO     Epoch 7/20 | step 3070 | loss 0.6848
15:07:32 INFO     Epoch 7/20 | step 3080 | loss 0.7170
15:07:33 INFO     Epoch 7/20 | step 3090 | loss 0.5524
15:07:33 INFO     Epoch 7/20 | step 3100 | loss 0.5894
15:07:33 INFO     Epoch 7/20 | step 3110 | loss 0.7876
15:07:34 INFO     Epoch 7/20 | step 3120 | loss 0.5523
15:07:34 INFO     Epoch 7/20 | step 3130 | loss 0.6518
15:07:34 INFO     Epoch 7/20 | step 3140 | loss 0.7355
15:07:35 INFO     Epoch 7/20 | step 3150 | loss 0.6042
15:07:35 INFO     Epoch 7/20 | step 3160 | loss 0.5573
15:07:35 INFO     Epoch 7/20 | step 3170 | loss 0.6249
15:07:36 INFO     Epoch 7/20 | step 3180 | loss 0.7190
15:07:36 INFO     Epoch 7/20 | step 3190 | loss 0.5184
15:07:36 INFO     Epoch 7/20 | step 3200 | loss 0.7233
15:07:36 INFO     Epoch 7/20 | step 3210 | loss 0.6499
15:07:37 INFO     Epoch 7/20 | step 3220 | loss 0.4848
15:07:37 INFO     Epoch 7/20 | step 3230 | loss 0.7458
15:07:37 INFO     Epoch 7/20 | step 3240 | loss 0.6523
15:07:38 INFO     Epoch 7/20 | step 3250 | loss 0.6825
15:07:38 INFO     Epoch 7/20 | step 3260 | loss 0.6057
15:07:38 INFO     Epoch 7/20 | step 3270 | loss 0.6141
15:07:39 INFO     Epoch 7/20 | step 3280 | loss 0.6235
15:07:39 INFO     Epoch 7/20 | step 3290 | loss 0.7416
15:07:39 INFO     Epoch 7/20 | step 3300 | loss 0.5781
15:07:39 INFO     Epoch 7/20 | step 3310 | loss 0.6267
15:07:40 INFO     Epoch 7/20 | step 3320 | loss 0.5411
15:07:40 INFO     Epoch 7/20 | step 3330 | loss 0.7255
15:07:40 INFO     Epoch 7/20 | step 3340 | loss 0.5823
15:07:41 INFO     Epoch 7/20 | step 3350 | loss 0.7720
15:07:41 INFO     Epoch 7/20 | step 3360 | loss 0.6520
15:07:41 INFO     Epoch 7/20 | step 3370 | loss 0.6477
15:07:42 INFO     Epoch 7/20 | step 3380 | loss 0.5629
15:07:42 INFO     Epoch 7/20 | step 3390 | loss 0.6976
15:07:42 INFO     Epoch 7/20 | step 3400 | loss 0.6167
15:07:42 INFO     Epoch 7/20 | step 3410 | loss 0.4564
15:07:43 INFO     Epoch 7/20 | step 3420 | loss 0.5879
15:07:43 INFO     Epoch 7/20 | step 3430 | loss 0.6205
15:07:43 INFO     Epoch 7/20 | step 3440 | loss 0.5989
15:07:44 INFO     Epoch 7/20 | step 3450 | loss 0.6082
15:07:44 INFO     Epoch 7/20 | step 3460 | loss 0.7180
15:07:44 INFO     Epoch 7/20 | step 3470 | loss 0.5952
15:07:45 INFO     Epoch 7/20 | step 3480 | loss 0.5560
15:07:45 INFO     Epoch 7/20 | step 3490 | loss 0.6583
15:07:45 INFO     Epoch 7/20 | step 3500 | loss 0.6662
15:07:46 INFO     Epoch 7/20 | step 3510 | loss 0.6258
15:07:46 INFO     Epoch 7/20 | step 3520 | loss 0.6615
15:07:46 INFO     Epoch 7/20 | step 3530 | loss 0.5927
15:07:46 INFO     Epoch 7/20 | step 3540 | loss 0.6523
15:07:47 INFO     Epoch 7/20 | step 3550 | loss 0.5905
15:07:47 INFO     Epoch 7/20 | step 3560 | loss 0.6191
15:07:47 INFO     Epoch 7/20 | step 3570 | loss 0.7398
15:07:48 INFO     Epoch 7/20 | step 3580 | loss 0.7846
15:07:48 INFO     Epoch 7/20 | step 3590 | loss 0.6565
15:07:48 INFO     Epoch 7/20 | step 3600 | loss 0.5440
15:07:49 INFO     Epoch 7/20 | step 3610 | loss 0.5449
15:07:49 INFO     Epoch 7/20 | step 3620 | loss 0.6240
15:07:49 INFO     Epoch 7/20 | step 3630 | loss 0.6187
15:07:49 INFO     Epoch 7/20 | step 3640 | loss 0.6346
15:07:50 INFO     Epoch 7/20 | step 3650 | loss 0.6192
15:07:50 INFO     Epoch 7/20 | step 3660 | loss 0.5501
15:07:50 INFO     Epoch 7/20 | step 3670 | loss 0.6511
15:07:51 INFO     Epoch 7/20 | step 3680 | loss 0.7338
15:07:51 INFO     Epoch 7/20 | step 3690 | loss 0.6151
15:07:51 INFO     Epoch 7/20 | step 3700 | loss 0.6176
15:07:52 INFO     Epoch 7/20 | step 3710 | loss 0.6065
15:07:52 INFO     Epoch 7/20 | step 3720 | loss 0.5579
15:07:52 INFO     Epoch 7/20 | step 3730 | loss 0.7315
15:07:53 INFO     Epoch 7/20 | step 3740 | loss 0.6197
15:07:53 INFO     Epoch 7/20 | step 3750 | loss 0.7103
15:07:53 INFO     Epoch 7/20 | step 3760 | loss 0.6671
15:07:53 INFO     Epoch 7/20 | step 3770 | loss 0.6014
15:07:54 INFO     Epoch 7/20 | step 3780 | loss 0.6251
15:07:54 INFO     Epoch 7/20 | step 3790 | loss 0.6870
15:07:54 INFO     Epoch 7/20 | step 3800 | loss 0.7022
15:07:55 INFO     Epoch 7/20 | step 3810 | loss 0.6065
15:07:55 INFO     Epoch 7/20 | step 3820 | loss 0.5568
15:07:55 INFO     Epoch 7/20 | step 3830 | loss 0.5820
15:07:56 INFO     Epoch 7/20 | step 3840 | loss 0.6882
15:07:56 INFO     Epoch 7/20 | step 3850 | loss 0.5669
15:07:56 INFO     Epoch 7/20 | step 3860 | loss 0.5439
15:07:56 INFO     Epoch 7/20 | step 3870 | loss 0.5854
15:07:57 INFO     Epoch 7/20 | step 3880 | loss 0.7339
15:07:57 INFO     Epoch 7/20 | step 3890 | loss 0.5364
15:07:57 INFO     Epoch 7/20 | step 3900 | loss 0.7672
15:07:58 INFO     Epoch 7/20 | step 3910 | loss 0.6958
15:07:58 INFO     Epoch 7/20 | step 3920 | loss 0.6206
15:07:58 INFO     Epoch 7/20 | step 3930 | loss 0.6263
15:07:59 INFO     Epoch 7/20 | step 3940 | loss 0.5669
15:07:59 INFO     Epoch 7/20 | step 3950 | loss 0.6112
15:07:59 INFO     Epoch 7/20 | step 3960 | loss 0.5689
15:08:00 INFO     Epoch 7/20 | step 3970 | loss 0.6541
15:08:00 INFO     Epoch 7/20 | step 3980 | loss 0.6372
15:08:00 INFO     Epoch 7/20 | step 3990 | loss 0.6165
15:08:00 INFO     Epoch 7/20 | step 4000 | loss 0.6673
15:08:01 INFO     Epoch 7/20 | step 4010 | loss 0.6553
15:08:01 INFO     Epoch 7/20 | step 4020 | loss 0.5483
15:08:01 INFO     Epoch 7/20 | step 4030 | loss 0.5850
15:08:02 INFO     Epoch 7/20 | step 4040 | loss 0.7045
15:08:02 INFO     Epoch 7/20 | step 4050 | loss 0.5640
15:08:02 INFO     Epoch 7/20 | step 4060 | loss 0.7014
15:08:03 INFO     Epoch 7/20 | step 4070 | loss 0.6684
15:08:03 INFO     Epoch 7/20 | step 4080 | loss 0.5473
15:08:03 INFO     Epoch 7/20 | step 4090 | loss 0.6223
15:08:03 INFO     Epoch 7/20 | step 4100 | loss 0.6191
15:08:04 INFO     Epoch 7/20 | step 4110 | loss 0.6890
15:08:04 INFO     Epoch 7/20 | step 4120 | loss 0.5575
15:08:04 INFO     Epoch 7/20 | step 4130 | loss 0.5180
15:08:05 INFO     Epoch 7/20 | step 4140 | loss 0.5578
15:08:05 INFO     Epoch 7/20 | step 4150 | loss 0.6768
15:08:05 INFO     Epoch 7/20 | step 4160 | loss 0.6050
15:08:06 INFO     Epoch 7/20 | step 4170 | loss 0.6275
15:08:06 INFO     Epoch 7/20 | step 4180 | loss 0.6159
15:08:06 INFO     Epoch 7/20 | step 4190 | loss 0.6179
15:08:07 INFO     Epoch 7/20 | step 4200 | loss 0.5440
15:08:07 INFO     Epoch 7/20 | step 4210 | loss 0.5049
15:08:07 INFO     Epoch 7/20 | step 4220 | loss 0.7205
15:08:07 INFO     Epoch 7/20 | step 4230 | loss 0.5884
15:08:08 INFO     Epoch 7/20 | step 4240 | loss 0.6414
15:08:08 INFO     Epoch 7/20 | step 4250 | loss 0.6924
15:08:08 INFO     Epoch 7/20 | step 4260 | loss 0.5730
15:08:09 INFO     Epoch 7/20 | step 4270 | loss 0.6507
15:08:09 INFO     Epoch 7/20 | step 4280 | loss 0.5045
15:08:09 INFO     Epoch 7/20 | step 4290 | loss 0.6758
15:08:10 INFO     Epoch 7/20 | step 4300 | loss 0.6952
15:08:10 INFO     Epoch 7/20 | step 4310 | loss 0.6293
15:08:10 INFO     Epoch 7/20 | step 4320 | loss 0.6868
15:08:10 INFO     Epoch 7/20 | step 4330 | loss 0.7431
15:08:11 INFO     Epoch 7/20 | step 4340 | loss 0.5937
15:08:11 INFO     Epoch 7/20 | step 4350 | loss 0.6384
15:08:11 INFO     Epoch 7/20 | step 4360 | loss 0.5463
15:08:12 INFO     Epoch 7/20 | step 4370 | loss 0.5787
15:08:12 INFO     Epoch 7/20 | step 4380 | loss 0.5451
15:08:12 INFO     Epoch 7/20 | step 4390 | loss 0.6362
15:08:13 INFO     Epoch 7/20 | step 4400 | loss 0.7687
15:08:13 INFO     Epoch 7/20 | step 4410 | loss 0.5956
15:08:13 INFO     Epoch 7/20 | step 4420 | loss 0.7068
15:08:14 INFO     Epoch 7/20 | step 4430 | loss 0.5981
15:08:14 INFO     Epoch 7/20 | step 4440 | loss 0.6401
15:08:14 INFO     Epoch 7/20 | step 4450 | loss 0.6168
15:08:14 INFO     Epoch 7/20 | step 4460 | loss 0.6272
15:08:15 INFO     Epoch 7/20 | step 4470 | loss 0.5343
15:08:15 INFO     Epoch 7/20 | step 4480 | loss 0.6390
15:08:15 INFO     Epoch 7/20 | step 4490 | loss 0.6665
15:08:16 INFO     Epoch 7/20 | step 4500 | loss 0.6675
15:08:16 INFO     Epoch 7/20 | step 4510 | loss 0.5927
15:08:16 INFO     Epoch 7/20 | step 4520 | loss 0.5704
15:08:17 INFO     Epoch 7/20 | step 4530 | loss 0.7161
15:08:17 INFO     Epoch 7/20 | step 4540 | loss 0.5135
15:08:17 INFO     Epoch 7/20 | step 4550 | loss 0.5763
15:08:17 INFO     Epoch 7/20 | step 4560 | loss 0.7105
15:08:18 INFO     Epoch 7/20 | step 4570 | loss 0.5781
15:08:18 INFO     Epoch 7/20 | step 4580 | loss 0.6660
15:08:18 INFO     Epoch 7/20 | step 4590 | loss 0.6316
15:08:19 INFO     Epoch 7/20 | step 4600 | loss 0.6076
15:08:19 INFO     Epoch 7/20 | step 4610 | loss 0.6115
15:08:19 INFO     Epoch 7/20 | step 4620 | loss 0.6024
15:08:20 INFO     Epoch 7/20 | step 4630 | loss 0.6098
15:08:20 INFO     Epoch 7/20 | step 4640 | loss 0.6603
15:08:20 INFO     Epoch 7/20 | step 4650 | loss 0.7108
15:08:21 INFO     Epoch 7/20 | step 4660 | loss 0.6868
15:08:21 INFO     Epoch 7/20 | step 4670 | loss 0.5237
15:08:21 INFO     Epoch 7/20 | step 4680 | loss 0.6393
15:08:21 INFO     Epoch 7/20 | step 4690 | loss 0.6027
15:08:22 INFO     Epoch 7/20 | step 4700 | loss 0.5381
15:08:22 INFO     Epoch 7/20 | step 4710 | loss 0.6020
15:08:22 INFO     Epoch 7/20 | step 4720 | loss 0.5920
15:08:23 INFO     Epoch 7/20 | step 4730 | loss 0.7620
15:08:23 INFO     Epoch 7/20 | step 4740 | loss 0.5143
15:08:23 INFO     Epoch 7/20 | step 4750 | loss 0.6287
15:08:24 INFO     Epoch 7/20 | step 4760 | loss 0.5536
15:08:24 INFO     Epoch 7/20 | step 4770 | loss 0.6273
15:08:24 INFO     Epoch 7/20 | step 4780 | loss 0.5999
15:08:24 INFO     Epoch 7/20 | step 4790 | loss 0.6002
15:08:25 INFO     Epoch 7/20 | step 4800 | loss 0.6025
15:08:25 INFO     Epoch 7/20 | step 4810 | loss 0.5921
15:08:25 INFO     Epoch 7/20 | step 4820 | loss 0.5675
15:08:26 INFO     Epoch 7/20 | step 4830 | loss 0.5554
15:08:26 INFO     Epoch 7/20 | step 4840 | loss 0.6381
15:08:26 INFO     Epoch 7/20 | step 4850 | loss 0.6926
15:08:27 INFO     Epoch 7/20 | step 4860 | loss 0.5980
15:08:27 INFO     Epoch 7/20 | step 4870 | loss 0.5763
15:08:27 INFO     Epoch 7/20 | step 4880 | loss 0.6149
15:08:27 INFO     Epoch 7/20 | step 4890 | loss 0.5496
15:08:28 INFO     Epoch 7/20 | step 4900 | loss 0.5404
15:08:28 INFO     Epoch 7/20 | step 4910 | loss 0.6146
15:08:28 INFO     Epoch 7/20 | step 4920 | loss 0.6886
15:08:29 INFO     Epoch 7/20 | step 4930 | loss 0.6257
15:08:29 INFO     Epoch 7/20 | step 4940 | loss 0.5842
15:08:29 INFO     Epoch 7/20 | step 4950 | loss 0.6854
15:08:30 INFO     Epoch 7/20 | step 4960 | loss 0.6862
15:08:30 INFO     Epoch 7/20 | step 4970 | loss 0.5434
15:08:30 INFO     Epoch 7/20 | step 4980 | loss 0.5991
15:08:31 INFO     Epoch 7/20 | step 4990 | loss 0.5470
15:08:31 INFO     Epoch 7/20 | step 5000 | loss 0.6059
15:08:31 INFO     Epoch 7/20 | step 5010 | loss 0.5719
15:08:31 INFO     Epoch 7/20 | step 5020 | loss 0.6447
15:08:32 INFO     Epoch 7/20 | step 5030 | loss 0.5426
15:08:32 INFO     Epoch 7/20 | step 5040 | loss 0.7143
15:08:32 INFO     Epoch 7/20 | step 5050 | loss 0.6727
15:08:33 INFO     Epoch 7/20 | step 5060 | loss 0.6386
15:08:33 INFO     Epoch 7/20 | step 5070 | loss 0.6556
15:08:33 INFO     Epoch 7/20 | step 5080 | loss 0.5747
15:08:34 INFO     Epoch 7/20 | step 5090 | loss 0.5747
15:08:34 INFO     Epoch 7/20 | step 5100 | loss 0.5471
15:08:34 INFO     Epoch 7/20 | step 5110 | loss 0.5521
15:08:34 INFO     Epoch 7/20 | step 5120 | loss 0.5538
15:08:35 INFO     Epoch 7/20 | step 5130 | loss 0.6944
15:08:35 INFO     Epoch 7/20 | step 5140 | loss 0.6315
15:08:35 INFO     Epoch 7/20 | step 5150 | loss 0.7872
15:08:36 INFO     Epoch 7/20 | step 5160 | loss 0.6153
15:08:36 INFO     Epoch 7/20 | step 5170 | loss 0.6410
15:08:36 INFO     Epoch 7/20 | step 5180 | loss 0.6193
15:08:37 INFO     Epoch 7/20 | step 5190 | loss 0.5760
15:08:37 INFO     Epoch 7/20 | step 5200 | loss 0.6343
15:08:37 INFO     Epoch 7/20 | step 5210 | loss 0.6608
15:08:38 INFO     Epoch 7/20 | step 5220 | loss 0.6770
15:08:38 INFO     Epoch 7/20 | step 5230 | loss 0.5747
15:08:38 INFO     Epoch 7/20 | step 5240 | loss 0.6562
15:08:38 INFO     Epoch 7/20 | step 5250 | loss 0.6313
15:08:39 INFO     Epoch 7/20 | step 5260 | loss 0.5275
15:08:39 INFO     Epoch 7/20 | step 5270 | loss 0.6006
15:08:39 INFO     Epoch 7/20 | step 5280 | loss 0.5430
15:08:40 INFO     Epoch 7/20 | step 5290 | loss 0.6142
15:08:40 INFO     Epoch 7/20 | step 5300 | loss 0.5629
15:08:40 INFO     Epoch 7/20 | step 5310 | loss 0.6798
15:08:41 INFO     Epoch 7/20 | step 5320 | loss 0.6088
15:08:41 INFO     Epoch 7/20 | step 5330 | loss 0.6682
15:08:41 INFO     Epoch 7/20 | step 5340 | loss 0.5911
15:08:41 INFO     Epoch 7/20 | step 5350 | loss 0.5270
15:08:42 INFO     Epoch 7/20 | step 5360 | loss 0.6114
15:08:42 INFO     Epoch 7/20 | step 5370 | loss 0.6027
15:08:42 INFO     Epoch 7/20 | step 5380 | loss 0.6734
15:08:43 INFO     Epoch 7/20 | step 5390 | loss 0.7205
15:08:43 INFO     Epoch 7/20 | step 5400 | loss 0.4991
15:08:43 INFO     Epoch 7/20 | step 5410 | loss 0.5976
15:08:44 INFO     Epoch 7/20 | step 5420 | loss 0.6094
15:08:44 INFO     Epoch 7/20 | step 5430 | loss 0.6466
15:08:44 INFO     Epoch 7/20 | step 5440 | loss 0.5145
15:08:45 INFO     Epoch 7/20 | step 5450 | loss 0.6155
15:08:45 INFO     Epoch 7/20 | step 5460 | loss 0.7698
15:08:45 INFO     Epoch 7/20 | step 5470 | loss 0.6347
15:08:45 INFO     Epoch 7/20 | step 5480 | loss 0.6670
15:08:46 INFO     Epoch 7/20 | step 5490 | loss 0.4867
15:08:46 INFO     Epoch 7/20 | step 5500 | loss 0.6269
15:08:46 INFO     Epoch 7/20 | step 5510 | loss 0.6373
15:08:47 INFO     Epoch 7/20 | step 5520 | loss 0.6897
15:08:47 INFO     Epoch 7/20 | step 5530 | loss 0.5390
15:08:47 INFO     Epoch 7/20 | step 5540 | loss 0.6899
15:08:48 INFO     Epoch 7/20 | step 5550 | loss 0.5813
15:08:48 INFO     Epoch 7/20 | step 5560 | loss 0.6093
15:08:48 INFO     Epoch 7/20 | step 5570 | loss 0.6518
15:08:48 INFO     Epoch 7/20 | step 5580 | loss 0.6267
15:08:49 INFO     Epoch 7/20 | step 5590 | loss 0.7579
15:08:49 INFO     Epoch 7/20 | step 5600 | loss 0.5637
15:08:49 INFO     Epoch 7/20 | step 5610 | loss 0.5219
15:08:50 INFO     Epoch 7/20 | step 5620 | loss 0.6214
15:08:50 INFO     Epoch 7/20 | step 5630 | loss 0.5161
15:08:50 INFO     Epoch 7/20 | step 5640 | loss 0.6266
15:08:51 INFO     Epoch 7/20 | step 5650 | loss 0.5805
15:08:51 INFO     Epoch 7/20 | avg loss 0.6415
15:08:51 INFO     Epoch 7/20 | new best loss 0.6415 — checkpoint saved
15:08:51 INFO     Epoch 8/20 | step   10 | loss 0.6593
15:08:51 INFO     Epoch 8/20 | step   20 | loss 0.5836
15:08:52 INFO     Epoch 8/20 | step   30 | loss 0.6177
15:08:52 INFO     Epoch 8/20 | step   40 | loss 0.7176
15:08:52 INFO     Epoch 8/20 | step   50 | loss 0.6072
15:08:53 INFO     Epoch 8/20 | step   60 | loss 0.6753
15:08:53 INFO     Epoch 8/20 | step   70 | loss 0.5625
15:08:53 INFO     Epoch 8/20 | step   80 | loss 0.5961
15:08:53 INFO     Epoch 8/20 | step   90 | loss 0.6490
15:08:54 INFO     Epoch 8/20 | step  100 | loss 0.6671
15:08:54 INFO     Epoch 8/20 | step  110 | loss 0.7168
15:08:54 INFO     Epoch 8/20 | step  120 | loss 0.5627
15:08:55 INFO     Epoch 8/20 | step  130 | loss 0.6123
15:08:55 INFO     Epoch 8/20 | step  140 | loss 0.5396
15:08:55 INFO     Epoch 8/20 | step  150 | loss 0.6271
15:08:56 INFO     Epoch 8/20 | step  160 | loss 0.6525
15:08:56 INFO     Epoch 8/20 | step  170 | loss 0.6341
15:08:56 INFO     Epoch 8/20 | step  180 | loss 0.5291
15:08:57 INFO     Epoch 8/20 | step  190 | loss 0.6055
15:08:57 INFO     Epoch 8/20 | step  200 | loss 0.7018
15:08:57 INFO     Epoch 8/20 | step  210 | loss 0.6836
15:08:57 INFO     Epoch 8/20 | step  220 | loss 0.6602
15:08:58 INFO     Epoch 8/20 | step  230 | loss 0.6099
15:08:58 INFO     Epoch 8/20 | step  240 | loss 0.7665
15:08:58 INFO     Epoch 8/20 | step  250 | loss 0.5936
15:08:59 INFO     Epoch 8/20 | step  260 | loss 0.5764
15:08:59 INFO     Epoch 8/20 | step  270 | loss 0.6044
15:08:59 INFO     Epoch 8/20 | step  280 | loss 0.6697
15:09:00 INFO     Epoch 8/20 | step  290 | loss 0.5334
15:09:00 INFO     Epoch 8/20 | step  300 | loss 0.6329
15:09:00 INFO     Epoch 8/20 | step  310 | loss 0.7260
15:09:00 INFO     Epoch 8/20 | step  320 | loss 0.8442
15:09:01 INFO     Epoch 8/20 | step  330 | loss 0.5993
15:09:01 INFO     Epoch 8/20 | step  340 | loss 0.6198
15:09:01 INFO     Epoch 8/20 | step  350 | loss 0.6124
15:09:02 INFO     Epoch 8/20 | step  360 | loss 0.5405
15:09:02 INFO     Epoch 8/20 | step  370 | loss 0.6190
15:09:02 INFO     Epoch 8/20 | step  380 | loss 0.6352
15:09:03 INFO     Epoch 8/20 | step  390 | loss 0.5119
15:09:03 INFO     Epoch 8/20 | step  400 | loss 0.6051
15:09:03 INFO     Epoch 8/20 | step  410 | loss 0.5945
15:09:04 INFO     Epoch 8/20 | step  420 | loss 0.6846
15:09:04 INFO     Epoch 8/20 | step  430 | loss 0.6302
15:09:04 INFO     Epoch 8/20 | step  440 | loss 0.5710
15:09:04 INFO     Epoch 8/20 | step  450 | loss 0.6255
15:09:05 INFO     Epoch 8/20 | step  460 | loss 0.6660
15:09:05 INFO     Epoch 8/20 | step  470 | loss 0.6036
15:09:05 INFO     Epoch 8/20 | step  480 | loss 0.6353
15:09:06 INFO     Epoch 8/20 | step  490 | loss 0.6678
15:09:06 INFO     Epoch 8/20 | step  500 | loss 0.8192
15:09:06 INFO     Epoch 8/20 | step  510 | loss 0.6674
15:09:07 INFO     Epoch 8/20 | step  520 | loss 0.5623
15:09:07 INFO     Epoch 8/20 | step  530 | loss 0.6006
15:09:07 INFO     Epoch 8/20 | step  540 | loss 0.6493
15:09:07 INFO     Epoch 8/20 | step  550 | loss 0.6035
15:09:08 INFO     Epoch 8/20 | step  560 | loss 0.6048
15:09:08 INFO     Epoch 8/20 | step  570 | loss 0.7415
15:09:08 INFO     Epoch 8/20 | step  580 | loss 0.7093
15:09:09 INFO     Epoch 8/20 | step  590 | loss 0.6590
15:09:09 INFO     Epoch 8/20 | step  600 | loss 0.6997
15:09:09 INFO     Epoch 8/20 | step  610 | loss 0.6617
15:09:10 INFO     Epoch 8/20 | step  620 | loss 0.6145
15:09:10 INFO     Epoch 8/20 | step  630 | loss 0.6456
15:09:10 INFO     Epoch 8/20 | step  640 | loss 0.5645
15:09:11 INFO     Epoch 8/20 | step  650 | loss 0.4950
15:09:11 INFO     Epoch 8/20 | step  660 | loss 0.8103
15:09:11 INFO     Epoch 8/20 | step  670 | loss 0.6014
15:09:11 INFO     Epoch 8/20 | step  680 | loss 0.7231
15:09:12 INFO     Epoch 8/20 | step  690 | loss 0.5364
15:09:12 INFO     Epoch 8/20 | step  700 | loss 0.7639
15:09:12 INFO     Epoch 8/20 | step  710 | loss 0.5542
15:09:13 INFO     Epoch 8/20 | step  720 | loss 0.6236
15:09:13 INFO     Epoch 8/20 | step  730 | loss 0.5098
15:09:13 INFO     Epoch 8/20 | step  740 | loss 0.5961
15:09:14 INFO     Epoch 8/20 | step  750 | loss 0.4699
15:09:14 INFO     Epoch 8/20 | step  760 | loss 0.6066
15:09:14 INFO     Epoch 8/20 | step  770 | loss 0.6069
15:09:14 INFO     Epoch 8/20 | step  780 | loss 0.5757
15:09:15 INFO     Epoch 8/20 | step  790 | loss 0.6552
15:09:15 INFO     Epoch 8/20 | step  800 | loss 0.6414
15:09:15 INFO     Epoch 8/20 | step  810 | loss 0.4979
15:09:16 INFO     Epoch 8/20 | step  820 | loss 0.5210
15:09:16 INFO     Epoch 8/20 | step  830 | loss 0.6163
15:09:16 INFO     Epoch 8/20 | step  840 | loss 0.7699
15:09:17 INFO     Epoch 8/20 | step  850 | loss 0.5123
15:09:17 INFO     Epoch 8/20 | step  860 | loss 0.5721
15:09:17 INFO     Epoch 8/20 | step  870 | loss 0.7405
15:09:18 INFO     Epoch 8/20 | step  880 | loss 0.5282
15:09:18 INFO     Epoch 8/20 | step  890 | loss 0.4769
15:09:18 INFO     Epoch 8/20 | step  900 | loss 0.5060
15:09:18 INFO     Epoch 8/20 | step  910 | loss 0.6544
15:09:19 INFO     Epoch 8/20 | step  920 | loss 0.5851
15:09:19 INFO     Epoch 8/20 | step  930 | loss 0.7390
15:09:19 INFO     Epoch 8/20 | step  940 | loss 0.6705
15:09:20 INFO     Epoch 8/20 | step  950 | loss 0.5601
15:09:20 INFO     Epoch 8/20 | step  960 | loss 0.5670
15:09:20 INFO     Epoch 8/20 | step  970 | loss 0.5573
15:09:21 INFO     Epoch 8/20 | step  980 | loss 0.7584
15:09:21 INFO     Epoch 8/20 | step  990 | loss 0.6640
15:09:21 INFO     Epoch 8/20 | step 1000 | loss 0.5570
15:09:21 INFO     Epoch 8/20 | step 1010 | loss 0.5722
15:09:22 INFO     Epoch 8/20 | step 1020 | loss 0.6066
15:09:22 INFO     Epoch 8/20 | step 1030 | loss 0.5858
15:09:22 INFO     Epoch 8/20 | step 1040 | loss 0.5416
15:09:23 INFO     Epoch 8/20 | step 1050 | loss 0.5189
15:09:23 INFO     Epoch 8/20 | step 1060 | loss 0.7416
15:09:23 INFO     Epoch 8/20 | step 1070 | loss 0.5685
15:09:24 INFO     Epoch 8/20 | step 1080 | loss 0.7307
15:09:24 INFO     Epoch 8/20 | step 1090 | loss 0.5725
15:09:24 INFO     Epoch 8/20 | step 1100 | loss 0.7309
15:09:25 INFO     Epoch 8/20 | step 1110 | loss 0.6302
15:09:25 INFO     Epoch 8/20 | step 1120 | loss 0.7306
15:09:25 INFO     Epoch 8/20 | step 1130 | loss 0.5372
15:09:25 INFO     Epoch 8/20 | step 1140 | loss 0.6048
15:09:26 INFO     Epoch 8/20 | step 1150 | loss 0.6321
15:09:26 INFO     Epoch 8/20 | step 1160 | loss 0.6253
15:09:26 INFO     Epoch 8/20 | step 1170 | loss 0.8277
15:09:27 INFO     Epoch 8/20 | step 1180 | loss 0.5841
15:09:27 INFO     Epoch 8/20 | step 1190 | loss 0.6526
15:09:27 INFO     Epoch 8/20 | step 1200 | loss 0.5547
15:09:28 INFO     Epoch 8/20 | step 1210 | loss 0.5900
15:09:28 INFO     Epoch 8/20 | step 1220 | loss 0.5583
15:09:28 INFO     Epoch 8/20 | step 1230 | loss 0.8097
15:09:28 INFO     Epoch 8/20 | step 1240 | loss 0.5988
15:09:29 INFO     Epoch 8/20 | step 1250 | loss 0.6362
15:09:29 INFO     Epoch 8/20 | step 1260 | loss 0.6018
15:09:29 INFO     Epoch 8/20 | step 1270 | loss 0.4562
15:09:30 INFO     Epoch 8/20 | step 1280 | loss 0.4691
15:09:30 INFO     Epoch 8/20 | step 1290 | loss 0.6697
15:09:30 INFO     Epoch 8/20 | step 1300 | loss 0.5702
15:09:31 INFO     Epoch 8/20 | step 1310 | loss 0.6575
15:09:31 INFO     Epoch 8/20 | step 1320 | loss 0.7413
15:09:31 INFO     Epoch 8/20 | step 1330 | loss 0.7159
15:09:31 INFO     Epoch 8/20 | step 1340 | loss 0.5936
15:09:32 INFO     Epoch 8/20 | step 1350 | loss 0.5842
15:09:32 INFO     Epoch 8/20 | step 1360 | loss 0.5954
15:09:32 INFO     Epoch 8/20 | step 1370 | loss 0.6617
15:09:33 INFO     Epoch 8/20 | step 1380 | loss 0.5924
15:09:33 INFO     Epoch 8/20 | step 1390 | loss 0.6220
15:09:33 INFO     Epoch 8/20 | step 1400 | loss 0.5534
15:09:34 INFO     Epoch 8/20 | step 1410 | loss 0.4515
15:09:34 INFO     Epoch 8/20 | step 1420 | loss 0.5591
15:09:34 INFO     Epoch 8/20 | step 1430 | loss 0.6563
15:09:35 INFO     Epoch 8/20 | step 1440 | loss 0.6976
15:09:35 INFO     Epoch 8/20 | step 1450 | loss 0.6241
15:09:35 INFO     Epoch 8/20 | step 1460 | loss 0.5167
15:09:35 INFO     Epoch 8/20 | step 1470 | loss 0.5768
15:09:36 INFO     Epoch 8/20 | step 1480 | loss 0.5232
15:09:36 INFO     Epoch 8/20 | step 1490 | loss 0.6663
15:09:36 INFO     Epoch 8/20 | step 1500 | loss 0.6983
15:09:37 INFO     Epoch 8/20 | step 1510 | loss 0.6205
15:09:37 INFO     Epoch 8/20 | step 1520 | loss 0.5465
15:09:37 INFO     Epoch 8/20 | step 1530 | loss 0.6174
15:09:38 INFO     Epoch 8/20 | step 1540 | loss 0.5106
15:09:38 INFO     Epoch 8/20 | step 1550 | loss 0.6669
15:09:38 INFO     Epoch 8/20 | step 1560 | loss 0.6214
15:09:38 INFO     Epoch 8/20 | step 1570 | loss 0.6001
15:09:39 INFO     Epoch 8/20 | step 1580 | loss 0.5085
15:09:39 INFO     Epoch 8/20 | step 1590 | loss 0.6023
15:09:39 INFO     Epoch 8/20 | step 1600 | loss 0.6103
15:09:40 INFO     Epoch 8/20 | step 1610 | loss 0.6545
15:09:40 INFO     Epoch 8/20 | step 1620 | loss 0.5001
15:09:40 INFO     Epoch 8/20 | step 1630 | loss 0.5951
15:09:41 INFO     Epoch 8/20 | step 1640 | loss 0.5989
15:09:41 INFO     Epoch 8/20 | step 1650 | loss 0.6094
15:09:41 INFO     Epoch 8/20 | step 1660 | loss 0.5747
15:09:42 INFO     Epoch 8/20 | step 1670 | loss 0.5410
15:09:42 INFO     Epoch 8/20 | step 1680 | loss 0.5979
15:09:42 INFO     Epoch 8/20 | step 1690 | loss 0.5977
15:09:42 INFO     Epoch 8/20 | step 1700 | loss 0.5383
15:09:43 INFO     Epoch 8/20 | step 1710 | loss 0.6497
15:09:43 INFO     Epoch 8/20 | step 1720 | loss 0.4534
15:09:43 INFO     Epoch 8/20 | step 1730 | loss 0.5789
15:09:44 INFO     Epoch 8/20 | step 1740 | loss 0.7714
15:09:44 INFO     Epoch 8/20 | step 1750 | loss 0.6159
15:09:44 INFO     Epoch 8/20 | step 1760 | loss 0.5494
15:09:45 INFO     Epoch 8/20 | step 1770 | loss 0.6763
15:09:45 INFO     Epoch 8/20 | step 1780 | loss 0.7041
15:09:45 INFO     Epoch 8/20 | step 1790 | loss 0.5535
15:09:45 INFO     Epoch 8/20 | step 1800 | loss 0.6155
15:09:46 INFO     Epoch 8/20 | step 1810 | loss 0.5387
15:09:46 INFO     Epoch 8/20 | step 1820 | loss 0.5704
15:09:46 INFO     Epoch 8/20 | step 1830 | loss 0.5818
15:09:47 INFO     Epoch 8/20 | step 1840 | loss 0.5476
15:09:47 INFO     Epoch 8/20 | step 1850 | loss 0.5329
15:09:47 INFO     Epoch 8/20 | step 1860 | loss 0.5236
15:09:48 INFO     Epoch 8/20 | step 1870 | loss 0.5696
15:09:48 INFO     Epoch 8/20 | step 1880 | loss 0.6795
15:09:48 INFO     Epoch 8/20 | step 1890 | loss 0.5836
15:09:49 INFO     Epoch 8/20 | step 1900 | loss 0.4883
15:09:49 INFO     Epoch 8/20 | step 1910 | loss 0.5974
15:09:49 INFO     Epoch 8/20 | step 1920 | loss 0.6233
15:09:49 INFO     Epoch 8/20 | step 1930 | loss 0.5046
15:09:50 INFO     Epoch 8/20 | step 1940 | loss 0.6726
15:09:50 INFO     Epoch 8/20 | step 1950 | loss 0.6403
15:09:50 INFO     Epoch 8/20 | step 1960 | loss 0.6452
15:09:51 INFO     Epoch 8/20 | step 1970 | loss 0.6071
15:09:51 INFO     Epoch 8/20 | step 1980 | loss 0.5790
15:09:51 INFO     Epoch 8/20 | step 1990 | loss 0.5763
15:09:52 INFO     Epoch 8/20 | step 2000 | loss 0.5444
15:09:52 INFO     Epoch 8/20 | step 2010 | loss 0.5886
15:09:52 INFO     Epoch 8/20 | step 2020 | loss 0.5496
15:09:52 INFO     Epoch 8/20 | step 2030 | loss 0.5663
15:09:53 INFO     Epoch 8/20 | step 2040 | loss 0.4834
15:09:53 INFO     Epoch 8/20 | step 2050 | loss 0.5598
15:09:53 INFO     Epoch 8/20 | step 2060 | loss 0.6268
15:09:54 INFO     Epoch 8/20 | step 2070 | loss 0.6532
15:09:54 INFO     Epoch 8/20 | step 2080 | loss 0.4961
15:09:54 INFO     Epoch 8/20 | step 2090 | loss 0.5263
15:09:55 INFO     Epoch 8/20 | step 2100 | loss 0.6906
15:09:55 INFO     Epoch 8/20 | step 2110 | loss 0.7238
15:09:55 INFO     Epoch 8/20 | step 2120 | loss 0.5929
15:09:56 INFO     Epoch 8/20 | step 2130 | loss 0.5543
15:09:56 INFO     Epoch 8/20 | step 2140 | loss 0.5864
15:09:56 INFO     Epoch 8/20 | step 2150 | loss 0.6715
15:09:56 INFO     Epoch 8/20 | step 2160 | loss 0.5197
15:09:57 INFO     Epoch 8/20 | step 2170 | loss 0.5042
15:09:57 INFO     Epoch 8/20 | step 2180 | loss 0.6267
15:09:57 INFO     Epoch 8/20 | step 2190 | loss 0.6664
15:09:58 INFO     Epoch 8/20 | step 2200 | loss 0.6699
15:09:58 INFO     Epoch 8/20 | step 2210 | loss 0.5324
15:09:58 INFO     Epoch 8/20 | step 2220 | loss 0.6778
15:09:59 INFO     Epoch 8/20 | step 2230 | loss 0.5225
15:09:59 INFO     Epoch 8/20 | step 2240 | loss 0.5828
15:09:59 INFO     Epoch 8/20 | step 2250 | loss 0.5323
15:09:59 INFO     Epoch 8/20 | step 2260 | loss 0.6434
15:10:00 INFO     Epoch 8/20 | step 2270 | loss 0.6202
15:10:00 INFO     Epoch 8/20 | step 2280 | loss 0.6745
15:10:00 INFO     Epoch 8/20 | step 2290 | loss 0.6014
15:10:01 INFO     Epoch 8/20 | step 2300 | loss 0.5650
15:10:01 INFO     Epoch 8/20 | step 2310 | loss 0.5583
15:10:01 INFO     Epoch 8/20 | step 2320 | loss 0.5175
15:10:02 INFO     Epoch 8/20 | step 2330 | loss 0.6678
15:10:02 INFO     Epoch 8/20 | step 2340 | loss 0.5851
15:10:02 INFO     Epoch 8/20 | step 2350 | loss 0.5837
15:10:03 INFO     Epoch 8/20 | step 2360 | loss 0.6476
15:10:03 INFO     Epoch 8/20 | step 2370 | loss 0.5874
15:10:03 INFO     Epoch 8/20 | step 2380 | loss 0.5540
15:10:03 INFO     Epoch 8/20 | step 2390 | loss 0.6404
15:10:04 INFO     Epoch 8/20 | step 2400 | loss 0.6012
15:10:04 INFO     Epoch 8/20 | step 2410 | loss 0.6358
15:10:04 INFO     Epoch 8/20 | step 2420 | loss 0.6243
15:10:05 INFO     Epoch 8/20 | step 2430 | loss 0.5260
15:10:05 INFO     Epoch 8/20 | step 2440 | loss 0.6486
15:10:05 INFO     Epoch 8/20 | step 2450 | loss 0.5846
15:10:06 INFO     Epoch 8/20 | step 2460 | loss 0.6626
15:10:06 INFO     Epoch 8/20 | step 2470 | loss 0.6182
15:10:06 INFO     Epoch 8/20 | step 2480 | loss 0.5630
15:10:06 INFO     Epoch 8/20 | step 2490 | loss 0.6752
15:10:07 INFO     Epoch 8/20 | step 2500 | loss 0.5565
15:10:07 INFO     Epoch 8/20 | step 2510 | loss 0.5949
15:10:07 INFO     Epoch 8/20 | step 2520 | loss 0.5218
15:10:08 INFO     Epoch 8/20 | step 2530 | loss 0.6090
15:10:08 INFO     Epoch 8/20 | step 2540 | loss 0.5720
15:10:08 INFO     Epoch 8/20 | step 2550 | loss 0.8478
15:10:09 INFO     Epoch 8/20 | step 2560 | loss 0.6311
15:10:09 INFO     Epoch 8/20 | step 2570 | loss 0.5586
15:10:09 INFO     Epoch 8/20 | step 2580 | loss 0.6217
15:10:09 INFO     Epoch 8/20 | step 2590 | loss 0.6233
15:10:10 INFO     Epoch 8/20 | step 2600 | loss 0.5774
15:10:10 INFO     Epoch 8/20 | step 2610 | loss 0.5117
15:10:10 INFO     Epoch 8/20 | step 2620 | loss 0.5743
15:10:11 INFO     Epoch 8/20 | step 2630 | loss 0.6017
15:10:11 INFO     Epoch 8/20 | step 2640 | loss 0.5661
15:10:11 INFO     Epoch 8/20 | step 2650 | loss 0.6076
15:10:12 INFO     Epoch 8/20 | step 2660 | loss 0.4641
15:10:12 INFO     Epoch 8/20 | step 2670 | loss 0.5512
15:10:12 INFO     Epoch 8/20 | step 2680 | loss 0.5512
15:10:13 INFO     Epoch 8/20 | step 2690 | loss 0.7096
15:10:13 INFO     Epoch 8/20 | step 2700 | loss 0.5774
15:10:13 INFO     Epoch 8/20 | step 2710 | loss 0.5914
15:10:13 INFO     Epoch 8/20 | step 2720 | loss 0.6242
15:10:14 INFO     Epoch 8/20 | step 2730 | loss 0.5392
15:10:14 INFO     Epoch 8/20 | step 2740 | loss 0.5678
15:10:14 INFO     Epoch 8/20 | step 2750 | loss 0.6718
15:10:15 INFO     Epoch 8/20 | step 2760 | loss 0.5309
15:10:15 INFO     Epoch 8/20 | step 2770 | loss 0.5531
15:10:15 INFO     Epoch 8/20 | step 2780 | loss 0.5846
15:10:16 INFO     Epoch 8/20 | step 2790 | loss 0.5717
15:10:16 INFO     Epoch 8/20 | step 2800 | loss 0.5604
15:10:16 INFO     Epoch 8/20 | step 2810 | loss 0.5218
15:10:16 INFO     Epoch 8/20 | step 2820 | loss 0.6751
15:10:17 INFO     Epoch 8/20 | step 2830 | loss 0.5414
15:10:17 INFO     Epoch 8/20 | step 2840 | loss 0.5920
15:10:17 INFO     Epoch 8/20 | step 2850 | loss 0.4600
15:10:18 INFO     Epoch 8/20 | step 2860 | loss 0.5127
15:10:18 INFO     Epoch 8/20 | step 2870 | loss 0.6597
15:10:18 INFO     Epoch 8/20 | step 2880 | loss 0.6036
15:10:19 INFO     Epoch 8/20 | step 2890 | loss 0.5307
15:10:19 INFO     Epoch 8/20 | step 2900 | loss 0.5956
15:10:19 INFO     Epoch 8/20 | step 2910 | loss 0.5776
15:10:20 INFO     Epoch 8/20 | step 2920 | loss 0.6399
15:10:20 INFO     Epoch 8/20 | step 2930 | loss 0.5682
15:10:20 INFO     Epoch 8/20 | step 2940 | loss 0.7391
15:10:20 INFO     Epoch 8/20 | step 2950 | loss 0.5463
15:10:21 INFO     Epoch 8/20 | step 2960 | loss 0.4801
15:10:21 INFO     Epoch 8/20 | step 2970 | loss 0.5403
15:10:21 INFO     Epoch 8/20 | step 2980 | loss 0.6590
15:10:22 INFO     Epoch 8/20 | step 2990 | loss 0.5360
15:10:22 INFO     Epoch 8/20 | step 3000 | loss 0.5069
15:10:22 INFO     Epoch 8/20 | step 3010 | loss 0.7005
15:10:23 INFO     Epoch 8/20 | step 3020 | loss 0.5369
15:10:23 INFO     Epoch 8/20 | step 3030 | loss 0.5449
15:10:23 INFO     Epoch 8/20 | step 3040 | loss 0.5863
15:10:23 INFO     Epoch 8/20 | step 3050 | loss 0.7091
15:10:24 INFO     Epoch 8/20 | step 3060 | loss 0.6949
15:10:24 INFO     Epoch 8/20 | step 3070 | loss 0.6034
15:10:24 INFO     Epoch 8/20 | step 3080 | loss 0.4705
15:10:25 INFO     Epoch 8/20 | step 3090 | loss 0.6212
15:10:25 INFO     Epoch 8/20 | step 3100 | loss 0.6333
15:10:25 INFO     Epoch 8/20 | step 3110 | loss 0.5098
15:10:26 INFO     Epoch 8/20 | step 3120 | loss 0.5270
15:10:26 INFO     Epoch 8/20 | step 3130 | loss 0.6017
15:10:26 INFO     Epoch 8/20 | step 3140 | loss 0.6283
15:10:27 INFO     Epoch 8/20 | step 3150 | loss 0.5829
15:10:27 INFO     Epoch 8/20 | step 3160 | loss 0.6259
15:10:27 INFO     Epoch 8/20 | step 3170 | loss 0.6422
15:10:27 INFO     Epoch 8/20 | step 3180 | loss 0.6421
15:10:28 INFO     Epoch 8/20 | step 3190 | loss 0.5404
15:10:28 INFO     Epoch 8/20 | step 3200 | loss 0.6071
15:10:28 INFO     Epoch 8/20 | step 3210 | loss 0.5929
15:10:29 INFO     Epoch 8/20 | step 3220 | loss 0.5959
15:10:29 INFO     Epoch 8/20 | step 3230 | loss 0.7010
15:10:29 INFO     Epoch 8/20 | step 3240 | loss 0.6168
15:10:30 INFO     Epoch 8/20 | step 3250 | loss 0.5911
15:10:30 INFO     Epoch 8/20 | step 3260 | loss 0.5166
15:10:30 INFO     Epoch 8/20 | step 3270 | loss 0.6124
15:10:30 INFO     Epoch 8/20 | step 3280 | loss 0.5064
15:10:31 INFO     Epoch 8/20 | step 3290 | loss 0.6084
15:10:31 INFO     Epoch 8/20 | step 3300 | loss 0.5307
15:10:31 INFO     Epoch 8/20 | step 3310 | loss 0.5786
15:10:32 INFO     Epoch 8/20 | step 3320 | loss 0.5788
15:10:32 INFO     Epoch 8/20 | step 3330 | loss 0.6360
15:10:32 INFO     Epoch 8/20 | step 3340 | loss 0.5597
15:10:33 INFO     Epoch 8/20 | step 3350 | loss 0.6031
15:10:33 INFO     Epoch 8/20 | step 3360 | loss 0.5867
15:10:33 INFO     Epoch 8/20 | step 3370 | loss 0.5325
15:10:33 INFO     Epoch 8/20 | step 3380 | loss 0.6296
15:10:34 INFO     Epoch 8/20 | step 3390 | loss 0.5889
15:10:34 INFO     Epoch 8/20 | step 3400 | loss 0.6003
15:10:34 INFO     Epoch 8/20 | step 3410 | loss 0.5821
15:10:35 INFO     Epoch 8/20 | step 3420 | loss 0.6089
15:10:35 INFO     Epoch 8/20 | step 3430 | loss 0.6026
15:10:35 INFO     Epoch 8/20 | step 3440 | loss 0.4917
15:10:36 INFO     Epoch 8/20 | step 3450 | loss 0.5107
15:10:36 INFO     Epoch 8/20 | step 3460 | loss 0.6295
15:10:36 INFO     Epoch 8/20 | step 3470 | loss 0.5139
15:10:37 INFO     Epoch 8/20 | step 3480 | loss 0.6112
15:10:37 INFO     Epoch 8/20 | step 3490 | loss 0.6006
15:10:37 INFO     Epoch 8/20 | step 3500 | loss 0.5140
15:10:37 INFO     Epoch 8/20 | step 3510 | loss 0.4593
15:10:38 INFO     Epoch 8/20 | step 3520 | loss 0.6397
15:10:38 INFO     Epoch 8/20 | step 3530 | loss 0.5585
15:10:38 INFO     Epoch 8/20 | step 3540 | loss 0.5848
15:10:39 INFO     Epoch 8/20 | step 3550 | loss 0.6265
15:10:39 INFO     Epoch 8/20 | step 3560 | loss 0.6662
15:10:39 INFO     Epoch 8/20 | step 3570 | loss 0.5702
15:10:40 INFO     Epoch 8/20 | step 3580 | loss 0.6373
15:10:40 INFO     Epoch 8/20 | step 3590 | loss 0.5314
15:10:40 INFO     Epoch 8/20 | step 3600 | loss 0.5584
15:10:40 INFO     Epoch 8/20 | step 3610 | loss 0.4971
15:10:41 INFO     Epoch 8/20 | step 3620 | loss 0.4433
15:10:41 INFO     Epoch 8/20 | step 3630 | loss 0.6815
15:10:41 INFO     Epoch 8/20 | step 3640 | loss 0.5685
15:10:42 INFO     Epoch 8/20 | step 3650 | loss 0.6226
15:10:42 INFO     Epoch 8/20 | step 3660 | loss 0.5702
15:10:42 INFO     Epoch 8/20 | step 3670 | loss 0.6351
15:10:43 INFO     Epoch 8/20 | step 3680 | loss 0.6291
15:10:43 INFO     Epoch 8/20 | step 3690 | loss 0.6123
15:10:43 INFO     Epoch 8/20 | step 3700 | loss 0.5439
15:10:44 INFO     Epoch 8/20 | step 3710 | loss 0.5298
15:10:44 INFO     Epoch 8/20 | step 3720 | loss 0.6925
15:10:44 INFO     Epoch 8/20 | step 3730 | loss 0.5412
15:10:44 INFO     Epoch 8/20 | step 3740 | loss 0.6210
15:10:45 INFO     Epoch 8/20 | step 3750 | loss 0.6336
15:10:45 INFO     Epoch 8/20 | step 3760 | loss 0.5797
15:10:45 INFO     Epoch 8/20 | step 3770 | loss 0.5672
15:10:46 INFO     Epoch 8/20 | step 3780 | loss 0.6567
15:10:46 INFO     Epoch 8/20 | step 3790 | loss 0.5099
15:10:46 INFO     Epoch 8/20 | step 3800 | loss 0.4603
15:10:47 INFO     Epoch 8/20 | step 3810 | loss 0.5478
15:10:47 INFO     Epoch 8/20 | step 3820 | loss 0.5960
15:10:47 INFO     Epoch 8/20 | step 3830 | loss 0.6044
15:10:47 INFO     Epoch 8/20 | step 3840 | loss 0.7145
15:10:48 INFO     Epoch 8/20 | step 3850 | loss 0.5789
15:10:48 INFO     Epoch 8/20 | step 3860 | loss 0.6496
15:10:48 INFO     Epoch 8/20 | step 3870 | loss 0.6129
15:10:49 INFO     Epoch 8/20 | step 3880 | loss 0.5395
15:10:49 INFO     Epoch 8/20 | step 3890 | loss 0.4772
15:10:49 INFO     Epoch 8/20 | step 3900 | loss 0.5679
15:10:50 INFO     Epoch 8/20 | step 3910 | loss 0.5413
15:10:50 INFO     Epoch 8/20 | step 3920 | loss 0.5880
15:10:50 INFO     Epoch 8/20 | step 3930 | loss 0.5868
15:10:51 INFO     Epoch 8/20 | step 3940 | loss 0.5455
15:10:51 INFO     Epoch 8/20 | step 3950 | loss 0.5649
15:10:51 INFO     Epoch 8/20 | step 3960 | loss 0.4597
15:10:51 INFO     Epoch 8/20 | step 3970 | loss 0.4712
15:10:52 INFO     Epoch 8/20 | step 3980 | loss 0.4805
15:10:52 INFO     Epoch 8/20 | step 3990 | loss 0.5752
15:10:52 INFO     Epoch 8/20 | step 4000 | loss 0.4768
15:10:53 INFO     Epoch 8/20 | step 4010 | loss 0.6166
15:10:53 INFO     Epoch 8/20 | step 4020 | loss 0.5560
15:10:53 INFO     Epoch 8/20 | step 4030 | loss 0.5821
15:10:54 INFO     Epoch 8/20 | step 4040 | loss 0.6286
15:10:54 INFO     Epoch 8/20 | step 4050 | loss 0.5976
15:10:54 INFO     Epoch 8/20 | step 4060 | loss 0.4636
15:10:54 INFO     Epoch 8/20 | step 4070 | loss 0.5462
15:10:55 INFO     Epoch 8/20 | step 4080 | loss 0.5829
15:10:55 INFO     Epoch 8/20 | step 4090 | loss 0.6529
15:10:55 INFO     Epoch 8/20 | step 4100 | loss 0.5997
15:10:56 INFO     Epoch 8/20 | step 4110 | loss 0.4714
15:10:56 INFO     Epoch 8/20 | step 4120 | loss 0.6214
15:10:56 INFO     Epoch 8/20 | step 4130 | loss 0.6438
15:10:57 INFO     Epoch 8/20 | step 4140 | loss 0.5669
15:10:57 INFO     Epoch 8/20 | step 4150 | loss 0.6853
15:10:57 INFO     Epoch 8/20 | step 4160 | loss 0.5634
15:10:58 INFO     Epoch 8/20 | step 4170 | loss 0.5767
15:10:58 INFO     Epoch 8/20 | step 4180 | loss 0.3850
15:10:58 INFO     Epoch 8/20 | step 4190 | loss 0.5281
15:10:58 INFO     Epoch 8/20 | step 4200 | loss 0.6535
15:10:59 INFO     Epoch 8/20 | step 4210 | loss 0.7159
15:10:59 INFO     Epoch 8/20 | step 4220 | loss 0.5564
15:10:59 INFO     Epoch 8/20 | step 4230 | loss 0.5107
15:11:00 INFO     Epoch 8/20 | step 4240 | loss 0.6779
15:11:00 INFO     Epoch 8/20 | step 4250 | loss 0.5611
15:11:00 INFO     Epoch 8/20 | step 4260 | loss 0.4961
15:11:01 INFO     Epoch 8/20 | step 4270 | loss 0.6252
15:11:01 INFO     Epoch 8/20 | step 4280 | loss 0.6146
15:11:01 INFO     Epoch 8/20 | step 4290 | loss 0.6632
15:11:01 INFO     Epoch 8/20 | step 4300 | loss 0.5213
15:11:02 INFO     Epoch 8/20 | step 4310 | loss 0.6134
15:11:02 INFO     Epoch 8/20 | step 4320 | loss 0.5853
15:11:02 INFO     Epoch 8/20 | step 4330 | loss 0.6384
15:11:03 INFO     Epoch 8/20 | step 4340 | loss 0.5914
15:11:03 INFO     Epoch 8/20 | step 4350 | loss 0.5350
15:11:03 INFO     Epoch 8/20 | step 4360 | loss 0.4809
15:11:04 INFO     Epoch 8/20 | step 4370 | loss 0.6303
15:11:04 INFO     Epoch 8/20 | step 4380 | loss 0.6182
15:11:04 INFO     Epoch 8/20 | step 4390 | loss 0.7211
15:11:05 INFO     Epoch 8/20 | step 4400 | loss 0.5149
15:11:05 INFO     Epoch 8/20 | step 4410 | loss 0.6726
15:11:05 INFO     Epoch 8/20 | step 4420 | loss 0.5664
15:11:05 INFO     Epoch 8/20 | step 4430 | loss 0.5670
15:11:06 INFO     Epoch 8/20 | step 4440 | loss 0.5902
15:11:06 INFO     Epoch 8/20 | step 4450 | loss 0.5605
15:11:06 INFO     Epoch 8/20 | step 4460 | loss 0.4956
15:11:07 INFO     Epoch 8/20 | step 4470 | loss 0.5062
15:11:07 INFO     Epoch 8/20 | step 4480 | loss 0.6426
15:11:07 INFO     Epoch 8/20 | step 4490 | loss 0.5434
15:11:08 INFO     Epoch 8/20 | step 4500 | loss 0.6116
15:11:08 INFO     Epoch 8/20 | step 4510 | loss 0.5729
15:11:08 INFO     Epoch 8/20 | step 4520 | loss 0.6777
15:11:08 INFO     Epoch 8/20 | step 4530 | loss 0.5119
15:11:09 INFO     Epoch 8/20 | step 4540 | loss 0.6562
15:11:09 INFO     Epoch 8/20 | step 4550 | loss 0.6163
15:11:09 INFO     Epoch 8/20 | step 4560 | loss 0.5017
15:11:10 INFO     Epoch 8/20 | step 4570 | loss 0.5326
15:11:10 INFO     Epoch 8/20 | step 4580 | loss 0.5556
15:11:10 INFO     Epoch 8/20 | step 4590 | loss 0.4842
15:11:11 INFO     Epoch 8/20 | step 4600 | loss 0.5099
15:11:11 INFO     Epoch 8/20 | step 4610 | loss 0.6924
15:11:11 INFO     Epoch 8/20 | step 4620 | loss 0.6317
15:11:12 INFO     Epoch 8/20 | step 4630 | loss 0.6021
15:11:12 INFO     Epoch 8/20 | step 4640 | loss 0.5815
15:11:12 INFO     Epoch 8/20 | step 4650 | loss 0.7245
15:11:12 INFO     Epoch 8/20 | step 4660 | loss 0.6076
15:11:13 INFO     Epoch 8/20 | step 4670 | loss 0.6154
15:11:13 INFO     Epoch 8/20 | step 4680 | loss 0.5294
15:11:13 INFO     Epoch 8/20 | step 4690 | loss 0.5934
15:11:14 INFO     Epoch 8/20 | step 4700 | loss 0.6093
15:11:14 INFO     Epoch 8/20 | step 4710 | loss 0.5965
15:11:14 INFO     Epoch 8/20 | step 4720 | loss 0.6018
15:11:15 INFO     Epoch 8/20 | step 4730 | loss 0.4542
15:11:15 INFO     Epoch 8/20 | step 4740 | loss 0.6316
15:11:15 INFO     Epoch 8/20 | step 4750 | loss 0.5608
15:11:15 INFO     Epoch 8/20 | step 4760 | loss 0.7399
15:11:16 INFO     Epoch 8/20 | step 4770 | loss 0.5034
15:11:16 INFO     Epoch 8/20 | step 4780 | loss 0.5166
15:11:16 INFO     Epoch 8/20 | step 4790 | loss 0.5573
15:11:17 INFO     Epoch 8/20 | step 4800 | loss 0.6294
15:11:17 INFO     Epoch 8/20 | step 4810 | loss 0.5651
15:11:17 INFO     Epoch 8/20 | step 4820 | loss 0.5928
15:11:18 INFO     Epoch 8/20 | step 4830 | loss 0.6505
15:11:18 INFO     Epoch 8/20 | step 4840 | loss 0.6829
15:11:18 INFO     Epoch 8/20 | step 4850 | loss 0.5822
15:11:19 INFO     Epoch 8/20 | step 4860 | loss 0.5587
15:11:19 INFO     Epoch 8/20 | step 4870 | loss 0.6461
15:11:19 INFO     Epoch 8/20 | step 4880 | loss 0.5856
15:11:19 INFO     Epoch 8/20 | step 4890 | loss 0.6151
15:11:20 INFO     Epoch 8/20 | step 4900 | loss 0.6381
15:11:20 INFO     Epoch 8/20 | step 4910 | loss 0.5798
15:11:20 INFO     Epoch 8/20 | step 4920 | loss 0.5412
15:11:21 INFO     Epoch 8/20 | step 4930 | loss 0.5397
15:11:21 INFO     Epoch 8/20 | step 4940 | loss 0.5653
15:11:21 INFO     Epoch 8/20 | step 4950 | loss 0.6143
15:11:22 INFO     Epoch 8/20 | step 4960 | loss 0.5121
15:11:22 INFO     Epoch 8/20 | step 4970 | loss 0.5927
15:11:22 INFO     Epoch 8/20 | step 4980 | loss 0.6263
15:11:22 INFO     Epoch 8/20 | step 4990 | loss 0.4696
15:11:23 INFO     Epoch 8/20 | step 5000 | loss 0.5474
15:11:23 INFO     Epoch 8/20 | step 5010 | loss 0.5598
15:11:23 INFO     Epoch 8/20 | step 5020 | loss 0.5704
15:11:24 INFO     Epoch 8/20 | step 5030 | loss 0.6052
15:11:24 INFO     Epoch 8/20 | step 5040 | loss 0.6492
15:11:24 INFO     Epoch 8/20 | step 5050 | loss 0.6467
15:11:25 INFO     Epoch 8/20 | step 5060 | loss 0.5930
15:11:25 INFO     Epoch 8/20 | step 5070 | loss 0.5608
15:11:25 INFO     Epoch 8/20 | step 5080 | loss 0.6594
15:11:26 INFO     Epoch 8/20 | step 5090 | loss 0.5382
15:11:26 INFO     Epoch 8/20 | step 5100 | loss 0.6568
15:11:26 INFO     Epoch 8/20 | step 5110 | loss 0.6065
15:11:26 INFO     Epoch 8/20 | step 5120 | loss 0.6158
15:11:27 INFO     Epoch 8/20 | step 5130 | loss 0.6294
15:11:27 INFO     Epoch 8/20 | step 5140 | loss 0.5453
15:11:27 INFO     Epoch 8/20 | step 5150 | loss 0.4516
15:11:28 INFO     Epoch 8/20 | step 5160 | loss 0.5051
15:11:28 INFO     Epoch 8/20 | step 5170 | loss 0.6005
15:11:28 INFO     Epoch 8/20 | step 5180 | loss 0.6198
15:11:29 INFO     Epoch 8/20 | step 5190 | loss 0.5774
15:11:29 INFO     Epoch 8/20 | step 5200 | loss 0.5216
15:11:29 INFO     Epoch 8/20 | step 5210 | loss 0.6032
15:11:29 INFO     Epoch 8/20 | step 5220 | loss 0.6618
15:11:30 INFO     Epoch 8/20 | step 5230 | loss 0.6253
15:11:30 INFO     Epoch 8/20 | step 5240 | loss 0.6166
15:11:30 INFO     Epoch 8/20 | step 5250 | loss 0.5306
15:11:31 INFO     Epoch 8/20 | step 5260 | loss 0.5383
15:11:31 INFO     Epoch 8/20 | step 5270 | loss 0.5729
15:11:31 INFO     Epoch 8/20 | step 5280 | loss 0.5066
15:11:32 INFO     Epoch 8/20 | step 5290 | loss 0.6254
15:11:32 INFO     Epoch 8/20 | step 5300 | loss 0.5721
15:11:32 INFO     Epoch 8/20 | step 5310 | loss 0.5847
15:11:32 INFO     Epoch 8/20 | step 5320 | loss 0.4922
15:11:33 INFO     Epoch 8/20 | step 5330 | loss 0.6012
15:11:33 INFO     Epoch 8/20 | step 5340 | loss 0.5041
15:11:33 INFO     Epoch 8/20 | step 5350 | loss 0.5200
15:11:34 INFO     Epoch 8/20 | step 5360 | loss 0.5386
15:11:34 INFO     Epoch 8/20 | step 5370 | loss 0.5817
15:11:34 INFO     Epoch 8/20 | step 5380 | loss 0.6506
15:11:35 INFO     Epoch 8/20 | step 5390 | loss 0.5951
15:11:35 INFO     Epoch 8/20 | step 5400 | loss 0.5130
15:11:35 INFO     Epoch 8/20 | step 5410 | loss 0.5594
15:11:36 INFO     Epoch 8/20 | step 5420 | loss 0.6857
15:11:36 INFO     Epoch 8/20 | step 5430 | loss 0.6388
15:11:36 INFO     Epoch 8/20 | step 5440 | loss 0.6351
15:11:36 INFO     Epoch 8/20 | step 5450 | loss 0.5755
15:11:37 INFO     Epoch 8/20 | step 5460 | loss 0.5475
15:11:37 INFO     Epoch 8/20 | step 5470 | loss 0.5421
15:11:37 INFO     Epoch 8/20 | step 5480 | loss 0.5466
15:11:38 INFO     Epoch 8/20 | step 5490 | loss 0.5276
15:11:38 INFO     Epoch 8/20 | step 5500 | loss 0.6394
15:11:38 INFO     Epoch 8/20 | step 5510 | loss 0.5553
15:11:39 INFO     Epoch 8/20 | step 5520 | loss 0.7233
15:11:39 INFO     Epoch 8/20 | step 5530 | loss 0.5458
15:11:39 INFO     Epoch 8/20 | step 5540 | loss 0.5207
15:11:39 INFO     Epoch 8/20 | step 5550 | loss 0.6505
15:11:40 INFO     Epoch 8/20 | step 5560 | loss 0.6422
15:11:40 INFO     Epoch 8/20 | step 5570 | loss 0.6462
15:11:40 INFO     Epoch 8/20 | step 5580 | loss 0.5854
15:11:41 INFO     Epoch 8/20 | step 5590 | loss 0.4587
15:11:41 INFO     Epoch 8/20 | step 5600 | loss 0.5309
15:11:41 INFO     Epoch 8/20 | step 5610 | loss 0.5112
15:11:42 INFO     Epoch 8/20 | step 5620 | loss 0.5976
15:11:42 INFO     Epoch 8/20 | step 5630 | loss 0.4771
15:11:42 INFO     Epoch 8/20 | step 5640 | loss 0.5193
15:11:43 INFO     Epoch 8/20 | step 5650 | loss 0.5833
15:11:43 INFO     Epoch 8/20 | avg loss 0.5913
15:11:43 INFO     Epoch 8/20 | new best loss 0.5913 — checkpoint saved
15:11:43 INFO     Epoch 9/20 | step   10 | loss 0.5593
15:11:43 INFO     Epoch 9/20 | step   20 | loss 0.6465
15:11:44 INFO     Epoch 9/20 | step   30 | loss 0.6257
15:11:44 INFO     Epoch 9/20 | step   40 | loss 0.6105
15:11:44 INFO     Epoch 9/20 | step   50 | loss 0.5616
15:11:44 INFO     Epoch 9/20 | step   60 | loss 0.6169
15:11:45 INFO     Epoch 9/20 | step   70 | loss 0.5634
15:11:45 INFO     Epoch 9/20 | step   80 | loss 0.4752
15:11:45 INFO     Epoch 9/20 | step   90 | loss 0.5079
15:11:46 INFO     Epoch 9/20 | step  100 | loss 0.5990
15:11:46 INFO     Epoch 9/20 | step  110 | loss 0.5962
15:11:46 INFO     Epoch 9/20 | step  120 | loss 0.6975
15:11:47 INFO     Epoch 9/20 | step  130 | loss 0.5734
15:11:47 INFO     Epoch 9/20 | step  140 | loss 0.5712
15:11:47 INFO     Epoch 9/20 | step  150 | loss 0.6066
15:11:48 INFO     Epoch 9/20 | step  160 | loss 0.5782
15:11:48 INFO     Epoch 9/20 | step  170 | loss 0.5121
15:11:48 INFO     Epoch 9/20 | step  180 | loss 0.6507
15:11:48 INFO     Epoch 9/20 | step  190 | loss 0.5605
15:11:49 INFO     Epoch 9/20 | step  200 | loss 0.5678
15:11:49 INFO     Epoch 9/20 | step  210 | loss 0.5723
15:11:49 INFO     Epoch 9/20 | step  220 | loss 0.5705
15:11:50 INFO     Epoch 9/20 | step  230 | loss 0.5717
15:11:50 INFO     Epoch 9/20 | step  240 | loss 0.5433
15:11:50 INFO     Epoch 9/20 | step  250 | loss 0.6030
15:11:51 INFO     Epoch 9/20 | step  260 | loss 0.5941
15:11:51 INFO     Epoch 9/20 | step  270 | loss 0.6516
15:11:51 INFO     Epoch 9/20 | step  280 | loss 0.7028
15:11:51 INFO     Epoch 9/20 | step  290 | loss 0.6040
15:11:52 INFO     Epoch 9/20 | step  300 | loss 0.5784
15:11:52 INFO     Epoch 9/20 | step  310 | loss 0.6318
15:11:52 INFO     Epoch 9/20 | step  320 | loss 0.5286
15:11:53 INFO     Epoch 9/20 | step  330 | loss 0.5661
15:11:53 INFO     Epoch 9/20 | step  340 | loss 0.6736
15:11:53 INFO     Epoch 9/20 | step  350 | loss 0.6512
15:11:54 INFO     Epoch 9/20 | step  360 | loss 0.4946
15:11:54 INFO     Epoch 9/20 | step  370 | loss 0.5603
15:11:54 INFO     Epoch 9/20 | step  380 | loss 0.6285
15:11:55 INFO     Epoch 9/20 | step  390 | loss 0.6114
15:11:55 INFO     Epoch 9/20 | step  400 | loss 0.6607
15:11:55 INFO     Epoch 9/20 | step  410 | loss 0.6532
15:11:55 INFO     Epoch 9/20 | step  420 | loss 0.4950
15:11:56 INFO     Epoch 9/20 | step  430 | loss 0.5197
15:11:56 INFO     Epoch 9/20 | step  440 | loss 0.5637
15:11:56 INFO     Epoch 9/20 | step  450 | loss 0.5678
15:11:57 INFO     Epoch 9/20 | step  460 | loss 0.6216
15:11:57 INFO     Epoch 9/20 | step  470 | loss 0.4979
15:11:57 INFO     Epoch 9/20 | step  480 | loss 0.5656
15:11:58 INFO     Epoch 9/20 | step  490 | loss 0.5766
15:11:58 INFO     Epoch 9/20 | step  500 | loss 0.6718
15:11:58 INFO     Epoch 9/20 | step  510 | loss 0.5289
15:11:58 INFO     Epoch 9/20 | step  520 | loss 0.5436
15:11:59 INFO     Epoch 9/20 | step  530 | loss 0.4269
15:11:59 INFO     Epoch 9/20 | step  540 | loss 0.6014
15:11:59 INFO     Epoch 9/20 | step  550 | loss 0.6533
15:12:00 INFO     Epoch 9/20 | step  560 | loss 0.4783
15:12:00 INFO     Epoch 9/20 | step  570 | loss 0.5271
15:12:00 INFO     Epoch 9/20 | step  580 | loss 0.5547
15:12:01 INFO     Epoch 9/20 | step  590 | loss 0.6173
15:12:01 INFO     Epoch 9/20 | step  600 | loss 0.4377
15:12:01 INFO     Epoch 9/20 | step  610 | loss 0.5727
15:12:02 INFO     Epoch 9/20 | step  620 | loss 0.4745
15:12:02 INFO     Epoch 9/20 | step  630 | loss 0.5316
15:12:02 INFO     Epoch 9/20 | step  640 | loss 0.5220
15:12:02 INFO     Epoch 9/20 | step  650 | loss 0.4936
15:12:03 INFO     Epoch 9/20 | step  660 | loss 0.5643
15:12:03 INFO     Epoch 9/20 | step  670 | loss 0.6001
15:12:03 INFO     Epoch 9/20 | step  680 | loss 0.6009
15:12:04 INFO     Epoch 9/20 | step  690 | loss 0.7173
15:12:04 INFO     Epoch 9/20 | step  700 | loss 0.5858
15:12:04 INFO     Epoch 9/20 | step  710 | loss 0.5367
15:12:05 INFO     Epoch 9/20 | step  720 | loss 0.5642
15:12:05 INFO     Epoch 9/20 | step  730 | loss 0.5330
15:12:05 INFO     Epoch 9/20 | step  740 | loss 0.6809
15:12:05 INFO     Epoch 9/20 | step  750 | loss 0.4459
15:12:06 INFO     Epoch 9/20 | step  760 | loss 0.6676
15:12:06 INFO     Epoch 9/20 | step  770 | loss 0.6068
15:12:06 INFO     Epoch 9/20 | step  780 | loss 0.5592
15:12:07 INFO     Epoch 9/20 | step  790 | loss 0.6142
15:12:07 INFO     Epoch 9/20 | step  800 | loss 0.7158
15:12:07 INFO     Epoch 9/20 | step  810 | loss 0.5769
15:12:08 INFO     Epoch 9/20 | step  820 | loss 0.5398
15:12:08 INFO     Epoch 9/20 | step  830 | loss 0.6055
15:12:08 INFO     Epoch 9/20 | step  840 | loss 0.5267
15:12:08 INFO     Epoch 9/20 | step  850 | loss 0.6359
15:12:09 INFO     Epoch 9/20 | step  860 | loss 0.4781
15:12:09 INFO     Epoch 9/20 | step  870 | loss 0.5575
15:12:09 INFO     Epoch 9/20 | step  880 | loss 0.6086
15:12:10 INFO     Epoch 9/20 | step  890 | loss 0.6354
15:12:10 INFO     Epoch 9/20 | step  900 | loss 0.5966
15:12:10 INFO     Epoch 9/20 | step  910 | loss 0.6900
15:12:11 INFO     Epoch 9/20 | step  920 | loss 0.4803
15:12:11 INFO     Epoch 9/20 | step  930 | loss 0.5192
15:12:11 INFO     Epoch 9/20 | step  940 | loss 0.4763
15:12:12 INFO     Epoch 9/20 | step  950 | loss 0.4874
15:12:12 INFO     Epoch 9/20 | step  960 | loss 0.4890
15:12:12 INFO     Epoch 9/20 | step  970 | loss 0.5107
15:12:12 INFO     Epoch 9/20 | step  980 | loss 0.6752
15:12:13 INFO     Epoch 9/20 | step  990 | loss 0.6671
15:12:13 INFO     Epoch 9/20 | step 1000 | loss 0.5605
15:12:13 INFO     Epoch 9/20 | step 1010 | loss 0.5321
15:12:14 INFO     Epoch 9/20 | step 1020 | loss 0.6383
15:12:14 INFO     Epoch 9/20 | step 1030 | loss 0.6117
15:12:14 INFO     Epoch 9/20 | step 1040 | loss 0.5675
15:12:15 INFO     Epoch 9/20 | step 1050 | loss 0.5073
15:12:15 INFO     Epoch 9/20 | step 1060 | loss 0.6505
15:12:15 INFO     Epoch 9/20 | step 1070 | loss 0.5303
15:12:15 INFO     Epoch 9/20 | step 1080 | loss 0.6072
15:12:16 INFO     Epoch 9/20 | step 1090 | loss 0.5423
15:12:16 INFO     Epoch 9/20 | step 1100 | loss 0.5325
15:12:16 INFO     Epoch 9/20 | step 1110 | loss 0.5770
15:12:17 INFO     Epoch 9/20 | step 1120 | loss 0.5572
15:12:17 INFO     Epoch 9/20 | step 1130 | loss 0.6280
15:12:17 INFO     Epoch 9/20 | step 1140 | loss 0.6063
15:12:18 INFO     Epoch 9/20 | step 1150 | loss 0.5990
15:12:18 INFO     Epoch 9/20 | step 1160 | loss 0.6135
15:12:18 INFO     Epoch 9/20 | step 1170 | loss 0.6249
15:12:19 INFO     Epoch 9/20 | step 1180 | loss 0.5633
15:12:19 INFO     Epoch 9/20 | step 1190 | loss 0.6073
15:12:19 INFO     Epoch 9/20 | step 1200 | loss 0.4696
15:12:19 INFO     Epoch 9/20 | step 1210 | loss 0.5329
15:12:20 INFO     Epoch 9/20 | step 1220 | loss 0.6315
15:12:20 INFO     Epoch 9/20 | step 1230 | loss 0.5492
15:12:20 INFO     Epoch 9/20 | step 1240 | loss 0.6643
15:12:21 INFO     Epoch 9/20 | step 1250 | loss 0.5037
15:12:21 INFO     Epoch 9/20 | step 1260 | loss 0.5417
15:12:21 INFO     Epoch 9/20 | step 1270 | loss 0.6619
15:12:22 INFO     Epoch 9/20 | step 1280 | loss 0.5394
15:12:22 INFO     Epoch 9/20 | step 1290 | loss 0.5085
15:12:22 INFO     Epoch 9/20 | step 1300 | loss 0.5765
15:12:22 INFO     Epoch 9/20 | step 1310 | loss 0.6327
15:12:23 INFO     Epoch 9/20 | step 1320 | loss 0.5557
15:12:23 INFO     Epoch 9/20 | step 1330 | loss 0.5682
15:12:23 INFO     Epoch 9/20 | step 1340 | loss 0.5138
15:12:24 INFO     Epoch 9/20 | step 1350 | loss 0.5102
15:12:24 INFO     Epoch 9/20 | step 1360 | loss 0.5536
15:12:24 INFO     Epoch 9/20 | step 1370 | loss 0.5346
15:12:25 INFO     Epoch 9/20 | step 1380 | loss 0.4896
15:12:25 INFO     Epoch 9/20 | step 1390 | loss 0.6419
15:12:25 INFO     Epoch 9/20 | step 1400 | loss 0.5886
15:12:26 INFO     Epoch 9/20 | step 1410 | loss 0.5168
15:12:26 INFO     Epoch 9/20 | step 1420 | loss 0.5541
15:12:26 INFO     Epoch 9/20 | step 1430 | loss 0.5414
15:12:26 INFO     Epoch 9/20 | step 1440 | loss 0.5035
15:12:27 INFO     Epoch 9/20 | step 1450 | loss 0.5665
15:12:27 INFO     Epoch 9/20 | step 1460 | loss 0.5850
15:12:27 INFO     Epoch 9/20 | step 1470 | loss 0.6134
15:12:28 INFO     Epoch 9/20 | step 1480 | loss 0.5122
15:12:28 INFO     Epoch 9/20 | step 1490 | loss 0.5916
15:12:28 INFO     Epoch 9/20 | step 1500 | loss 0.4318
15:12:29 INFO     Epoch 9/20 | step 1510 | loss 0.5323
15:12:29 INFO     Epoch 9/20 | step 1520 | loss 0.6376
15:12:29 INFO     Epoch 9/20 | step 1530 | loss 0.6752
15:12:29 INFO     Epoch 9/20 | step 1540 | loss 0.5780
15:12:30 INFO     Epoch 9/20 | step 1550 | loss 0.5614
15:12:30 INFO     Epoch 9/20 | step 1560 | loss 0.4713
15:12:30 INFO     Epoch 9/20 | step 1570 | loss 0.5698
15:12:31 INFO     Epoch 9/20 | step 1580 | loss 0.6081
15:12:31 INFO     Epoch 9/20 | step 1590 | loss 0.6305
15:12:31 INFO     Epoch 9/20 | step 1600 | loss 0.4538
15:12:32 INFO     Epoch 9/20 | step 1610 | loss 0.5345
15:12:32 INFO     Epoch 9/20 | step 1620 | loss 0.5611
15:12:32 INFO     Epoch 9/20 | step 1630 | loss 0.5367
15:12:33 INFO     Epoch 9/20 | step 1640 | loss 0.6294
15:12:33 INFO     Epoch 9/20 | step 1650 | loss 0.5632
15:12:33 INFO     Epoch 9/20 | step 1660 | loss 0.6219
15:12:33 INFO     Epoch 9/20 | step 1670 | loss 0.5956
15:12:34 INFO     Epoch 9/20 | step 1680 | loss 0.6645
15:12:34 INFO     Epoch 9/20 | step 1690 | loss 0.4751
15:12:34 INFO     Epoch 9/20 | step 1700 | loss 0.5040
15:12:35 INFO     Epoch 9/20 | step 1710 | loss 0.6181
15:12:35 INFO     Epoch 9/20 | step 1720 | loss 0.6156
15:12:35 INFO     Epoch 9/20 | step 1730 | loss 0.6976
15:12:36 INFO     Epoch 9/20 | step 1740 | loss 0.5912
15:12:36 INFO     Epoch 9/20 | step 1750 | loss 0.5741
15:12:36 INFO     Epoch 9/20 | step 1760 | loss 0.4082
15:12:36 INFO     Epoch 9/20 | step 1770 | loss 0.5337
15:12:37 INFO     Epoch 9/20 | step 1780 | loss 0.5404
15:12:37 INFO     Epoch 9/20 | step 1790 | loss 0.4894
15:12:37 INFO     Epoch 9/20 | step 1800 | loss 0.4826
15:12:38 INFO     Epoch 9/20 | step 1810 | loss 0.5740
15:12:38 INFO     Epoch 9/20 | step 1820 | loss 0.5200
15:12:38 INFO     Epoch 9/20 | step 1830 | loss 0.5131
15:12:39 INFO     Epoch 9/20 | step 1840 | loss 0.5573
15:12:39 INFO     Epoch 9/20 | step 1850 | loss 0.5777
15:12:39 INFO     Epoch 9/20 | step 1860 | loss 0.6598
15:12:40 INFO     Epoch 9/20 | step 1870 | loss 0.5019
15:12:40 INFO     Epoch 9/20 | step 1880 | loss 0.5619
15:12:40 INFO     Epoch 9/20 | step 1890 | loss 0.5486
15:12:40 INFO     Epoch 9/20 | step 1900 | loss 0.4846
15:12:41 INFO     Epoch 9/20 | step 1910 | loss 0.5626
15:12:41 INFO     Epoch 9/20 | step 1920 | loss 0.6128
15:12:41 INFO     Epoch 9/20 | step 1930 | loss 0.5847
15:12:42 INFO     Epoch 9/20 | step 1940 | loss 0.5818
15:12:42 INFO     Epoch 9/20 | step 1950 | loss 0.5698
15:12:42 INFO     Epoch 9/20 | step 1960 | loss 0.5822
15:12:43 INFO     Epoch 9/20 | step 1970 | loss 0.4950
15:12:43 INFO     Epoch 9/20 | step 1980 | loss 0.5145
15:12:43 INFO     Epoch 9/20 | step 1990 | loss 0.4167
15:12:43 INFO     Epoch 9/20 | step 2000 | loss 0.5188
15:12:44 INFO     Epoch 9/20 | step 2010 | loss 0.4894
15:12:44 INFO     Epoch 9/20 | step 2020 | loss 0.5867
15:12:44 INFO     Epoch 9/20 | step 2030 | loss 0.5150
15:12:45 INFO     Epoch 9/20 | step 2040 | loss 0.5744
15:12:45 INFO     Epoch 9/20 | step 2050 | loss 0.5723
15:12:45 INFO     Epoch 9/20 | step 2060 | loss 0.5052
15:12:46 INFO     Epoch 9/20 | step 2070 | loss 0.5277
15:12:46 INFO     Epoch 9/20 | step 2080 | loss 0.6772
15:12:46 INFO     Epoch 9/20 | step 2090 | loss 0.6099
15:12:46 INFO     Epoch 9/20 | step 2100 | loss 0.6191
15:12:47 INFO     Epoch 9/20 | step 2110 | loss 0.5479
15:12:47 INFO     Epoch 9/20 | step 2120 | loss 0.5106
15:12:47 INFO     Epoch 9/20 | step 2130 | loss 0.5769
15:12:48 INFO     Epoch 9/20 | step 2140 | loss 0.4940
15:12:48 INFO     Epoch 9/20 | step 2150 | loss 0.5058
15:12:48 INFO     Epoch 9/20 | step 2160 | loss 0.4410
15:12:49 INFO     Epoch 9/20 | step 2170 | loss 0.5850
15:12:49 INFO     Epoch 9/20 | step 2180 | loss 0.5346
15:12:49 INFO     Epoch 9/20 | step 2190 | loss 0.5819
15:12:50 INFO     Epoch 9/20 | step 2200 | loss 0.4874
15:12:50 INFO     Epoch 9/20 | step 2210 | loss 0.5966
15:12:50 INFO     Epoch 9/20 | step 2220 | loss 0.5298
15:12:50 INFO     Epoch 9/20 | step 2230 | loss 0.5578
15:12:51 INFO     Epoch 9/20 | step 2240 | loss 0.6604
15:12:51 INFO     Epoch 9/20 | step 2250 | loss 0.5243
15:12:51 INFO     Epoch 9/20 | step 2260 | loss 0.4839
15:12:52 INFO     Epoch 9/20 | step 2270 | loss 0.5077
15:12:52 INFO     Epoch 9/20 | step 2280 | loss 0.5966
15:12:52 INFO     Epoch 9/20 | step 2290 | loss 0.4629
15:12:53 INFO     Epoch 9/20 | step 2300 | loss 0.6433
15:12:53 INFO     Epoch 9/20 | step 2310 | loss 0.5352
15:12:53 INFO     Epoch 9/20 | step 2320 | loss 0.6044
15:12:53 INFO     Epoch 9/20 | step 2330 | loss 0.5183
15:12:54 INFO     Epoch 9/20 | step 2340 | loss 0.5773
15:12:54 INFO     Epoch 9/20 | step 2350 | loss 0.5210
15:12:54 INFO     Epoch 9/20 | step 2360 | loss 0.5327
15:12:55 INFO     Epoch 9/20 | step 2370 | loss 0.6096
15:12:55 INFO     Epoch 9/20 | step 2380 | loss 0.5430
15:12:55 INFO     Epoch 9/20 | step 2390 | loss 0.5204
15:12:56 INFO     Epoch 9/20 | step 2400 | loss 0.5542
15:12:56 INFO     Epoch 9/20 | step 2410 | loss 0.6120
15:12:56 INFO     Epoch 9/20 | step 2420 | loss 0.4713
15:12:57 INFO     Epoch 9/20 | step 2430 | loss 0.5097
15:12:57 INFO     Epoch 9/20 | step 2440 | loss 0.5496
15:12:57 INFO     Epoch 9/20 | step 2450 | loss 0.5668
15:12:57 INFO     Epoch 9/20 | step 2460 | loss 0.4645
15:12:58 INFO     Epoch 9/20 | step 2470 | loss 0.4903
15:12:58 INFO     Epoch 9/20 | step 2480 | loss 0.5697
15:12:58 INFO     Epoch 9/20 | step 2490 | loss 0.4894
15:12:59 INFO     Epoch 9/20 | step 2500 | loss 0.5339
15:12:59 INFO     Epoch 9/20 | step 2510 | loss 0.6466
15:12:59 INFO     Epoch 9/20 | step 2520 | loss 0.5320
15:13:00 INFO     Epoch 9/20 | step 2530 | loss 0.4878
15:13:00 INFO     Epoch 9/20 | step 2540 | loss 0.5480
15:13:00 INFO     Epoch 9/20 | step 2550 | loss 0.4541
15:13:00 INFO     Epoch 9/20 | step 2560 | loss 0.5526
15:13:01 INFO     Epoch 9/20 | step 2570 | loss 0.6472
15:13:01 INFO     Epoch 9/20 | step 2580 | loss 0.5178
15:13:01 INFO     Epoch 9/20 | step 2590 | loss 0.4817
15:13:02 INFO     Epoch 9/20 | step 2600 | loss 0.5064
15:13:02 INFO     Epoch 9/20 | step 2610 | loss 0.6142
15:13:02 INFO     Epoch 9/20 | step 2620 | loss 0.5496
15:13:03 INFO     Epoch 9/20 | step 2630 | loss 0.5138
15:13:03 INFO     Epoch 9/20 | step 2640 | loss 0.5506
15:13:03 INFO     Epoch 9/20 | step 2650 | loss 0.5285
15:13:04 INFO     Epoch 9/20 | step 2660 | loss 0.5205
15:13:04 INFO     Epoch 9/20 | step 2670 | loss 0.5098
15:13:04 INFO     Epoch 9/20 | step 2680 | loss 0.5631
15:13:04 INFO     Epoch 9/20 | step 2690 | loss 0.5980
15:13:05 INFO     Epoch 9/20 | step 2700 | loss 0.4843
15:13:05 INFO     Epoch 9/20 | step 2710 | loss 0.5821
15:13:05 INFO     Epoch 9/20 | step 2720 | loss 0.5169
15:13:06 INFO     Epoch 9/20 | step 2730 | loss 0.4931
15:13:06 INFO     Epoch 9/20 | step 2740 | loss 0.5903
15:13:06 INFO     Epoch 9/20 | step 2750 | loss 0.5941
15:13:07 INFO     Epoch 9/20 | step 2760 | loss 0.5768
15:13:07 INFO     Epoch 9/20 | step 2770 | loss 0.6133
15:13:07 INFO     Epoch 9/20 | step 2780 | loss 0.4913
15:13:07 INFO     Epoch 9/20 | step 2790 | loss 0.5893
15:13:08 INFO     Epoch 9/20 | step 2800 | loss 0.5719
15:13:08 INFO     Epoch 9/20 | step 2810 | loss 0.4943
15:13:08 INFO     Epoch 9/20 | step 2820 | loss 0.4707
15:13:09 INFO     Epoch 9/20 | step 2830 | loss 0.6235
15:13:09 INFO     Epoch 9/20 | step 2840 | loss 0.5365
15:13:09 INFO     Epoch 9/20 | step 2850 | loss 0.5995
15:13:10 INFO     Epoch 9/20 | step 2860 | loss 0.5360
15:13:10 INFO     Epoch 9/20 | step 2870 | loss 0.6066
15:13:10 INFO     Epoch 9/20 | step 2880 | loss 0.5526
15:13:11 INFO     Epoch 9/20 | step 2890 | loss 0.5984
15:13:11 INFO     Epoch 9/20 | step 2900 | loss 0.5190
15:13:11 INFO     Epoch 9/20 | step 2910 | loss 0.5818
15:13:11 INFO     Epoch 9/20 | step 2920 | loss 0.5720
15:13:12 INFO     Epoch 9/20 | step 2930 | loss 0.5179
15:13:12 INFO     Epoch 9/20 | step 2940 | loss 0.5879
15:13:12 INFO     Epoch 9/20 | step 2950 | loss 0.5899
15:13:13 INFO     Epoch 9/20 | step 2960 | loss 0.5860
15:13:13 INFO     Epoch 9/20 | step 2970 | loss 0.5498
15:13:13 INFO     Epoch 9/20 | step 2980 | loss 0.5395
15:13:14 INFO     Epoch 9/20 | step 2990 | loss 0.5956
15:13:14 INFO     Epoch 9/20 | step 3000 | loss 0.5557
15:13:14 INFO     Epoch 9/20 | step 3010 | loss 0.4936
15:13:14 INFO     Epoch 9/20 | step 3020 | loss 0.4915
15:13:15 INFO     Epoch 9/20 | step 3030 | loss 0.5651
15:13:15 INFO     Epoch 9/20 | step 3040 | loss 0.5213
15:13:15 INFO     Epoch 9/20 | step 3050 | loss 0.5054
15:13:16 INFO     Epoch 9/20 | step 3060 | loss 0.5046
15:13:16 INFO     Epoch 9/20 | step 3070 | loss 0.5453
15:13:16 INFO     Epoch 9/20 | step 3080 | loss 0.5241
15:13:17 INFO     Epoch 9/20 | step 3090 | loss 0.5110
15:13:17 INFO     Epoch 9/20 | step 3100 | loss 0.4745
15:13:17 INFO     Epoch 9/20 | step 3110 | loss 0.4772
15:13:18 INFO     Epoch 9/20 | step 3120 | loss 0.5401
15:13:18 INFO     Epoch 9/20 | step 3130 | loss 0.5348
15:13:18 INFO     Epoch 9/20 | step 3140 | loss 0.5385
15:13:18 INFO     Epoch 9/20 | step 3150 | loss 0.4963
15:13:19 INFO     Epoch 9/20 | step 3160 | loss 0.6213
15:13:19 INFO     Epoch 9/20 | step 3170 | loss 0.5420
15:13:19 INFO     Epoch 9/20 | step 3180 | loss 0.5570
15:13:20 INFO     Epoch 9/20 | step 3190 | loss 0.6048
15:13:20 INFO     Epoch 9/20 | step 3200 | loss 0.5561
15:13:20 INFO     Epoch 9/20 | step 3210 | loss 0.6362
15:13:21 INFO     Epoch 9/20 | step 3220 | loss 0.6299
15:13:21 INFO     Epoch 9/20 | step 3230 | loss 0.5466
15:13:21 INFO     Epoch 9/20 | step 3240 | loss 0.4928
15:13:21 INFO     Epoch 9/20 | step 3250 | loss 0.4603
15:13:22 INFO     Epoch 9/20 | step 3260 | loss 0.6058
15:13:22 INFO     Epoch 9/20 | step 3270 | loss 0.5634
15:13:22 INFO     Epoch 9/20 | step 3280 | loss 0.6929
15:13:23 INFO     Epoch 9/20 | step 3290 | loss 0.4801
15:13:23 INFO     Epoch 9/20 | step 3300 | loss 0.5164
15:13:23 INFO     Epoch 9/20 | step 3310 | loss 0.5103
15:13:24 INFO     Epoch 9/20 | step 3320 | loss 0.5602
15:13:24 INFO     Epoch 9/20 | step 3330 | loss 0.6346
15:13:24 INFO     Epoch 9/20 | step 3340 | loss 0.6498
15:13:24 INFO     Epoch 9/20 | step 3350 | loss 0.5116
15:13:25 INFO     Epoch 9/20 | step 3360 | loss 0.4927
15:13:25 INFO     Epoch 9/20 | step 3370 | loss 0.5702
15:13:25 INFO     Epoch 9/20 | step 3380 | loss 0.5758
15:13:26 INFO     Epoch 9/20 | step 3390 | loss 0.5584
15:13:26 INFO     Epoch 9/20 | step 3400 | loss 0.5071
15:13:26 INFO     Epoch 9/20 | step 3410 | loss 0.4861
15:13:27 INFO     Epoch 9/20 | step 3420 | loss 0.5716
15:13:27 INFO     Epoch 9/20 | step 3430 | loss 0.5276
15:13:27 INFO     Epoch 9/20 | step 3440 | loss 0.5897
15:13:28 INFO     Epoch 9/20 | step 3450 | loss 0.4696
15:13:28 INFO     Epoch 9/20 | step 3460 | loss 0.4384
15:13:28 INFO     Epoch 9/20 | step 3470 | loss 0.5955
15:13:28 INFO     Epoch 9/20 | step 3480 | loss 0.5537
15:13:29 INFO     Epoch 9/20 | step 3490 | loss 0.4992
15:13:29 INFO     Epoch 9/20 | step 3500 | loss 0.6516
15:13:29 INFO     Epoch 9/20 | step 3510 | loss 0.4995
15:13:30 INFO     Epoch 9/20 | step 3520 | loss 0.5687
15:13:30 INFO     Epoch 9/20 | step 3530 | loss 0.5133
15:13:30 INFO     Epoch 9/20 | step 3540 | loss 0.4457
15:13:31 INFO     Epoch 9/20 | step 3550 | loss 0.6233
15:13:31 INFO     Epoch 9/20 | step 3560 | loss 0.6035
15:13:31 INFO     Epoch 9/20 | step 3570 | loss 0.6687
15:13:31 INFO     Epoch 9/20 | step 3580 | loss 0.6276
15:13:32 INFO     Epoch 9/20 | step 3590 | loss 0.6277
15:13:32 INFO     Epoch 9/20 | step 3600 | loss 0.5912
15:13:32 INFO     Epoch 9/20 | step 3610 | loss 0.5345
15:13:33 INFO     Epoch 9/20 | step 3620 | loss 0.5260
15:13:33 INFO     Epoch 9/20 | step 3630 | loss 0.5965
15:13:33 INFO     Epoch 9/20 | step 3640 | loss 0.5041
15:13:34 INFO     Epoch 9/20 | step 3650 | loss 0.5474
15:13:34 INFO     Epoch 9/20 | step 3660 | loss 0.5831
15:13:34 INFO     Epoch 9/20 | step 3670 | loss 0.5384
15:13:35 INFO     Epoch 9/20 | step 3680 | loss 0.5405
15:13:35 INFO     Epoch 9/20 | step 3690 | loss 0.5099
15:13:35 INFO     Epoch 9/20 | step 3700 | loss 0.6339
15:13:35 INFO     Epoch 9/20 | step 3710 | loss 0.5968
15:13:36 INFO     Epoch 9/20 | step 3720 | loss 0.5874
15:13:36 INFO     Epoch 9/20 | step 3730 | loss 0.5835
15:13:36 INFO     Epoch 9/20 | step 3740 | loss 0.6539
15:13:37 INFO     Epoch 9/20 | step 3750 | loss 0.4625
15:13:37 INFO     Epoch 9/20 | step 3760 | loss 0.5569
15:13:37 INFO     Epoch 9/20 | step 3770 | loss 0.5695
15:13:38 INFO     Epoch 9/20 | step 3780 | loss 0.5483
15:13:38 INFO     Epoch 9/20 | step 3790 | loss 0.6332
15:13:38 INFO     Epoch 9/20 | step 3800 | loss 0.6353
15:13:38 INFO     Epoch 9/20 | step 3810 | loss 0.5271
15:13:39 INFO     Epoch 9/20 | step 3820 | loss 0.5815
15:13:39 INFO     Epoch 9/20 | step 3830 | loss 0.6200
15:13:39 INFO     Epoch 9/20 | step 3840 | loss 0.6388
15:13:40 INFO     Epoch 9/20 | step 3850 | loss 0.5596
15:13:40 INFO     Epoch 9/20 | step 3860 | loss 0.5052
15:13:40 INFO     Epoch 9/20 | step 3870 | loss 0.5973
15:13:41 INFO     Epoch 9/20 | step 3880 | loss 0.5468
15:13:41 INFO     Epoch 9/20 | step 3890 | loss 0.5343
15:13:41 INFO     Epoch 9/20 | step 3900 | loss 0.4652
15:13:42 INFO     Epoch 9/20 | step 3910 | loss 0.5541
15:13:42 INFO     Epoch 9/20 | step 3920 | loss 0.5175
15:13:42 INFO     Epoch 9/20 | step 3930 | loss 0.5785
15:13:42 INFO     Epoch 9/20 | step 3940 | loss 0.6484
15:13:43 INFO     Epoch 9/20 | step 3950 | loss 0.5466
15:13:43 INFO     Epoch 9/20 | step 3960 | loss 0.5480
15:13:43 INFO     Epoch 9/20 | step 3970 | loss 0.5254
15:13:44 INFO     Epoch 9/20 | step 3980 | loss 0.6103
15:13:44 INFO     Epoch 9/20 | step 3990 | loss 0.5832
15:13:44 INFO     Epoch 9/20 | step 4000 | loss 0.4961
15:13:45 INFO     Epoch 9/20 | step 4010 | loss 0.5927
15:13:45 INFO     Epoch 9/20 | step 4020 | loss 0.6696
15:13:45 INFO     Epoch 9/20 | step 4030 | loss 0.5200
15:13:45 INFO     Epoch 9/20 | step 4040 | loss 0.5435
15:13:46 INFO     Epoch 9/20 | step 4050 | loss 0.4919
15:13:46 INFO     Epoch 9/20 | step 4060 | loss 0.4762
15:13:46 INFO     Epoch 9/20 | step 4070 | loss 0.5434
15:13:47 INFO     Epoch 9/20 | step 4080 | loss 0.5737
15:13:47 INFO     Epoch 9/20 | step 4090 | loss 0.6239
15:13:47 INFO     Epoch 9/20 | step 4100 | loss 0.5129
15:13:48 INFO     Epoch 9/20 | step 4110 | loss 0.4463
15:13:48 INFO     Epoch 9/20 | step 4120 | loss 0.5519
15:13:48 INFO     Epoch 9/20 | step 4130 | loss 0.4171
15:13:49 INFO     Epoch 9/20 | step 4140 | loss 0.6014
15:13:49 INFO     Epoch 9/20 | step 4150 | loss 0.4696
15:13:49 INFO     Epoch 9/20 | step 4160 | loss 0.5313
15:13:49 INFO     Epoch 9/20 | step 4170 | loss 0.5667
15:13:50 INFO     Epoch 9/20 | step 4180 | loss 0.5667
15:13:50 INFO     Epoch 9/20 | step 4190 | loss 0.5322
15:13:50 INFO     Epoch 9/20 | step 4200 | loss 0.4931
15:13:51 INFO     Epoch 9/20 | step 4210 | loss 0.4598
15:13:51 INFO     Epoch 9/20 | step 4220 | loss 0.6719
15:13:51 INFO     Epoch 9/20 | step 4230 | loss 0.4869
15:13:52 INFO     Epoch 9/20 | step 4240 | loss 0.4385
15:13:52 INFO     Epoch 9/20 | step 4250 | loss 0.6396
15:13:52 INFO     Epoch 9/20 | step 4260 | loss 0.6502
15:13:52 INFO     Epoch 9/20 | step 4270 | loss 0.5541
15:13:53 INFO     Epoch 9/20 | step 4280 | loss 0.5661
15:13:53 INFO     Epoch 9/20 | step 4290 | loss 0.4551
15:13:53 INFO     Epoch 9/20 | step 4300 | loss 0.5240
15:13:54 INFO     Epoch 9/20 | step 4310 | loss 0.5893
15:13:54 INFO     Epoch 9/20 | step 4320 | loss 0.6226
15:13:54 INFO     Epoch 9/20 | step 4330 | loss 0.4838
15:13:55 INFO     Epoch 9/20 | step 4340 | loss 0.6211
15:13:55 INFO     Epoch 9/20 | step 4350 | loss 0.6511
15:13:55 INFO     Epoch 9/20 | step 4360 | loss 0.6140
15:13:55 INFO     Epoch 9/20 | step 4370 | loss 0.6387
15:13:56 INFO     Epoch 9/20 | step 4380 | loss 0.5080
15:13:56 INFO     Epoch 9/20 | step 4390 | loss 0.6718
15:13:56 INFO     Epoch 9/20 | step 4400 | loss 0.5585
15:13:57 INFO     Epoch 9/20 | step 4410 | loss 0.5610
15:13:57 INFO     Epoch 9/20 | step 4420 | loss 0.5190
15:13:57 INFO     Epoch 9/20 | step 4430 | loss 0.5675
15:13:58 INFO     Epoch 9/20 | step 4440 | loss 0.5975
15:13:58 INFO     Epoch 9/20 | step 4450 | loss 0.5514
15:13:58 INFO     Epoch 9/20 | step 4460 | loss 0.4597
15:13:59 INFO     Epoch 9/20 | step 4470 | loss 0.5781
15:13:59 INFO     Epoch 9/20 | step 4480 | loss 0.6850
15:13:59 INFO     Epoch 9/20 | step 4490 | loss 0.4663
15:13:59 INFO     Epoch 9/20 | step 4500 | loss 0.5055
15:14:00 INFO     Epoch 9/20 | step 4510 | loss 0.4837
15:14:00 INFO     Epoch 9/20 | step 4520 | loss 0.4474
15:14:00 INFO     Epoch 9/20 | step 4530 | loss 0.4070
15:14:01 INFO     Epoch 9/20 | step 4540 | loss 0.5446
15:14:01 INFO     Epoch 9/20 | step 4550 | loss 0.5413
15:14:01 INFO     Epoch 9/20 | step 4560 | loss 0.5108
15:14:02 INFO     Epoch 9/20 | step 4570 | loss 0.5503
15:14:02 INFO     Epoch 9/20 | step 4580 | loss 0.5797
15:14:02 INFO     Epoch 9/20 | step 4590 | loss 0.5958
15:14:02 INFO     Epoch 9/20 | step 4600 | loss 0.4540
15:14:03 INFO     Epoch 9/20 | step 4610 | loss 0.5235
15:14:03 INFO     Epoch 9/20 | step 4620 | loss 0.5950
15:14:03 INFO     Epoch 9/20 | step 4630 | loss 0.5424
15:14:04 INFO     Epoch 9/20 | step 4640 | loss 0.6147
15:14:04 INFO     Epoch 9/20 | step 4650 | loss 0.6616
15:14:04 INFO     Epoch 9/20 | step 4660 | loss 0.5644
15:14:05 INFO     Epoch 9/20 | step 4670 | loss 0.4952
15:14:05 INFO     Epoch 9/20 | step 4680 | loss 0.5704
15:14:05 INFO     Epoch 9/20 | step 4690 | loss 0.4959
15:14:06 INFO     Epoch 9/20 | step 4700 | loss 0.5225
15:14:06 INFO     Epoch 9/20 | step 4710 | loss 0.6693
15:14:06 INFO     Epoch 9/20 | step 4720 | loss 0.5097
15:14:06 INFO     Epoch 9/20 | step 4730 | loss 0.5892
15:14:07 INFO     Epoch 9/20 | step 4740 | loss 0.5947
15:14:07 INFO     Epoch 9/20 | step 4750 | loss 0.5845
15:14:07 INFO     Epoch 9/20 | step 4760 | loss 0.5084
15:14:08 INFO     Epoch 9/20 | step 4770 | loss 0.5442
15:14:08 INFO     Epoch 9/20 | step 4780 | loss 0.4670
15:14:08 INFO     Epoch 9/20 | step 4790 | loss 0.5809
15:14:09 INFO     Epoch 9/20 | step 4800 | loss 0.4781
15:14:09 INFO     Epoch 9/20 | step 4810 | loss 0.5523
15:14:09 INFO     Epoch 9/20 | step 4820 | loss 0.4771
15:14:09 INFO     Epoch 9/20 | step 4830 | loss 0.5016
15:14:10 INFO     Epoch 9/20 | step 4840 | loss 0.5124
15:14:10 INFO     Epoch 9/20 | step 4850 | loss 0.6999
15:14:10 INFO     Epoch 9/20 | step 4860 | loss 0.6154
15:14:11 INFO     Epoch 9/20 | step 4870 | loss 0.5230
15:14:11 INFO     Epoch 9/20 | step 4880 | loss 0.6171
15:14:11 INFO     Epoch 9/20 | step 4890 | loss 0.5651
15:14:12 INFO     Epoch 9/20 | step 4900 | loss 0.5297
15:14:12 INFO     Epoch 9/20 | step 4910 | loss 0.5311
15:14:12 INFO     Epoch 9/20 | step 4920 | loss 0.5599
15:14:13 INFO     Epoch 9/20 | step 4930 | loss 0.5142
15:14:13 INFO     Epoch 9/20 | step 4940 | loss 0.6260
15:14:13 INFO     Epoch 9/20 | step 4950 | loss 0.5405
15:14:13 INFO     Epoch 9/20 | step 4960 | loss 0.5371
15:14:14 INFO     Epoch 9/20 | step 4970 | loss 0.4377
15:14:14 INFO     Epoch 9/20 | step 4980 | loss 0.5571
15:14:14 INFO     Epoch 9/20 | step 4990 | loss 0.5418
15:14:15 INFO     Epoch 9/20 | step 5000 | loss 0.5833
15:14:15 INFO     Epoch 9/20 | step 5010 | loss 0.5405
15:14:15 INFO     Epoch 9/20 | step 5020 | loss 0.5864
15:14:16 INFO     Epoch 9/20 | step 5030 | loss 0.5693
15:14:16 INFO     Epoch 9/20 | step 5040 | loss 0.5650
15:14:16 INFO     Epoch 9/20 | step 5050 | loss 0.4926
15:14:16 INFO     Epoch 9/20 | step 5060 | loss 0.5853
15:14:17 INFO     Epoch 9/20 | step 5070 | loss 0.6785
15:14:17 INFO     Epoch 9/20 | step 5080 | loss 0.4501
15:14:17 INFO     Epoch 9/20 | step 5090 | loss 0.5696
15:14:18 INFO     Epoch 9/20 | step 5100 | loss 0.5483
15:14:18 INFO     Epoch 9/20 | step 5110 | loss 0.5507
15:14:18 INFO     Epoch 9/20 | step 5120 | loss 0.5189
15:14:19 INFO     Epoch 9/20 | step 5130 | loss 0.5485
15:14:19 INFO     Epoch 9/20 | step 5140 | loss 0.4555
15:14:19 INFO     Epoch 9/20 | step 5150 | loss 0.5336
15:14:20 INFO     Epoch 9/20 | step 5160 | loss 0.4980
15:14:20 INFO     Epoch 9/20 | step 5170 | loss 0.4804
15:14:20 INFO     Epoch 9/20 | step 5180 | loss 0.5093
15:14:20 INFO     Epoch 9/20 | step 5190 | loss 0.5866
15:14:21 INFO     Epoch 9/20 | step 5200 | loss 0.5093
15:14:21 INFO     Epoch 9/20 | step 5210 | loss 0.6495
15:14:21 INFO     Epoch 9/20 | step 5220 | loss 0.4705
15:14:22 INFO     Epoch 9/20 | step 5230 | loss 0.5866
15:14:22 INFO     Epoch 9/20 | step 5240 | loss 0.5269
15:14:22 INFO     Epoch 9/20 | step 5250 | loss 0.5157
15:14:23 INFO     Epoch 9/20 | step 5260 | loss 0.4409
15:14:23 INFO     Epoch 9/20 | step 5270 | loss 0.6616
15:14:23 INFO     Epoch 9/20 | step 5280 | loss 0.5187
15:14:23 INFO     Epoch 9/20 | step 5290 | loss 0.5212
15:14:24 INFO     Epoch 9/20 | step 5300 | loss 0.6751
15:14:24 INFO     Epoch 9/20 | step 5310 | loss 0.4963
15:14:24 INFO     Epoch 9/20 | step 5320 | loss 0.6387
15:14:25 INFO     Epoch 9/20 | step 5330 | loss 0.6244
15:14:25 INFO     Epoch 9/20 | step 5340 | loss 0.5320
15:14:25 INFO     Epoch 9/20 | step 5350 | loss 0.5507
15:14:26 INFO     Epoch 9/20 | step 5360 | loss 0.5966
15:14:26 INFO     Epoch 9/20 | step 5370 | loss 0.5990
15:14:26 INFO     Epoch 9/20 | step 5380 | loss 0.5670
15:14:27 INFO     Epoch 9/20 | step 5390 | loss 0.6135
15:14:27 INFO     Epoch 9/20 | step 5400 | loss 0.4931
15:14:27 INFO     Epoch 9/20 | step 5410 | loss 0.4639
15:14:27 INFO     Epoch 9/20 | step 5420 | loss 0.5154
15:14:28 INFO     Epoch 9/20 | step 5430 | loss 0.5148
15:14:28 INFO     Epoch 9/20 | step 5440 | loss 0.5654
15:14:28 INFO     Epoch 9/20 | step 5450 | loss 0.6580
15:14:29 INFO     Epoch 9/20 | step 5460 | loss 0.5228
15:14:29 INFO     Epoch 9/20 | step 5470 | loss 0.4879
15:14:29 INFO     Epoch 9/20 | step 5480 | loss 0.5403
15:14:30 INFO     Epoch 9/20 | step 5490 | loss 0.5098
15:14:30 INFO     Epoch 9/20 | step 5500 | loss 0.6330
15:14:30 INFO     Epoch 9/20 | step 5510 | loss 0.5531
15:14:30 INFO     Epoch 9/20 | step 5520 | loss 0.4595
15:14:31 INFO     Epoch 9/20 | step 5530 | loss 0.6048
15:14:31 INFO     Epoch 9/20 | step 5540 | loss 0.5143
15:14:31 INFO     Epoch 9/20 | step 5550 | loss 0.6005
15:14:32 INFO     Epoch 9/20 | step 5560 | loss 0.5115
15:14:32 INFO     Epoch 9/20 | step 5570 | loss 0.5410
15:14:32 INFO     Epoch 9/20 | step 5580 | loss 0.6256
15:14:33 INFO     Epoch 9/20 | step 5590 | loss 0.5355
15:14:33 INFO     Epoch 9/20 | step 5600 | loss 0.4856
15:14:33 INFO     Epoch 9/20 | step 5610 | loss 0.4380
15:14:34 INFO     Epoch 9/20 | step 5620 | loss 0.5878
15:14:34 INFO     Epoch 9/20 | step 5630 | loss 0.5661
15:14:34 INFO     Epoch 9/20 | step 5640 | loss 0.5149
15:14:34 INFO     Epoch 9/20 | step 5650 | loss 0.5941
15:14:35 INFO     Epoch 9/20 | avg loss 0.5513
15:14:35 INFO     Epoch 9/20 | new best loss 0.5513 — checkpoint saved
15:14:35 INFO     Epoch 10/20 | step   10 | loss 0.5299
15:14:35 INFO     Epoch 10/20 | step   20 | loss 0.5183
15:14:35 INFO     Epoch 10/20 | step   30 | loss 0.5586
15:14:36 INFO     Epoch 10/20 | step   40 | loss 0.5775
15:14:36 INFO     Epoch 10/20 | step   50 | loss 0.6294
15:14:36 INFO     Epoch 10/20 | step   60 | loss 0.5374
15:14:37 INFO     Epoch 10/20 | step   70 | loss 0.5620
15:14:37 INFO     Epoch 10/20 | step   80 | loss 0.5466
15:14:37 INFO     Epoch 10/20 | step   90 | loss 0.6052
15:14:38 INFO     Epoch 10/20 | step  100 | loss 0.5813
15:14:38 INFO     Epoch 10/20 | step  110 | loss 0.4624
15:14:38 INFO     Epoch 10/20 | step  120 | loss 0.5689
15:14:38 INFO     Epoch 10/20 | step  130 | loss 0.5419
15:14:39 INFO     Epoch 10/20 | step  140 | loss 0.5052
15:14:39 INFO     Epoch 10/20 | step  150 | loss 0.5023
15:14:39 INFO     Epoch 10/20 | step  160 | loss 0.5230
15:14:40 INFO     Epoch 10/20 | step  170 | loss 0.5589
15:14:40 INFO     Epoch 10/20 | step  180 | loss 0.5166
15:14:40 INFO     Epoch 10/20 | step  190 | loss 0.5011
15:14:41 INFO     Epoch 10/20 | step  200 | loss 0.5579
15:14:41 INFO     Epoch 10/20 | step  210 | loss 0.7415
15:14:41 INFO     Epoch 10/20 | step  220 | loss 0.6184
15:14:42 INFO     Epoch 10/20 | step  230 | loss 0.5438
15:14:42 INFO     Epoch 10/20 | step  240 | loss 0.4915
15:14:42 INFO     Epoch 10/20 | step  250 | loss 0.4823
15:14:42 INFO     Epoch 10/20 | step  260 | loss 0.3962
15:14:43 INFO     Epoch 10/20 | step  270 | loss 0.5341
15:14:43 INFO     Epoch 10/20 | step  280 | loss 0.5777
15:14:43 INFO     Epoch 10/20 | step  290 | loss 0.4870
15:14:44 INFO     Epoch 10/20 | step  300 | loss 0.4368
15:14:44 INFO     Epoch 10/20 | step  310 | loss 0.5174
15:14:44 INFO     Epoch 10/20 | step  320 | loss 0.5501
15:14:45 INFO     Epoch 10/20 | step  330 | loss 0.4697
15:14:45 INFO     Epoch 10/20 | step  340 | loss 0.5053
15:14:45 INFO     Epoch 10/20 | step  350 | loss 0.5236
15:14:45 INFO     Epoch 10/20 | step  360 | loss 0.5282
15:14:46 INFO     Epoch 10/20 | step  370 | loss 0.4831
15:14:46 INFO     Epoch 10/20 | step  380 | loss 0.5321
15:14:46 INFO     Epoch 10/20 | step  390 | loss 0.5466
15:14:47 INFO     Epoch 10/20 | step  400 | loss 0.5197
15:14:47 INFO     Epoch 10/20 | step  410 | loss 0.5147
15:14:47 INFO     Epoch 10/20 | step  420 | loss 0.5741
15:14:48 INFO     Epoch 10/20 | step  430 | loss 0.4563
15:14:48 INFO     Epoch 10/20 | step  440 | loss 0.4714
15:14:48 INFO     Epoch 10/20 | step  450 | loss 0.4840
15:14:49 INFO     Epoch 10/20 | step  460 | loss 0.5198
15:14:49 INFO     Epoch 10/20 | step  470 | loss 0.5483
15:14:49 INFO     Epoch 10/20 | step  480 | loss 0.5482
15:14:49 INFO     Epoch 10/20 | step  490 | loss 0.5031
15:14:50 INFO     Epoch 10/20 | step  500 | loss 0.6243
15:14:50 INFO     Epoch 10/20 | step  510 | loss 0.5749
15:14:50 INFO     Epoch 10/20 | step  520 | loss 0.4403
15:14:51 INFO     Epoch 10/20 | step  530 | loss 0.5104
15:14:51 INFO     Epoch 10/20 | step  540 | loss 0.5563
15:14:51 INFO     Epoch 10/20 | step  550 | loss 0.4146
15:14:52 INFO     Epoch 10/20 | step  560 | loss 0.5248
15:14:52 INFO     Epoch 10/20 | step  570 | loss 0.5282
15:14:52 INFO     Epoch 10/20 | step  580 | loss 0.5943
15:14:52 INFO     Epoch 10/20 | step  590 | loss 0.6873
15:14:53 INFO     Epoch 10/20 | step  600 | loss 0.5789
15:14:53 INFO     Epoch 10/20 | step  610 | loss 0.5984
15:14:53 INFO     Epoch 10/20 | step  620 | loss 0.4492
15:14:54 INFO     Epoch 10/20 | step  630 | loss 0.4805
15:14:54 INFO     Epoch 10/20 | step  640 | loss 0.5516
15:14:54 INFO     Epoch 10/20 | step  650 | loss 0.6234
15:14:55 INFO     Epoch 10/20 | step  660 | loss 0.5169
15:14:55 INFO     Epoch 10/20 | step  670 | loss 0.5009
15:14:55 INFO     Epoch 10/20 | step  680 | loss 0.5759
15:14:56 INFO     Epoch 10/20 | step  690 | loss 0.5157
15:14:56 INFO     Epoch 10/20 | step  700 | loss 0.5438
15:14:56 INFO     Epoch 10/20 | step  710 | loss 0.6017
15:14:56 INFO     Epoch 10/20 | step  720 | loss 0.4953
15:14:57 INFO     Epoch 10/20 | step  730 | loss 0.5594
15:14:57 INFO     Epoch 10/20 | step  740 | loss 0.6303
15:14:57 INFO     Epoch 10/20 | step  750 | loss 0.5505
15:14:58 INFO     Epoch 10/20 | step  760 | loss 0.5517
15:14:58 INFO     Epoch 10/20 | step  770 | loss 0.5513
15:14:58 INFO     Epoch 10/20 | step  780 | loss 0.6008
15:14:59 INFO     Epoch 10/20 | step  790 | loss 0.4910
15:14:59 INFO     Epoch 10/20 | step  800 | loss 0.5064
15:14:59 INFO     Epoch 10/20 | step  810 | loss 0.4732
15:14:59 INFO     Epoch 10/20 | step  820 | loss 0.4932
15:15:00 INFO     Epoch 10/20 | step  830 | loss 0.5091
15:15:00 INFO     Epoch 10/20 | step  840 | loss 0.5208
15:15:00 INFO     Epoch 10/20 | step  850 | loss 0.5215
15:15:01 INFO     Epoch 10/20 | step  860 | loss 0.5015
15:15:01 INFO     Epoch 10/20 | step  870 | loss 0.4838
15:15:01 INFO     Epoch 10/20 | step  880 | loss 0.5594
15:15:02 INFO     Epoch 10/20 | step  890 | loss 0.5111
15:15:02 INFO     Epoch 10/20 | step  900 | loss 0.6102
15:15:02 INFO     Epoch 10/20 | step  910 | loss 0.6104
15:15:02 INFO     Epoch 10/20 | step  920 | loss 0.4972
15:15:03 INFO     Epoch 10/20 | step  930 | loss 0.4185
15:15:03 INFO     Epoch 10/20 | step  940 | loss 0.5322
15:15:03 INFO     Epoch 10/20 | step  950 | loss 0.4370
15:15:04 INFO     Epoch 10/20 | step  960 | loss 0.5594
15:15:04 INFO     Epoch 10/20 | step  970 | loss 0.4715
15:15:04 INFO     Epoch 10/20 | step  980 | loss 0.5702
15:15:05 INFO     Epoch 10/20 | step  990 | loss 0.5745
15:15:05 INFO     Epoch 10/20 | step 1000 | loss 0.4995
15:15:05 INFO     Epoch 10/20 | step 1010 | loss 0.5780
15:15:06 INFO     Epoch 10/20 | step 1020 | loss 0.5227
15:15:06 INFO     Epoch 10/20 | step 1030 | loss 0.5477
15:15:06 INFO     Epoch 10/20 | step 1040 | loss 0.4975
15:15:06 INFO     Epoch 10/20 | step 1050 | loss 0.4748
15:15:07 INFO     Epoch 10/20 | step 1060 | loss 0.5399
15:15:07 INFO     Epoch 10/20 | step 1070 | loss 0.5571
15:15:07 INFO     Epoch 10/20 | step 1080 | loss 0.4910
15:15:08 INFO     Epoch 10/20 | step 1090 | loss 0.5632
15:15:08 INFO     Epoch 10/20 | step 1100 | loss 0.5056
15:15:08 INFO     Epoch 10/20 | step 1110 | loss 0.4371
15:15:09 INFO     Epoch 10/20 | step 1120 | loss 0.5977
15:15:09 INFO     Epoch 10/20 | step 1130 | loss 0.5106
15:15:09 INFO     Epoch 10/20 | step 1140 | loss 0.5032
15:15:09 INFO     Epoch 10/20 | step 1150 | loss 0.5087
15:15:10 INFO     Epoch 10/20 | step 1160 | loss 0.5160
15:15:10 INFO     Epoch 10/20 | step 1170 | loss 0.5561
15:15:11 INFO     Epoch 10/20 | step 1180 | loss 0.5876
15:15:11 INFO     Epoch 10/20 | step 1190 | loss 0.4675
15:15:11 INFO     Epoch 10/20 | step 1200 | loss 0.5053
15:15:12 INFO     Epoch 10/20 | step 1210 | loss 0.5667
15:15:12 INFO     Epoch 10/20 | step 1220 | loss 0.5785
15:15:12 INFO     Epoch 10/20 | step 1230 | loss 0.5418
15:15:13 INFO     Epoch 10/20 | step 1240 | loss 0.5088
15:15:13 INFO     Epoch 10/20 | step 1250 | loss 0.5151
15:15:13 INFO     Epoch 10/20 | step 1260 | loss 0.5909
15:15:14 INFO     Epoch 10/20 | step 1270 | loss 0.5032
15:15:14 INFO     Epoch 10/20 | step 1280 | loss 0.5639
15:15:14 INFO     Epoch 10/20 | step 1290 | loss 0.5386
15:15:14 INFO     Epoch 10/20 | step 1300 | loss 0.4352
15:15:15 INFO     Epoch 10/20 | step 1310 | loss 0.5026
15:15:15 INFO     Epoch 10/20 | step 1320 | loss 0.4487
15:15:15 INFO     Epoch 10/20 | step 1330 | loss 0.5514
15:15:16 INFO     Epoch 10/20 | step 1340 | loss 0.5097
15:15:16 INFO     Epoch 10/20 | step 1350 | loss 0.5792
15:15:16 INFO     Epoch 10/20 | step 1360 | loss 0.4850
15:15:17 INFO     Epoch 10/20 | step 1370 | loss 0.4524
15:15:17 INFO     Epoch 10/20 | step 1380 | loss 0.4664
15:15:17 INFO     Epoch 10/20 | step 1390 | loss 0.6606
15:15:18 INFO     Epoch 10/20 | step 1400 | loss 0.5066
15:15:18 INFO     Epoch 10/20 | step 1410 | loss 0.5215
15:15:18 INFO     Epoch 10/20 | step 1420 | loss 0.4783
15:15:18 INFO     Epoch 10/20 | step 1430 | loss 0.6264
15:15:19 INFO     Epoch 10/20 | step 1440 | loss 0.5521
15:15:19 INFO     Epoch 10/20 | step 1450 | loss 0.5003
15:15:19 INFO     Epoch 10/20 | step 1460 | loss 0.5888
15:15:20 INFO     Epoch 10/20 | step 1470 | loss 0.5162
15:15:20 INFO     Epoch 10/20 | step 1480 | loss 0.5425
15:15:20 INFO     Epoch 10/20 | step 1490 | loss 0.4114
15:15:21 INFO     Epoch 10/20 | step 1500 | loss 0.5067
15:15:21 INFO     Epoch 10/20 | step 1510 | loss 0.5358
15:15:21 INFO     Epoch 10/20 | step 1520 | loss 0.5463
15:15:21 INFO     Epoch 10/20 | step 1530 | loss 0.4662
15:15:22 INFO     Epoch 10/20 | step 1540 | loss 0.4817
15:15:22 INFO     Epoch 10/20 | step 1550 | loss 0.5786
15:15:22 INFO     Epoch 10/20 | step 1560 | loss 0.4765
15:15:23 INFO     Epoch 10/20 | step 1570 | loss 0.6059
15:15:23 INFO     Epoch 10/20 | step 1580 | loss 0.4744
15:15:23 INFO     Epoch 10/20 | step 1590 | loss 0.5219
15:15:24 INFO     Epoch 10/20 | step 1600 | loss 0.5615
15:15:24 INFO     Epoch 10/20 | step 1610 | loss 0.5933
15:15:24 INFO     Epoch 10/20 | step 1620 | loss 0.4706
15:15:25 INFO     Epoch 10/20 | step 1630 | loss 0.5799
15:15:25 INFO     Epoch 10/20 | step 1640 | loss 0.5109
15:15:25 INFO     Epoch 10/20 | step 1650 | loss 0.5502
15:15:25 INFO     Epoch 10/20 | step 1660 | loss 0.5777
15:15:26 INFO     Epoch 10/20 | step 1670 | loss 0.5500
15:15:26 INFO     Epoch 10/20 | step 1680 | loss 0.4513
15:15:26 INFO     Epoch 10/20 | step 1690 | loss 0.4928
15:15:27 INFO     Epoch 10/20 | step 1700 | loss 0.5130
15:15:27 INFO     Epoch 10/20 | step 1710 | loss 0.5459
15:15:27 INFO     Epoch 10/20 | step 1720 | loss 0.4951
15:15:28 INFO     Epoch 10/20 | step 1730 | loss 0.5138
15:15:28 INFO     Epoch 10/20 | step 1740 | loss 0.6011
15:15:28 INFO     Epoch 10/20 | step 1750 | loss 0.5557
15:15:28 INFO     Epoch 10/20 | step 1760 | loss 0.5321
15:15:29 INFO     Epoch 10/20 | step 1770 | loss 0.5623
15:15:29 INFO     Epoch 10/20 | step 1780 | loss 0.6334
15:15:29 INFO     Epoch 10/20 | step 1790 | loss 0.5706
15:15:30 INFO     Epoch 10/20 | step 1800 | loss 0.4614
15:15:30 INFO     Epoch 10/20 | step 1810 | loss 0.4629
15:15:30 INFO     Epoch 10/20 | step 1820 | loss 0.7157
15:15:31 INFO     Epoch 10/20 | step 1830 | loss 0.5866
15:15:31 INFO     Epoch 10/20 | step 1840 | loss 0.5611
15:15:31 INFO     Epoch 10/20 | step 1850 | loss 0.5469
15:15:32 INFO     Epoch 10/20 | step 1860 | loss 0.6303
15:15:32 INFO     Epoch 10/20 | step 1870 | loss 0.5673
15:15:32 INFO     Epoch 10/20 | step 1880 | loss 0.5362
15:15:32 INFO     Epoch 10/20 | step 1890 | loss 0.5393
15:15:33 INFO     Epoch 10/20 | step 1900 | loss 0.4340
15:15:33 INFO     Epoch 10/20 | step 1910 | loss 0.5713
15:15:33 INFO     Epoch 10/20 | step 1920 | loss 0.5638
15:15:34 INFO     Epoch 10/20 | step 1930 | loss 0.4657
15:15:34 INFO     Epoch 10/20 | step 1940 | loss 0.6240
15:15:34 INFO     Epoch 10/20 | step 1950 | loss 0.5635
15:15:35 INFO     Epoch 10/20 | step 1960 | loss 0.6047
15:15:35 INFO     Epoch 10/20 | step 1970 | loss 0.4600
15:15:35 INFO     Epoch 10/20 | step 1980 | loss 0.5364
15:15:35 INFO     Epoch 10/20 | step 1990 | loss 0.4978
15:15:36 INFO     Epoch 10/20 | step 2000 | loss 0.5102
15:15:36 INFO     Epoch 10/20 | step 2010 | loss 0.5572
15:15:36 INFO     Epoch 10/20 | step 2020 | loss 0.5375
15:15:37 INFO     Epoch 10/20 | step 2030 | loss 0.6277
15:15:37 INFO     Epoch 10/20 | step 2040 | loss 0.4942
15:15:37 INFO     Epoch 10/20 | step 2050 | loss 0.5409
15:15:38 INFO     Epoch 10/20 | step 2060 | loss 0.5267
15:15:38 INFO     Epoch 10/20 | step 2070 | loss 0.5093
15:15:38 INFO     Epoch 10/20 | step 2080 | loss 0.4550
15:15:38 INFO     Epoch 10/20 | step 2090 | loss 0.6244
15:15:39 INFO     Epoch 10/20 | step 2100 | loss 0.4570
15:15:39 INFO     Epoch 10/20 | step 2110 | loss 0.5584
15:15:39 INFO     Epoch 10/20 | step 2120 | loss 0.6079
15:15:40 INFO     Epoch 10/20 | step 2130 | loss 0.5046
15:15:40 INFO     Epoch 10/20 | step 2140 | loss 0.4849
15:15:40 INFO     Epoch 10/20 | step 2150 | loss 0.5521
15:15:41 INFO     Epoch 10/20 | step 2160 | loss 0.5226
15:15:41 INFO     Epoch 10/20 | step 2170 | loss 0.5638
15:15:41 INFO     Epoch 10/20 | step 2180 | loss 0.5407
15:15:42 INFO     Epoch 10/20 | step 2190 | loss 0.6258
15:15:42 INFO     Epoch 10/20 | step 2200 | loss 0.5291
15:15:42 INFO     Epoch 10/20 | step 2210 | loss 0.5806
15:15:42 INFO     Epoch 10/20 | step 2220 | loss 0.5573
15:15:43 INFO     Epoch 10/20 | step 2230 | loss 0.5101
15:15:43 INFO     Epoch 10/20 | step 2240 | loss 0.5207
15:15:43 INFO     Epoch 10/20 | step 2250 | loss 0.4392
15:15:44 INFO     Epoch 10/20 | step 2260 | loss 0.5073
15:15:44 INFO     Epoch 10/20 | step 2270 | loss 0.4912
15:15:44 INFO     Epoch 10/20 | step 2280 | loss 0.4295
15:15:45 INFO     Epoch 10/20 | step 2290 | loss 0.5244
15:15:45 INFO     Epoch 10/20 | step 2300 | loss 0.5461
15:15:45 INFO     Epoch 10/20 | step 2310 | loss 0.6027
15:15:45 INFO     Epoch 10/20 | step 2320 | loss 0.5356
15:15:46 INFO     Epoch 10/20 | step 2330 | loss 0.4757
15:15:46 INFO     Epoch 10/20 | step 2340 | loss 0.5479
15:15:46 INFO     Epoch 10/20 | step 2350 | loss 0.5666
15:15:47 INFO     Epoch 10/20 | step 2360 | loss 0.5266
15:15:47 INFO     Epoch 10/20 | step 2370 | loss 0.4512
15:15:47 INFO     Epoch 10/20 | step 2380 | loss 0.4543
15:15:48 INFO     Epoch 10/20 | step 2390 | loss 0.5390
15:15:48 INFO     Epoch 10/20 | step 2400 | loss 0.5123
15:15:48 INFO     Epoch 10/20 | step 2410 | loss 0.4862
15:15:49 INFO     Epoch 10/20 | step 2420 | loss 0.5338
15:15:49 INFO     Epoch 10/20 | step 2430 | loss 0.4916
15:15:49 INFO     Epoch 10/20 | step 2440 | loss 0.4407
15:15:49 INFO     Epoch 10/20 | step 2450 | loss 0.5789
15:15:50 INFO     Epoch 10/20 | step 2460 | loss 0.5412
15:15:50 INFO     Epoch 10/20 | step 2470 | loss 0.4379
15:15:50 INFO     Epoch 10/20 | step 2480 | loss 0.4793
15:15:51 INFO     Epoch 10/20 | step 2490 | loss 0.4442
15:15:51 INFO     Epoch 10/20 | step 2500 | loss 0.5299
15:15:51 INFO     Epoch 10/20 | step 2510 | loss 0.5311
15:15:52 INFO     Epoch 10/20 | step 2520 | loss 0.5808
15:15:52 INFO     Epoch 10/20 | step 2530 | loss 0.4640
15:15:52 INFO     Epoch 10/20 | step 2540 | loss 0.6219
15:15:52 INFO     Epoch 10/20 | step 2550 | loss 0.4703
15:15:53 INFO     Epoch 10/20 | step 2560 | loss 0.5777
15:15:53 INFO     Epoch 10/20 | step 2570 | loss 0.4267
15:15:53 INFO     Epoch 10/20 | step 2580 | loss 0.6609
15:15:54 INFO     Epoch 10/20 | step 2590 | loss 0.4958
15:15:54 INFO     Epoch 10/20 | step 2600 | loss 0.4344
15:15:54 INFO     Epoch 10/20 | step 2610 | loss 0.4906
15:15:55 INFO     Epoch 10/20 | step 2620 | loss 0.5963
15:15:55 INFO     Epoch 10/20 | step 2630 | loss 0.4644
15:15:55 INFO     Epoch 10/20 | step 2640 | loss 0.5147
15:15:56 INFO     Epoch 10/20 | step 2650 | loss 0.4525
15:15:56 INFO     Epoch 10/20 | step 2660 | loss 0.4999
15:15:56 INFO     Epoch 10/20 | step 2670 | loss 0.5563
15:15:56 INFO     Epoch 10/20 | step 2680 | loss 0.4032
15:15:57 INFO     Epoch 10/20 | step 2690 | loss 0.6146
15:15:57 INFO     Epoch 10/20 | step 2700 | loss 0.3936
15:15:57 INFO     Epoch 10/20 | step 2710 | loss 0.5152
15:15:58 INFO     Epoch 10/20 | step 2720 | loss 0.6464
15:15:58 INFO     Epoch 10/20 | step 2730 | loss 0.5586
15:15:58 INFO     Epoch 10/20 | step 2740 | loss 0.5056
15:15:59 INFO     Epoch 10/20 | step 2750 | loss 0.5815
15:15:59 INFO     Epoch 10/20 | step 2760 | loss 0.5631
15:15:59 INFO     Epoch 10/20 | step 2770 | loss 0.4327
15:15:59 INFO     Epoch 10/20 | step 2780 | loss 0.5173
15:16:00 INFO     Epoch 10/20 | step 2790 | loss 0.5109
15:16:00 INFO     Epoch 10/20 | step 2800 | loss 0.5380
15:16:00 INFO     Epoch 10/20 | step 2810 | loss 0.5976
15:16:01 INFO     Epoch 10/20 | step 2820 | loss 0.4542
15:16:01 INFO     Epoch 10/20 | step 2830 | loss 0.6037
15:16:01 INFO     Epoch 10/20 | step 2840 | loss 0.5187
15:16:02 INFO     Epoch 10/20 | step 2850 | loss 0.4918
15:16:02 INFO     Epoch 10/20 | step 2860 | loss 0.5575
15:16:02 INFO     Epoch 10/20 | step 2870 | loss 0.5478
15:16:02 INFO     Epoch 10/20 | step 2880 | loss 0.4986
15:16:03 INFO     Epoch 10/20 | step 2890 | loss 0.5599
15:16:03 INFO     Epoch 10/20 | step 2900 | loss 0.5105
15:16:03 INFO     Epoch 10/20 | step 2910 | loss 0.4379
15:16:04 INFO     Epoch 10/20 | step 2920 | loss 0.4379
15:16:04 INFO     Epoch 10/20 | step 2930 | loss 0.4498
15:16:04 INFO     Epoch 10/20 | step 2940 | loss 0.5625
15:16:05 INFO     Epoch 10/20 | step 2950 | loss 0.4733
15:16:05 INFO     Epoch 10/20 | step 2960 | loss 0.5015
15:16:05 INFO     Epoch 10/20 | step 2970 | loss 0.5441
15:16:06 INFO     Epoch 10/20 | step 2980 | loss 0.4989
15:16:06 INFO     Epoch 10/20 | step 2990 | loss 0.4894
15:16:06 INFO     Epoch 10/20 | step 3000 | loss 0.6283
15:16:06 INFO     Epoch 10/20 | step 3010 | loss 0.5291
15:16:07 INFO     Epoch 10/20 | step 3020 | loss 0.6188
15:16:07 INFO     Epoch 10/20 | step 3030 | loss 0.4585
15:16:07 INFO     Epoch 10/20 | step 3040 | loss 0.5031
15:16:08 INFO     Epoch 10/20 | step 3050 | loss 0.5050
15:16:08 INFO     Epoch 10/20 | step 3060 | loss 0.4263
15:16:08 INFO     Epoch 10/20 | step 3070 | loss 0.5720
15:16:09 INFO     Epoch 10/20 | step 3080 | loss 0.5858
15:16:09 INFO     Epoch 10/20 | step 3090 | loss 0.5037
15:16:09 INFO     Epoch 10/20 | step 3100 | loss 0.4397
15:16:09 INFO     Epoch 10/20 | step 3110 | loss 0.5114
15:16:10 INFO     Epoch 10/20 | step 3120 | loss 0.4911
15:16:10 INFO     Epoch 10/20 | step 3130 | loss 0.5181
15:16:10 INFO     Epoch 10/20 | step 3140 | loss 0.4964
15:16:11 INFO     Epoch 10/20 | step 3150 | loss 0.5839
15:16:11 INFO     Epoch 10/20 | step 3160 | loss 0.5819
15:16:11 INFO     Epoch 10/20 | step 3170 | loss 0.4886
15:16:12 INFO     Epoch 10/20 | step 3180 | loss 0.4919
15:16:12 INFO     Epoch 10/20 | step 3190 | loss 0.5688
15:16:12 INFO     Epoch 10/20 | step 3200 | loss 0.4964
15:16:13 INFO     Epoch 10/20 | step 3210 | loss 0.5622
15:16:13 INFO     Epoch 10/20 | step 3220 | loss 0.5282
15:16:13 INFO     Epoch 10/20 | step 3230 | loss 0.4902
15:16:13 INFO     Epoch 10/20 | step 3240 | loss 0.5155
15:16:14 INFO     Epoch 10/20 | step 3250 | loss 0.4575
15:16:14 INFO     Epoch 10/20 | step 3260 | loss 0.5318
15:16:14 INFO     Epoch 10/20 | step 3270 | loss 0.5108
15:16:15 INFO     Epoch 10/20 | step 3280 | loss 0.4754
15:16:15 INFO     Epoch 10/20 | step 3290 | loss 0.5473
15:16:15 INFO     Epoch 10/20 | step 3300 | loss 0.5780
15:16:16 INFO     Epoch 10/20 | step 3310 | loss 0.4594
15:16:16 INFO     Epoch 10/20 | step 3320 | loss 0.4792
15:16:16 INFO     Epoch 10/20 | step 3330 | loss 0.5044
15:16:16 INFO     Epoch 10/20 | step 3340 | loss 0.5296
15:16:17 INFO     Epoch 10/20 | step 3350 | loss 0.6059
15:16:17 INFO     Epoch 10/20 | step 3360 | loss 0.5632
15:16:17 INFO     Epoch 10/20 | step 3370 | loss 0.5902
15:16:18 INFO     Epoch 10/20 | step 3380 | loss 0.4641
15:16:18 INFO     Epoch 10/20 | step 3390 | loss 0.6179
15:16:18 INFO     Epoch 10/20 | step 3400 | loss 0.6004
15:16:19 INFO     Epoch 10/20 | step 3410 | loss 0.4705
15:16:19 INFO     Epoch 10/20 | step 3420 | loss 0.5937
15:16:19 INFO     Epoch 10/20 | step 3430 | loss 0.5701
15:16:20 INFO     Epoch 10/20 | step 3440 | loss 0.4753
15:16:20 INFO     Epoch 10/20 | step 3450 | loss 0.4578
15:16:20 INFO     Epoch 10/20 | step 3460 | loss 0.5572
15:16:20 INFO     Epoch 10/20 | step 3470 | loss 0.4964
15:16:21 INFO     Epoch 10/20 | step 3480 | loss 0.4752
15:16:21 INFO     Epoch 10/20 | step 3490 | loss 0.5297
15:16:21 INFO     Epoch 10/20 | step 3500 | loss 0.4998
15:16:22 INFO     Epoch 10/20 | step 3510 | loss 0.5171
15:16:22 INFO     Epoch 10/20 | step 3520 | loss 0.5633
15:16:22 INFO     Epoch 10/20 | step 3530 | loss 0.5105
15:16:23 INFO     Epoch 10/20 | step 3540 | loss 0.5685
15:16:23 INFO     Epoch 10/20 | step 3550 | loss 0.4521
15:16:23 INFO     Epoch 10/20 | step 3560 | loss 0.4833
15:16:23 INFO     Epoch 10/20 | step 3570 | loss 0.5270
15:16:24 INFO     Epoch 10/20 | step 3580 | loss 0.5257
15:16:24 INFO     Epoch 10/20 | step 3590 | loss 0.6656
15:16:24 INFO     Epoch 10/20 | step 3600 | loss 0.4834
15:16:25 INFO     Epoch 10/20 | step 3610 | loss 0.5370
15:16:25 INFO     Epoch 10/20 | step 3620 | loss 0.4324
15:16:25 INFO     Epoch 10/20 | step 3630 | loss 0.6142
15:16:26 INFO     Epoch 10/20 | step 3640 | loss 0.4992
15:16:26 INFO     Epoch 10/20 | step 3650 | loss 0.4993
15:16:26 INFO     Epoch 10/20 | step 3660 | loss 0.4085
15:16:27 INFO     Epoch 10/20 | step 3670 | loss 0.4970
15:16:27 INFO     Epoch 10/20 | step 3680 | loss 0.5939
15:16:27 INFO     Epoch 10/20 | step 3690 | loss 0.5118
15:16:27 INFO     Epoch 10/20 | step 3700 | loss 0.4588
15:16:28 INFO     Epoch 10/20 | step 3710 | loss 0.5074
15:16:28 INFO     Epoch 10/20 | step 3720 | loss 0.4974
15:16:28 INFO     Epoch 10/20 | step 3730 | loss 0.5645
15:16:29 INFO     Epoch 10/20 | step 3740 | loss 0.4193
15:16:29 INFO     Epoch 10/20 | step 3750 | loss 0.5218
15:16:29 INFO     Epoch 10/20 | step 3760 | loss 0.4805
15:16:30 INFO     Epoch 10/20 | step 3770 | loss 0.4986
15:16:30 INFO     Epoch 10/20 | step 3780 | loss 0.4998
15:16:30 INFO     Epoch 10/20 | step 3790 | loss 0.5549
15:16:30 INFO     Epoch 10/20 | step 3800 | loss 0.4919
15:16:31 INFO     Epoch 10/20 | step 3810 | loss 0.5246
15:16:31 INFO     Epoch 10/20 | step 3820 | loss 0.4535
15:16:31 INFO     Epoch 10/20 | step 3830 | loss 0.4652
15:16:32 INFO     Epoch 10/20 | step 3840 | loss 0.5391
15:16:32 INFO     Epoch 10/20 | step 3850 | loss 0.4723
15:16:32 INFO     Epoch 10/20 | step 3860 | loss 0.4946
15:16:33 INFO     Epoch 10/20 | step 3870 | loss 0.4578
15:16:33 INFO     Epoch 10/20 | step 3880 | loss 0.5031
15:16:33 INFO     Epoch 10/20 | step 3890 | loss 0.4743
15:16:33 INFO     Epoch 10/20 | step 3900 | loss 0.6272
15:16:34 INFO     Epoch 10/20 | step 3910 | loss 0.6314
15:16:34 INFO     Epoch 10/20 | step 3920 | loss 0.4933
15:16:34 INFO     Epoch 10/20 | step 3930 | loss 0.4359
15:16:35 INFO     Epoch 10/20 | step 3940 | loss 0.4302
15:16:35 INFO     Epoch 10/20 | step 3950 | loss 0.6167
15:16:35 INFO     Epoch 10/20 | step 3960 | loss 0.5117
15:16:36 INFO     Epoch 10/20 | step 3970 | loss 0.4521
15:16:36 INFO     Epoch 10/20 | step 3980 | loss 0.4912
15:16:36 INFO     Epoch 10/20 | step 3990 | loss 0.5630
15:16:37 INFO     Epoch 10/20 | step 4000 | loss 0.4666
15:16:37 INFO     Epoch 10/20 | step 4010 | loss 0.5014
15:16:37 INFO     Epoch 10/20 | step 4020 | loss 0.4134
15:16:37 INFO     Epoch 10/20 | step 4030 | loss 0.5664
15:16:38 INFO     Epoch 10/20 | step 4040 | loss 0.5899
15:16:38 INFO     Epoch 10/20 | step 4050 | loss 0.4712
15:16:38 INFO     Epoch 10/20 | step 4060 | loss 0.5688
15:16:39 INFO     Epoch 10/20 | step 4070 | loss 0.4458
15:16:39 INFO     Epoch 10/20 | step 4080 | loss 0.5963
15:16:39 INFO     Epoch 10/20 | step 4090 | loss 0.5432
15:16:40 INFO     Epoch 10/20 | step 4100 | loss 0.5311
15:16:40 INFO     Epoch 10/20 | step 4110 | loss 0.5217
15:16:40 INFO     Epoch 10/20 | step 4120 | loss 0.5336
15:16:40 INFO     Epoch 10/20 | step 4130 | loss 0.4877
15:16:41 INFO     Epoch 10/20 | step 4140 | loss 0.5351
15:16:41 INFO     Epoch 10/20 | step 4150 | loss 0.4954
15:16:41 INFO     Epoch 10/20 | step 4160 | loss 0.5406
15:16:42 INFO     Epoch 10/20 | step 4170 | loss 0.4752
15:16:42 INFO     Epoch 10/20 | step 4180 | loss 0.5359
15:16:42 INFO     Epoch 10/20 | step 4190 | loss 0.4355
15:16:43 INFO     Epoch 10/20 | step 4200 | loss 0.5344
15:16:43 INFO     Epoch 10/20 | step 4210 | loss 0.5014
15:16:43 INFO     Epoch 10/20 | step 4220 | loss 0.4783
15:16:44 INFO     Epoch 10/20 | step 4230 | loss 0.5465
15:16:44 INFO     Epoch 10/20 | step 4240 | loss 0.5057
15:16:44 INFO     Epoch 10/20 | step 4250 | loss 0.4136
15:16:44 INFO     Epoch 10/20 | step 4260 | loss 0.5652
15:16:45 INFO     Epoch 10/20 | step 4270 | loss 0.5013
15:16:45 INFO     Epoch 10/20 | step 4280 | loss 0.5278
15:16:45 INFO     Epoch 10/20 | step 4290 | loss 0.6760
15:16:46 INFO     Epoch 10/20 | step 4300 | loss 0.5498
15:16:46 INFO     Epoch 10/20 | step 4310 | loss 0.4469
15:16:46 INFO     Epoch 10/20 | step 4320 | loss 0.5380
15:16:47 INFO     Epoch 10/20 | step 4330 | loss 0.5540
15:16:47 INFO     Epoch 10/20 | step 4340 | loss 0.5623
15:16:47 INFO     Epoch 10/20 | step 4350 | loss 0.5064
15:16:47 INFO     Epoch 10/20 | step 4360 | loss 0.4723
15:16:48 INFO     Epoch 10/20 | step 4370 | loss 0.5436
15:16:48 INFO     Epoch 10/20 | step 4380 | loss 0.4435
15:16:48 INFO     Epoch 10/20 | step 4390 | loss 0.5072
15:16:49 INFO     Epoch 10/20 | step 4400 | loss 0.5599
15:16:49 INFO     Epoch 10/20 | step 4410 | loss 0.4176
15:16:49 INFO     Epoch 10/20 | step 4420 | loss 0.5570
15:16:50 INFO     Epoch 10/20 | step 4430 | loss 0.5321
15:16:50 INFO     Epoch 10/20 | step 4440 | loss 0.5749
15:16:50 INFO     Epoch 10/20 | step 4450 | loss 0.5445
15:16:51 INFO     Epoch 10/20 | step 4460 | loss 0.5820
15:16:51 INFO     Epoch 10/20 | step 4470 | loss 0.5160
15:16:51 INFO     Epoch 10/20 | step 4480 | loss 0.5167
15:16:51 INFO     Epoch 10/20 | step 4490 | loss 0.5261
15:16:52 INFO     Epoch 10/20 | step 4500 | loss 0.6142
15:16:52 INFO     Epoch 10/20 | step 4510 | loss 0.6315
15:16:52 INFO     Epoch 10/20 | step 4520 | loss 0.6060
15:16:53 INFO     Epoch 10/20 | step 4530 | loss 0.5912
15:16:53 INFO     Epoch 10/20 | step 4540 | loss 0.5240
15:16:53 INFO     Epoch 10/20 | step 4550 | loss 0.5378
15:16:54 INFO     Epoch 10/20 | step 4560 | loss 0.4902
15:16:54 INFO     Epoch 10/20 | step 4570 | loss 0.5493
15:16:54 INFO     Epoch 10/20 | step 4580 | loss 0.4759
15:16:54 INFO     Epoch 10/20 | step 4590 | loss 0.5048
15:16:55 INFO     Epoch 10/20 | step 4600 | loss 0.5586
15:16:55 INFO     Epoch 10/20 | step 4610 | loss 0.5659
15:16:55 INFO     Epoch 10/20 | step 4620 | loss 0.5883
15:16:56 INFO     Epoch 10/20 | step 4630 | loss 0.5229
15:16:56 INFO     Epoch 10/20 | step 4640 | loss 0.5605
15:16:56 INFO     Epoch 10/20 | step 4650 | loss 0.6222
15:16:57 INFO     Epoch 10/20 | step 4660 | loss 0.5013
15:16:57 INFO     Epoch 10/20 | step 4670 | loss 0.5235
15:16:57 INFO     Epoch 10/20 | step 4680 | loss 0.4593
15:16:58 INFO     Epoch 10/20 | step 4690 | loss 0.5530
15:16:58 INFO     Epoch 10/20 | step 4700 | loss 0.5186
15:16:58 INFO     Epoch 10/20 | step 4710 | loss 0.4757
15:16:58 INFO     Epoch 10/20 | step 4720 | loss 0.4199
15:16:59 INFO     Epoch 10/20 | step 4730 | loss 0.4453
15:16:59 INFO     Epoch 10/20 | step 4740 | loss 0.4768
15:16:59 INFO     Epoch 10/20 | step 4750 | loss 0.5684
15:17:00 INFO     Epoch 10/20 | step 4760 | loss 0.4744
15:17:00 INFO     Epoch 10/20 | step 4770 | loss 0.5211
15:17:00 INFO     Epoch 10/20 | step 4780 | loss 0.3799
15:17:01 INFO     Epoch 10/20 | step 4790 | loss 0.5305
15:17:01 INFO     Epoch 10/20 | step 4800 | loss 0.5622
15:17:01 INFO     Epoch 10/20 | step 4810 | loss 0.4444
15:17:01 INFO     Epoch 10/20 | step 4820 | loss 0.5367
15:17:02 INFO     Epoch 10/20 | step 4830 | loss 0.5348
15:17:02 INFO     Epoch 10/20 | step 4840 | loss 0.4783
15:17:02 INFO     Epoch 10/20 | step 4850 | loss 0.5509
15:17:03 INFO     Epoch 10/20 | step 4860 | loss 0.4844
15:17:03 INFO     Epoch 10/20 | step 4870 | loss 0.5041
15:17:03 INFO     Epoch 10/20 | step 4880 | loss 0.5189
15:17:04 INFO     Epoch 10/20 | step 4890 | loss 0.5489
15:17:04 INFO     Epoch 10/20 | step 4900 | loss 0.4434
15:17:04 INFO     Epoch 10/20 | step 4910 | loss 0.5362
15:17:04 INFO     Epoch 10/20 | step 4920 | loss 0.4269
15:17:05 INFO     Epoch 10/20 | step 4930 | loss 0.5108
15:17:05 INFO     Epoch 10/20 | step 4940 | loss 0.5898
15:17:05 INFO     Epoch 10/20 | step 4950 | loss 0.5722
15:17:06 INFO     Epoch 10/20 | step 4960 | loss 0.5610
15:17:06 INFO     Epoch 10/20 | step 4970 | loss 0.5965
15:17:06 INFO     Epoch 10/20 | step 4980 | loss 0.4640
15:17:07 INFO     Epoch 10/20 | step 4990 | loss 0.5426
15:17:07 INFO     Epoch 10/20 | step 5000 | loss 0.5639
15:17:07 INFO     Epoch 10/20 | step 5010 | loss 0.4011
15:17:08 INFO     Epoch 10/20 | step 5020 | loss 0.4669
15:17:08 INFO     Epoch 10/20 | step 5030 | loss 0.5959
15:17:08 INFO     Epoch 10/20 | step 5040 | loss 0.5689
15:17:08 INFO     Epoch 10/20 | step 5050 | loss 0.5807
15:17:09 INFO     Epoch 10/20 | step 5060 | loss 0.5227
15:17:09 INFO     Epoch 10/20 | step 5070 | loss 0.6091
15:17:09 INFO     Epoch 10/20 | step 5080 | loss 0.5050
15:17:10 INFO     Epoch 10/20 | step 5090 | loss 0.4796
15:17:10 INFO     Epoch 10/20 | step 5100 | loss 0.5194
15:17:10 INFO     Epoch 10/20 | step 5110 | loss 0.5143
15:17:11 INFO     Epoch 10/20 | step 5120 | loss 0.6005
15:17:11 INFO     Epoch 10/20 | step 5130 | loss 0.4920
15:17:11 INFO     Epoch 10/20 | step 5140 | loss 0.4447
15:17:11 INFO     Epoch 10/20 | step 5150 | loss 0.5714
15:17:12 INFO     Epoch 10/20 | step 5160 | loss 0.4477
15:17:12 INFO     Epoch 10/20 | step 5170 | loss 0.4846
15:17:12 INFO     Epoch 10/20 | step 5180 | loss 0.5676
15:17:13 INFO     Epoch 10/20 | step 5190 | loss 0.4366
15:17:13 INFO     Epoch 10/20 | step 5200 | loss 0.5244
15:17:13 INFO     Epoch 10/20 | step 5210 | loss 0.4804
15:17:14 INFO     Epoch 10/20 | step 5220 | loss 0.5352
15:17:14 INFO     Epoch 10/20 | step 5230 | loss 0.5297
15:17:14 INFO     Epoch 10/20 | step 5240 | loss 0.5831
15:17:15 INFO     Epoch 10/20 | step 5250 | loss 0.4733
15:17:15 INFO     Epoch 10/20 | step 5260 | loss 0.5340
15:17:15 INFO     Epoch 10/20 | step 5270 | loss 0.4981
15:17:15 INFO     Epoch 10/20 | step 5280 | loss 0.5837
15:17:16 INFO     Epoch 10/20 | step 5290 | loss 0.5452
15:17:16 INFO     Epoch 10/20 | step 5300 | loss 0.5248
15:17:16 INFO     Epoch 10/20 | step 5310 | loss 0.4915
15:17:17 INFO     Epoch 10/20 | step 5320 | loss 0.5452
15:17:17 INFO     Epoch 10/20 | step 5330 | loss 0.4899
15:17:17 INFO     Epoch 10/20 | step 5340 | loss 0.4613
15:17:18 INFO     Epoch 10/20 | step 5350 | loss 0.5719
15:17:18 INFO     Epoch 10/20 | step 5360 | loss 0.5214
15:17:18 INFO     Epoch 10/20 | step 5370 | loss 0.4610
15:17:18 INFO     Epoch 10/20 | step 5380 | loss 0.4868
15:17:19 INFO     Epoch 10/20 | step 5390 | loss 0.6276
15:17:19 INFO     Epoch 10/20 | step 5400 | loss 0.4965
15:17:19 INFO     Epoch 10/20 | step 5410 | loss 0.4630
15:17:20 INFO     Epoch 10/20 | step 5420 | loss 0.4671
15:17:20 INFO     Epoch 10/20 | step 5430 | loss 0.5678
15:17:20 INFO     Epoch 10/20 | step 5440 | loss 0.5552
15:17:21 INFO     Epoch 10/20 | step 5450 | loss 0.4508
15:17:21 INFO     Epoch 10/20 | step 5460 | loss 0.5085
15:17:21 INFO     Epoch 10/20 | step 5470 | loss 0.5223
15:17:22 INFO     Epoch 10/20 | step 5480 | loss 0.5146
15:17:22 INFO     Epoch 10/20 | step 5490 | loss 0.5282
15:17:22 INFO     Epoch 10/20 | step 5500 | loss 0.3854
15:17:22 INFO     Epoch 10/20 | step 5510 | loss 0.4968
15:17:23 INFO     Epoch 10/20 | step 5520 | loss 0.4884
15:17:23 INFO     Epoch 10/20 | step 5530 | loss 0.4347
15:17:23 INFO     Epoch 10/20 | step 5540 | loss 0.5613
15:17:24 INFO     Epoch 10/20 | step 5550 | loss 0.5666
15:17:24 INFO     Epoch 10/20 | step 5560 | loss 0.5038
15:17:24 INFO     Epoch 10/20 | step 5570 | loss 0.5096
15:17:25 INFO     Epoch 10/20 | step 5580 | loss 0.5335
15:17:25 INFO     Epoch 10/20 | step 5590 | loss 0.5441
15:17:25 INFO     Epoch 10/20 | step 5600 | loss 0.5195
15:17:25 INFO     Epoch 10/20 | step 5610 | loss 0.5194
15:17:26 INFO     Epoch 10/20 | step 5620 | loss 0.5332
15:17:26 INFO     Epoch 10/20 | step 5630 | loss 0.5308
15:17:26 INFO     Epoch 10/20 | step 5640 | loss 0.5525
15:17:27 INFO     Epoch 10/20 | step 5650 | loss 0.4710
15:17:27 INFO     Epoch 10/20 | avg loss 0.5209
15:17:27 INFO     Epoch 10/20 | new best loss 0.5209 — checkpoint saved
15:17:27 INFO     Epoch 11/20 | step   10 | loss 0.4873
15:17:27 INFO     Epoch 11/20 | step   20 | loss 0.4889
15:17:28 INFO     Epoch 11/20 | step   30 | loss 0.4999
15:17:28 INFO     Epoch 11/20 | step   40 | loss 0.4834
15:17:28 INFO     Epoch 11/20 | step   50 | loss 0.4685
15:17:29 INFO     Epoch 11/20 | step   60 | loss 0.4489
15:17:29 INFO     Epoch 11/20 | step   70 | loss 0.4640
15:17:29 INFO     Epoch 11/20 | step   80 | loss 0.5158
15:17:30 INFO     Epoch 11/20 | step   90 | loss 0.5521
15:17:30 INFO     Epoch 11/20 | step  100 | loss 0.4764
15:17:30 INFO     Epoch 11/20 | step  110 | loss 0.5753
15:17:30 INFO     Epoch 11/20 | step  120 | loss 0.4546
15:17:31 INFO     Epoch 11/20 | step  130 | loss 0.5304
15:17:31 INFO     Epoch 11/20 | step  140 | loss 0.4395
15:17:31 INFO     Epoch 11/20 | step  150 | loss 0.5153
15:17:32 INFO     Epoch 11/20 | step  160 | loss 0.4778
15:17:32 INFO     Epoch 11/20 | step  170 | loss 0.5404
15:17:32 INFO     Epoch 11/20 | step  180 | loss 0.4201
15:17:33 INFO     Epoch 11/20 | step  190 | loss 0.5238
15:17:33 INFO     Epoch 11/20 | step  200 | loss 0.4648
15:17:33 INFO     Epoch 11/20 | step  210 | loss 0.4549
15:17:33 INFO     Epoch 11/20 | step  220 | loss 0.5529
15:17:34 INFO     Epoch 11/20 | step  230 | loss 0.4641
15:17:34 INFO     Epoch 11/20 | step  240 | loss 0.5067
15:17:34 INFO     Epoch 11/20 | step  250 | loss 0.6053
15:17:35 INFO     Epoch 11/20 | step  260 | loss 0.4782
15:17:35 INFO     Epoch 11/20 | step  270 | loss 0.5093
15:17:35 INFO     Epoch 11/20 | step  280 | loss 0.5459
15:17:36 INFO     Epoch 11/20 | step  290 | loss 0.5075
15:17:36 INFO     Epoch 11/20 | step  300 | loss 0.4713
15:17:36 INFO     Epoch 11/20 | step  310 | loss 0.5332
15:17:37 INFO     Epoch 11/20 | step  320 | loss 0.4718
15:17:37 INFO     Epoch 11/20 | step  330 | loss 0.4750
15:17:37 INFO     Epoch 11/20 | step  340 | loss 0.5002
15:17:37 INFO     Epoch 11/20 | step  350 | loss 0.5050
15:17:38 INFO     Epoch 11/20 | step  360 | loss 0.5190
15:17:38 INFO     Epoch 11/20 | step  370 | loss 0.4844
15:17:38 INFO     Epoch 11/20 | step  380 | loss 0.4712
15:17:39 INFO     Epoch 11/20 | step  390 | loss 0.4616
15:17:39 INFO     Epoch 11/20 | step  400 | loss 0.4928
15:17:39 INFO     Epoch 11/20 | step  410 | loss 0.5688
15:17:40 INFO     Epoch 11/20 | step  420 | loss 0.4706
15:17:40 INFO     Epoch 11/20 | step  430 | loss 0.4689
15:17:40 INFO     Epoch 11/20 | step  440 | loss 0.5464
15:17:40 INFO     Epoch 11/20 | step  450 | loss 0.6113
15:17:41 INFO     Epoch 11/20 | step  460 | loss 0.5332
15:17:41 INFO     Epoch 11/20 | step  470 | loss 0.4626
15:17:41 INFO     Epoch 11/20 | step  480 | loss 0.3821
15:17:42 INFO     Epoch 11/20 | step  490 | loss 0.5074
15:17:42 INFO     Epoch 11/20 | step  500 | loss 0.5331
15:17:42 INFO     Epoch 11/20 | step  510 | loss 0.4385
15:17:43 INFO     Epoch 11/20 | step  520 | loss 0.5078
15:17:43 INFO     Epoch 11/20 | step  530 | loss 0.3998
15:17:43 INFO     Epoch 11/20 | step  540 | loss 0.5366
15:17:44 INFO     Epoch 11/20 | step  550 | loss 0.4229
15:17:44 INFO     Epoch 11/20 | step  560 | loss 0.4025
15:17:44 INFO     Epoch 11/20 | step  570 | loss 0.5209
15:17:44 INFO     Epoch 11/20 | step  580 | loss 0.4602
15:17:45 INFO     Epoch 11/20 | step  590 | loss 0.6085
15:17:45 INFO     Epoch 11/20 | step  600 | loss 0.5191
15:17:45 INFO     Epoch 11/20 | step  610 | loss 0.4611
15:17:46 INFO     Epoch 11/20 | step  620 | loss 0.5456
15:17:46 INFO     Epoch 11/20 | step  630 | loss 0.5075
15:17:46 INFO     Epoch 11/20 | step  640 | loss 0.5354
15:17:47 INFO     Epoch 11/20 | step  650 | loss 0.5733
15:17:47 INFO     Epoch 11/20 | step  660 | loss 0.4819
15:17:47 INFO     Epoch 11/20 | step  670 | loss 0.4880
15:17:47 INFO     Epoch 11/20 | step  680 | loss 0.5417
15:17:48 INFO     Epoch 11/20 | step  690 | loss 0.5670
15:17:48 INFO     Epoch 11/20 | step  700 | loss 0.5604
15:17:48 INFO     Epoch 11/20 | step  710 | loss 0.4285
15:17:49 INFO     Epoch 11/20 | step  720 | loss 0.5182
15:17:49 INFO     Epoch 11/20 | step  730 | loss 0.4837
15:17:49 INFO     Epoch 11/20 | step  740 | loss 0.5588
15:17:50 INFO     Epoch 11/20 | step  750 | loss 0.5041
15:17:50 INFO     Epoch 11/20 | step  760 | loss 0.4929
15:17:50 INFO     Epoch 11/20 | step  770 | loss 0.5969
15:17:51 INFO     Epoch 11/20 | step  780 | loss 0.5946
15:17:51 INFO     Epoch 11/20 | step  790 | loss 0.4659
15:17:51 INFO     Epoch 11/20 | step  800 | loss 0.4695
15:17:51 INFO     Epoch 11/20 | step  810 | loss 0.4361
15:17:52 INFO     Epoch 11/20 | step  820 | loss 0.5533
15:17:52 INFO     Epoch 11/20 | step  830 | loss 0.5116
15:17:52 INFO     Epoch 11/20 | step  840 | loss 0.5021
15:17:53 INFO     Epoch 11/20 | step  850 | loss 0.5044
15:17:53 INFO     Epoch 11/20 | step  860 | loss 0.5029
15:17:53 INFO     Epoch 11/20 | step  870 | loss 0.4427
15:17:54 INFO     Epoch 11/20 | step  880 | loss 0.5158
15:17:54 INFO     Epoch 11/20 | step  890 | loss 0.5115
15:17:54 INFO     Epoch 11/20 | step  900 | loss 0.4023
15:17:54 INFO     Epoch 11/20 | step  910 | loss 0.5384
15:17:55 INFO     Epoch 11/20 | step  920 | loss 0.5822
15:17:55 INFO     Epoch 11/20 | step  930 | loss 0.4832
15:17:55 INFO     Epoch 11/20 | step  940 | loss 0.4819
15:17:56 INFO     Epoch 11/20 | step  950 | loss 0.4484
15:17:56 INFO     Epoch 11/20 | step  960 | loss 0.4830
15:17:56 INFO     Epoch 11/20 | step  970 | loss 0.4820
15:17:57 INFO     Epoch 11/20 | step  980 | loss 0.4692
15:17:57 INFO     Epoch 11/20 | step  990 | loss 0.5068
15:17:57 INFO     Epoch 11/20 | step 1000 | loss 0.7022
15:17:57 INFO     Epoch 11/20 | step 1010 | loss 0.5200
15:17:58 INFO     Epoch 11/20 | step 1020 | loss 0.5948
15:17:58 INFO     Epoch 11/20 | step 1030 | loss 0.5224
15:17:58 INFO     Epoch 11/20 | step 1040 | loss 0.4711
15:17:59 INFO     Epoch 11/20 | step 1050 | loss 0.4872
15:17:59 INFO     Epoch 11/20 | step 1060 | loss 0.5663
15:17:59 INFO     Epoch 11/20 | step 1070 | loss 0.4746
15:18:09 INFO     Epoch 11/20 | step 1080 | loss 0.5229
15:18:09 INFO     Epoch 11/20 | step 1090 | loss 0.4972
15:18:09 INFO     Epoch 11/20 | step 1100 | loss 0.5343
15:18:10 INFO     Epoch 11/20 | step 1110 | loss 0.5140
15:18:10 INFO     Epoch 11/20 | step 1120 | loss 0.5763
15:18:10 INFO     Epoch 11/20 | step 1130 | loss 0.5573
15:18:11 INFO     Epoch 11/20 | step 1140 | loss 0.5080
15:18:11 INFO     Epoch 11/20 | step 1150 | loss 0.4697
15:18:11 INFO     Epoch 11/20 | step 1160 | loss 0.5266
15:18:12 INFO     Epoch 11/20 | step 1170 | loss 0.5752
15:18:12 INFO     Epoch 11/20 | step 1180 | loss 0.4513
15:18:12 INFO     Epoch 11/20 | step 1190 | loss 0.4579
15:18:13 INFO     Epoch 11/20 | step 1200 | loss 0.6142
15:18:13 INFO     Epoch 11/20 | step 1210 | loss 0.5049
15:18:13 INFO     Epoch 11/20 | step 1220 | loss 0.5140
15:18:13 INFO     Epoch 11/20 | step 1230 | loss 0.5604
15:18:14 INFO     Epoch 11/20 | step 1240 | loss 0.5264
15:18:14 INFO     Epoch 11/20 | step 1250 | loss 0.5001
15:18:14 INFO     Epoch 11/20 | step 1260 | loss 0.5102
15:18:15 INFO     Epoch 11/20 | step 1270 | loss 0.5589
15:18:15 INFO     Epoch 11/20 | step 1280 | loss 0.3802
15:18:15 INFO     Epoch 11/20 | step 1290 | loss 0.4101
15:18:16 INFO     Epoch 11/20 | step 1300 | loss 0.5974
15:18:16 INFO     Epoch 11/20 | step 1310 | loss 0.5375
15:18:16 INFO     Epoch 11/20 | step 1320 | loss 0.4597
15:18:16 INFO     Epoch 11/20 | step 1330 | loss 0.5352
15:18:17 INFO     Epoch 11/20 | step 1340 | loss 0.5414
15:18:17 INFO     Epoch 11/20 | step 1350 | loss 0.5954
15:18:17 INFO     Epoch 11/20 | step 1360 | loss 0.4993
15:18:18 INFO     Epoch 11/20 | step 1370 | loss 0.4871
15:18:18 INFO     Epoch 11/20 | step 1380 | loss 0.4097
15:18:18 INFO     Epoch 11/20 | step 1390 | loss 0.5264
15:18:19 INFO     Epoch 11/20 | step 1400 | loss 0.4880
15:18:19 INFO     Epoch 11/20 | step 1410 | loss 0.6341
15:18:19 INFO     Epoch 11/20 | step 1420 | loss 0.5927
15:18:20 INFO     Epoch 11/20 | step 1430 | loss 0.6005
15:18:20 INFO     Epoch 11/20 | step 1440 | loss 0.4535
15:18:20 INFO     Epoch 11/20 | step 1450 | loss 0.5800
15:18:20 INFO     Epoch 11/20 | step 1460 | loss 0.6571
15:18:21 INFO     Epoch 11/20 | step 1470 | loss 0.5294
15:18:21 INFO     Epoch 11/20 | step 1480 | loss 0.4376
15:18:21 INFO     Epoch 11/20 | step 1490 | loss 0.6025
15:18:22 INFO     Epoch 11/20 | step 1500 | loss 0.4847
15:18:22 INFO     Epoch 11/20 | step 1510 | loss 0.4653
15:18:22 INFO     Epoch 11/20 | step 1520 | loss 0.5132
15:18:23 INFO     Epoch 11/20 | step 1530 | loss 0.5083
15:18:23 INFO     Epoch 11/20 | step 1540 | loss 0.4066
15:18:23 INFO     Epoch 11/20 | step 1550 | loss 0.5374
15:18:23 INFO     Epoch 11/20 | step 1560 | loss 0.5542
15:18:24 INFO     Epoch 11/20 | step 1570 | loss 0.5258
15:18:24 INFO     Epoch 11/20 | step 1580 | loss 0.4678
15:18:24 INFO     Epoch 11/20 | step 1590 | loss 0.5667
15:18:25 INFO     Epoch 11/20 | step 1600 | loss 0.5560
15:18:25 INFO     Epoch 11/20 | step 1610 | loss 0.5160
15:18:25 INFO     Epoch 11/20 | step 1620 | loss 0.4277
15:18:26 INFO     Epoch 11/20 | step 1630 | loss 0.5261
15:18:26 INFO     Epoch 11/20 | step 1640 | loss 0.4797
15:18:26 INFO     Epoch 11/20 | step 1650 | loss 0.4573
15:18:26 INFO     Epoch 11/20 | step 1660 | loss 0.4808
15:18:27 INFO     Epoch 11/20 | step 1670 | loss 0.5451
15:18:27 INFO     Epoch 11/20 | step 1680 | loss 0.5765
15:18:27 INFO     Epoch 11/20 | step 1690 | loss 0.5110
15:18:28 INFO     Epoch 11/20 | step 1700 | loss 0.5404
15:18:28 INFO     Epoch 11/20 | step 1710 | loss 0.5160
15:18:28 INFO     Epoch 11/20 | step 1720 | loss 0.4516
15:18:29 INFO     Epoch 11/20 | step 1730 | loss 0.4810
15:18:29 INFO     Epoch 11/20 | step 1740 | loss 0.4701
15:18:29 INFO     Epoch 11/20 | step 1750 | loss 0.4920
15:18:30 INFO     Epoch 11/20 | step 1760 | loss 0.5216
15:18:30 INFO     Epoch 11/20 | step 1770 | loss 0.5102
15:18:30 INFO     Epoch 11/20 | step 1780 | loss 0.4922
15:18:30 INFO     Epoch 11/20 | step 1790 | loss 0.4448
15:18:31 INFO     Epoch 11/20 | step 1800 | loss 0.4203
15:18:31 INFO     Epoch 11/20 | step 1810 | loss 0.5131
15:18:31 INFO     Epoch 11/20 | step 1820 | loss 0.5777
15:18:32 INFO     Epoch 11/20 | step 1830 | loss 0.5076
15:18:32 INFO     Epoch 11/20 | step 1840 | loss 0.5267
15:18:32 INFO     Epoch 11/20 | step 1850 | loss 0.4577
15:18:33 INFO     Epoch 11/20 | step 1860 | loss 0.5500
15:18:33 INFO     Epoch 11/20 | step 1870 | loss 0.4373
15:18:33 INFO     Epoch 11/20 | step 1880 | loss 0.4985
15:18:33 INFO     Epoch 11/20 | step 1890 | loss 0.4017
15:18:34 INFO     Epoch 11/20 | step 1900 | loss 0.5895
15:18:34 INFO     Epoch 11/20 | step 1910 | loss 0.4231
15:18:34 INFO     Epoch 11/20 | step 1920 | loss 0.5515
15:18:35 INFO     Epoch 11/20 | step 1930 | loss 0.5848
15:18:35 INFO     Epoch 11/20 | step 1940 | loss 0.4621
15:18:35 INFO     Epoch 11/20 | step 1950 | loss 0.4803
15:18:36 INFO     Epoch 11/20 | step 1960 | loss 0.5310
15:18:36 INFO     Epoch 11/20 | step 1970 | loss 0.4823
15:18:36 INFO     Epoch 11/20 | step 1980 | loss 0.5658
15:18:36 INFO     Epoch 11/20 | step 1990 | loss 0.4779
15:18:37 INFO     Epoch 11/20 | step 2000 | loss 0.4872
15:18:37 INFO     Epoch 11/20 | step 2010 | loss 0.4885
15:18:37 INFO     Epoch 11/20 | step 2020 | loss 0.4351
15:18:38 INFO     Epoch 11/20 | step 2030 | loss 0.5417
15:18:38 INFO     Epoch 11/20 | step 2040 | loss 0.4599
15:18:38 INFO     Epoch 11/20 | step 2050 | loss 0.5364
15:18:39 INFO     Epoch 11/20 | step 2060 | loss 0.3873
15:18:39 INFO     Epoch 11/20 | step 2070 | loss 0.5273
15:18:39 INFO     Epoch 11/20 | step 2080 | loss 0.5562
15:18:39 INFO     Epoch 11/20 | step 2090 | loss 0.4850
15:18:40 INFO     Epoch 11/20 | step 2100 | loss 0.4730
15:18:40 INFO     Epoch 11/20 | step 2110 | loss 0.4163
15:18:40 INFO     Epoch 11/20 | step 2120 | loss 0.4771
15:18:41 INFO     Epoch 11/20 | step 2130 | loss 0.4498
15:18:41 INFO     Epoch 11/20 | step 2140 | loss 0.4947
15:18:41 INFO     Epoch 11/20 | step 2150 | loss 0.4872
15:18:42 INFO     Epoch 11/20 | step 2160 | loss 0.5191
15:18:42 INFO     Epoch 11/20 | step 2170 | loss 0.4655
15:18:42 INFO     Epoch 11/20 | step 2180 | loss 0.4822
15:18:43 INFO     Epoch 11/20 | step 2190 | loss 0.4429
15:18:43 INFO     Epoch 11/20 | step 2200 | loss 0.5279
15:18:43 INFO     Epoch 11/20 | step 2210 | loss 0.4059
15:18:43 INFO     Epoch 11/20 | step 2220 | loss 0.5106
15:18:44 INFO     Epoch 11/20 | step 2230 | loss 0.4548
15:18:44 INFO     Epoch 11/20 | step 2240 | loss 0.5886
15:18:44 INFO     Epoch 11/20 | step 2250 | loss 0.4851
15:18:45 INFO     Epoch 11/20 | step 2260 | loss 0.4747
15:18:45 INFO     Epoch 11/20 | step 2270 | loss 0.4915
15:18:45 INFO     Epoch 11/20 | step 2280 | loss 0.4787
15:18:46 INFO     Epoch 11/20 | step 2290 | loss 0.4236
15:18:46 INFO     Epoch 11/20 | step 2300 | loss 0.4632
15:18:46 INFO     Epoch 11/20 | step 2310 | loss 0.5676
15:18:46 INFO     Epoch 11/20 | step 2320 | loss 0.4440
15:18:47 INFO     Epoch 11/20 | step 2330 | loss 0.4442
15:18:47 INFO     Epoch 11/20 | step 2340 | loss 0.4031
15:18:47 INFO     Epoch 11/20 | step 2350 | loss 0.5589
15:18:48 INFO     Epoch 11/20 | step 2360 | loss 0.6393
15:18:48 INFO     Epoch 11/20 | step 2370 | loss 0.5507
15:18:48 INFO     Epoch 11/20 | step 2380 | loss 0.4835
15:18:49 INFO     Epoch 11/20 | step 2390 | loss 0.3903
15:18:49 INFO     Epoch 11/20 | step 2400 | loss 0.5560
15:18:49 INFO     Epoch 11/20 | step 2410 | loss 0.6588
15:18:49 INFO     Epoch 11/20 | step 2420 | loss 0.5406
15:18:50 INFO     Epoch 11/20 | step 2430 | loss 0.5486
15:18:50 INFO     Epoch 11/20 | step 2440 | loss 0.4812
15:18:50 INFO     Epoch 11/20 | step 2450 | loss 0.4685
15:18:51 INFO     Epoch 11/20 | step 2460 | loss 0.5462
15:18:51 INFO     Epoch 11/20 | step 2470 | loss 0.5182
15:18:51 INFO     Epoch 11/20 | step 2480 | loss 0.5070
15:18:52 INFO     Epoch 11/20 | step 2490 | loss 0.4499
15:18:52 INFO     Epoch 11/20 | step 2500 | loss 0.5306
15:18:52 INFO     Epoch 11/20 | step 2510 | loss 0.5165
15:18:53 INFO     Epoch 11/20 | step 2520 | loss 0.5547
15:18:53 INFO     Epoch 11/20 | step 2530 | loss 0.5231
15:18:53 INFO     Epoch 11/20 | step 2540 | loss 0.4821
15:18:53 INFO     Epoch 11/20 | step 2550 | loss 0.5276
15:18:54 INFO     Epoch 11/20 | step 2560 | loss 0.4485
15:18:54 INFO     Epoch 11/20 | step 2570 | loss 0.4898
15:18:54 INFO     Epoch 11/20 | step 2580 | loss 0.4638
15:18:55 INFO     Epoch 11/20 | step 2590 | loss 0.5553
15:18:55 INFO     Epoch 11/20 | step 2600 | loss 0.5415
15:18:55 INFO     Epoch 11/20 | step 2610 | loss 0.5165
15:18:56 INFO     Epoch 11/20 | step 2620 | loss 0.5718
15:18:56 INFO     Epoch 11/20 | step 2630 | loss 0.5300
15:18:56 INFO     Epoch 11/20 | step 2640 | loss 0.6364
15:18:56 INFO     Epoch 11/20 | step 2650 | loss 0.4329
15:18:57 INFO     Epoch 11/20 | step 2660 | loss 0.4806
15:18:57 INFO     Epoch 11/20 | step 2670 | loss 0.5092
15:18:57 INFO     Epoch 11/20 | step 2680 | loss 0.4633
15:18:58 INFO     Epoch 11/20 | step 2690 | loss 0.5154
15:18:58 INFO     Epoch 11/20 | step 2700 | loss 0.5512
15:18:58 INFO     Epoch 11/20 | step 2710 | loss 0.5877
15:18:59 INFO     Epoch 11/20 | step 2720 | loss 0.4793
15:18:59 INFO     Epoch 11/20 | step 2730 | loss 0.5241
15:18:59 INFO     Epoch 11/20 | step 2740 | loss 0.5139
15:18:59 INFO     Epoch 11/20 | step 2750 | loss 0.4588
15:19:00 INFO     Epoch 11/20 | step 2760 | loss 0.5371
15:19:00 INFO     Epoch 11/20 | step 2770 | loss 0.5181
15:19:00 INFO     Epoch 11/20 | step 2780 | loss 0.3937
15:19:01 INFO     Epoch 11/20 | step 2790 | loss 0.4666
15:19:01 INFO     Epoch 11/20 | step 2800 | loss 0.5117
15:19:01 INFO     Epoch 11/20 | step 2810 | loss 0.4867
15:19:02 INFO     Epoch 11/20 | step 2820 | loss 0.4503
15:19:02 INFO     Epoch 11/20 | step 2830 | loss 0.4522
15:19:02 INFO     Epoch 11/20 | step 2840 | loss 0.4776
15:19:03 INFO     Epoch 11/20 | step 2850 | loss 0.4684
15:19:03 INFO     Epoch 11/20 | step 2860 | loss 0.5889
15:19:03 INFO     Epoch 11/20 | step 2870 | loss 0.5512
15:19:03 INFO     Epoch 11/20 | step 2880 | loss 0.5705
15:19:04 INFO     Epoch 11/20 | step 2890 | loss 0.5017
15:19:04 INFO     Epoch 11/20 | step 2900 | loss 0.4891
15:19:04 INFO     Epoch 11/20 | step 2910 | loss 0.4582
15:19:05 INFO     Epoch 11/20 | step 2920 | loss 0.3752
15:19:05 INFO     Epoch 11/20 | step 2930 | loss 0.5578
15:19:05 INFO     Epoch 11/20 | step 2940 | loss 0.5820
15:19:06 INFO     Epoch 11/20 | step 2950 | loss 0.4536
15:19:06 INFO     Epoch 11/20 | step 2960 | loss 0.5363
15:19:06 INFO     Epoch 11/20 | step 2970 | loss 0.5870
15:19:06 INFO     Epoch 11/20 | step 2980 | loss 0.5200
15:19:07 INFO     Epoch 11/20 | step 2990 | loss 0.5798
15:19:07 INFO     Epoch 11/20 | step 3000 | loss 0.4755
15:19:07 INFO     Epoch 11/20 | step 3010 | loss 0.5262
15:19:08 INFO     Epoch 11/20 | step 3020 | loss 0.4438
15:19:08 INFO     Epoch 11/20 | step 3030 | loss 0.5236
15:19:08 INFO     Epoch 11/20 | step 3040 | loss 0.5697
15:19:09 INFO     Epoch 11/20 | step 3050 | loss 0.5669
15:19:09 INFO     Epoch 11/20 | step 3060 | loss 0.5368
15:19:09 INFO     Epoch 11/20 | step 3070 | loss 0.5150
15:19:09 INFO     Epoch 11/20 | step 3080 | loss 0.4817
15:19:10 INFO     Epoch 11/20 | step 3090 | loss 0.4811
15:19:10 INFO     Epoch 11/20 | step 3100 | loss 0.5980
15:19:10 INFO     Epoch 11/20 | step 3110 | loss 0.5466
15:19:11 INFO     Epoch 11/20 | step 3120 | loss 0.4958
15:19:11 INFO     Epoch 11/20 | step 3130 | loss 0.4588
15:19:11 INFO     Epoch 11/20 | step 3140 | loss 0.4669
15:19:12 INFO     Epoch 11/20 | step 3150 | loss 0.4951
15:19:12 INFO     Epoch 11/20 | step 3160 | loss 0.5385
15:19:12 INFO     Epoch 11/20 | step 3170 | loss 0.4653
15:19:13 INFO     Epoch 11/20 | step 3180 | loss 0.6173
15:19:13 INFO     Epoch 11/20 | step 3190 | loss 0.5797
15:19:13 INFO     Epoch 11/20 | step 3200 | loss 0.5032
15:19:13 INFO     Epoch 11/20 | step 3210 | loss 0.4976
15:19:14 INFO     Epoch 11/20 | step 3220 | loss 0.4302
15:19:14 INFO     Epoch 11/20 | step 3230 | loss 0.4971
15:19:14 INFO     Epoch 11/20 | step 3240 | loss 0.4793
15:19:15 INFO     Epoch 11/20 | step 3250 | loss 0.4854
15:19:15 INFO     Epoch 11/20 | step 3260 | loss 0.5034
15:19:15 INFO     Epoch 11/20 | step 3270 | loss 0.4824
15:19:16 INFO     Epoch 11/20 | step 3280 | loss 0.5420
15:19:16 INFO     Epoch 11/20 | step 3290 | loss 0.6008
15:19:16 INFO     Epoch 11/20 | step 3300 | loss 0.4693
15:19:16 INFO     Epoch 11/20 | step 3310 | loss 0.5081
15:19:17 INFO     Epoch 11/20 | step 3320 | loss 0.4340
15:19:17 INFO     Epoch 11/20 | step 3330 | loss 0.4489
15:19:17 INFO     Epoch 11/20 | step 3340 | loss 0.4674
15:19:18 INFO     Epoch 11/20 | step 3350 | loss 0.5363
15:19:18 INFO     Epoch 11/20 | step 3360 | loss 0.4157
15:19:18 INFO     Epoch 11/20 | step 3370 | loss 0.3950
15:19:19 INFO     Epoch 11/20 | step 3380 | loss 0.5415
15:19:19 INFO     Epoch 11/20 | step 3390 | loss 0.4932
15:19:19 INFO     Epoch 11/20 | step 3400 | loss 0.5525
15:19:19 INFO     Epoch 11/20 | step 3410 | loss 0.4595
15:19:20 INFO     Epoch 11/20 | step 3420 | loss 0.4366
15:19:20 INFO     Epoch 11/20 | step 3430 | loss 0.4305
15:19:20 INFO     Epoch 11/20 | step 3440 | loss 0.4654
15:19:21 INFO     Epoch 11/20 | step 3450 | loss 0.4348
15:19:21 INFO     Epoch 11/20 | step 3460 | loss 0.4546
15:19:21 INFO     Epoch 11/20 | step 3470 | loss 0.4864
15:19:22 INFO     Epoch 11/20 | step 3480 | loss 0.5150
15:19:22 INFO     Epoch 11/20 | step 3490 | loss 0.5193
15:19:22 INFO     Epoch 11/20 | step 3500 | loss 0.5464
15:19:23 INFO     Epoch 11/20 | step 3510 | loss 0.5755
15:19:23 INFO     Epoch 11/20 | step 3520 | loss 0.4657
15:19:23 INFO     Epoch 11/20 | step 3530 | loss 0.5301
15:19:23 INFO     Epoch 11/20 | step 3540 | loss 0.5836
15:19:24 INFO     Epoch 11/20 | step 3550 | loss 0.4127
15:19:24 INFO     Epoch 11/20 | step 3560 | loss 0.4071
15:19:24 INFO     Epoch 11/20 | step 3570 | loss 0.4519
15:19:25 INFO     Epoch 11/20 | step 3580 | loss 0.5010
15:19:25 INFO     Epoch 11/20 | step 3590 | loss 0.5599
15:19:25 INFO     Epoch 11/20 | step 3600 | loss 0.4316
15:19:26 INFO     Epoch 11/20 | step 3610 | loss 0.5085
15:19:26 INFO     Epoch 11/20 | step 3620 | loss 0.4189
15:19:26 INFO     Epoch 11/20 | step 3630 | loss 0.4226
15:19:26 INFO     Epoch 11/20 | step 3640 | loss 0.5357
15:19:27 INFO     Epoch 11/20 | step 3650 | loss 0.4515
15:19:27 INFO     Epoch 11/20 | step 3660 | loss 0.4799
15:19:27 INFO     Epoch 11/20 | step 3670 | loss 0.4920
15:19:28 INFO     Epoch 11/20 | step 3680 | loss 0.5185
15:19:28 INFO     Epoch 11/20 | step 3690 | loss 0.4207
15:19:28 INFO     Epoch 11/20 | step 3700 | loss 0.4321
15:19:29 INFO     Epoch 11/20 | step 3710 | loss 0.5252
15:19:29 INFO     Epoch 11/20 | step 3720 | loss 0.5406
15:19:29 INFO     Epoch 11/20 | step 3730 | loss 0.5127
15:19:29 INFO     Epoch 11/20 | step 3740 | loss 0.5102
15:19:30 INFO     Epoch 11/20 | step 3750 | loss 0.6181
15:19:30 INFO     Epoch 11/20 | step 3760 | loss 0.4323
15:19:30 INFO     Epoch 11/20 | step 3770 | loss 0.5888
15:19:31 INFO     Epoch 11/20 | step 3780 | loss 0.4558
15:19:31 INFO     Epoch 11/20 | step 3790 | loss 0.5106
15:19:31 INFO     Epoch 11/20 | step 3800 | loss 0.4177
15:19:32 INFO     Epoch 11/20 | step 3810 | loss 0.3975
15:19:32 INFO     Epoch 11/20 | step 3820 | loss 0.4707
15:19:32 INFO     Epoch 11/20 | step 3830 | loss 0.6336
15:19:33 INFO     Epoch 11/20 | step 3840 | loss 0.3911
15:19:33 INFO     Epoch 11/20 | step 3850 | loss 0.4470
15:19:33 INFO     Epoch 11/20 | step 3860 | loss 0.4983
15:19:33 INFO     Epoch 11/20 | step 3870 | loss 0.5247
15:19:34 INFO     Epoch 11/20 | step 3880 | loss 0.4736
15:19:34 INFO     Epoch 11/20 | step 3890 | loss 0.5186
15:19:34 INFO     Epoch 11/20 | step 3900 | loss 0.5590
15:19:35 INFO     Epoch 11/20 | step 3910 | loss 0.4914
15:19:35 INFO     Epoch 11/20 | step 3920 | loss 0.4475
15:19:35 INFO     Epoch 11/20 | step 3930 | loss 0.5345
15:19:36 INFO     Epoch 11/20 | step 3940 | loss 0.5480
15:19:36 INFO     Epoch 11/20 | step 3950 | loss 0.4135
15:19:36 INFO     Epoch 11/20 | step 3960 | loss 0.5109
15:19:36 INFO     Epoch 11/20 | step 3970 | loss 0.4341
15:19:37 INFO     Epoch 11/20 | step 3980 | loss 0.4161
15:19:37 INFO     Epoch 11/20 | step 3990 | loss 0.4515
15:19:37 INFO     Epoch 11/20 | step 4000 | loss 0.4827
15:19:38 INFO     Epoch 11/20 | step 4010 | loss 0.4538
15:19:38 INFO     Epoch 11/20 | step 4020 | loss 0.4862
15:19:38 INFO     Epoch 11/20 | step 4030 | loss 0.4545
15:19:39 INFO     Epoch 11/20 | step 4040 | loss 0.6403
15:19:39 INFO     Epoch 11/20 | step 4050 | loss 0.5158
15:19:39 INFO     Epoch 11/20 | step 4060 | loss 0.4386
15:19:39 INFO     Epoch 11/20 | step 4070 | loss 0.5146
15:19:40 INFO     Epoch 11/20 | step 4080 | loss 0.5044
15:19:40 INFO     Epoch 11/20 | step 4090 | loss 0.4459
15:19:40 INFO     Epoch 11/20 | step 4100 | loss 0.4305
15:19:41 INFO     Epoch 11/20 | step 4110 | loss 0.4670
15:19:41 INFO     Epoch 11/20 | step 4120 | loss 0.4988
15:19:41 INFO     Epoch 11/20 | step 4130 | loss 0.4681
15:19:42 INFO     Epoch 11/20 | step 4140 | loss 0.4108
15:19:42 INFO     Epoch 11/20 | step 4150 | loss 0.4710
15:19:42 INFO     Epoch 11/20 | step 4160 | loss 0.4299
15:19:43 INFO     Epoch 11/20 | step 4170 | loss 0.3776
15:19:43 INFO     Epoch 11/20 | step 4180 | loss 0.4990
15:19:43 INFO     Epoch 11/20 | step 4190 | loss 0.4828
15:19:43 INFO     Epoch 11/20 | step 4200 | loss 0.4405
15:19:44 INFO     Epoch 11/20 | step 4210 | loss 0.5747
15:19:44 INFO     Epoch 11/20 | step 4220 | loss 0.5241
15:19:44 INFO     Epoch 11/20 | step 4230 | loss 0.5138
15:19:45 INFO     Epoch 11/20 | step 4240 | loss 0.5067
15:19:45 INFO     Epoch 11/20 | step 4250 | loss 0.4918
15:19:45 INFO     Epoch 11/20 | step 4260 | loss 0.5161
15:19:46 INFO     Epoch 11/20 | step 4270 | loss 0.5113
15:19:46 INFO     Epoch 11/20 | step 4280 | loss 0.4969
15:19:46 INFO     Epoch 11/20 | step 4290 | loss 0.6100
15:19:46 INFO     Epoch 11/20 | step 4300 | loss 0.5145
15:19:47 INFO     Epoch 11/20 | step 4310 | loss 0.6456
15:19:47 INFO     Epoch 11/20 | step 4320 | loss 0.4415
15:19:47 INFO     Epoch 11/20 | step 4330 | loss 0.5439
15:19:48 INFO     Epoch 11/20 | step 4340 | loss 0.4779
15:19:48 INFO     Epoch 11/20 | step 4350 | loss 0.5071
15:19:48 INFO     Epoch 11/20 | step 4360 | loss 0.4161
15:19:49 INFO     Epoch 11/20 | step 4370 | loss 0.4886
15:19:49 INFO     Epoch 11/20 | step 4380 | loss 0.4930
15:19:49 INFO     Epoch 11/20 | step 4390 | loss 0.5412
15:19:49 INFO     Epoch 11/20 | step 4400 | loss 0.5455
15:19:50 INFO     Epoch 11/20 | step 4410 | loss 0.5040
15:19:50 INFO     Epoch 11/20 | step 4420 | loss 0.4287
15:19:50 INFO     Epoch 11/20 | step 4430 | loss 0.5575
15:19:51 INFO     Epoch 11/20 | step 4440 | loss 0.4089
15:19:51 INFO     Epoch 11/20 | step 4450 | loss 0.4610
15:19:51 INFO     Epoch 11/20 | step 4460 | loss 0.4634
15:19:52 INFO     Epoch 11/20 | step 4470 | loss 0.5187
15:19:52 INFO     Epoch 11/20 | step 4480 | loss 0.5091
15:19:52 INFO     Epoch 11/20 | step 4490 | loss 0.4053
15:19:53 INFO     Epoch 11/20 | step 4500 | loss 0.4323
15:19:53 INFO     Epoch 11/20 | step 4510 | loss 0.5150
15:19:53 INFO     Epoch 11/20 | step 4520 | loss 0.4988
15:19:53 INFO     Epoch 11/20 | step 4530 | loss 0.4685
15:19:54 INFO     Epoch 11/20 | step 4540 | loss 0.4414
15:19:54 INFO     Epoch 11/20 | step 4550 | loss 0.4573
15:19:54 INFO     Epoch 11/20 | step 4560 | loss 0.5173
15:19:55 INFO     Epoch 11/20 | step 4570 | loss 0.5066
15:19:55 INFO     Epoch 11/20 | step 4580 | loss 0.4620
15:19:55 INFO     Epoch 11/20 | step 4590 | loss 0.4262
15:19:56 INFO     Epoch 11/20 | step 4600 | loss 0.5356
15:19:56 INFO     Epoch 11/20 | step 4610 | loss 0.4543
15:19:56 INFO     Epoch 11/20 | step 4620 | loss 0.5396
15:19:56 INFO     Epoch 11/20 | step 4630 | loss 0.4909
15:19:57 INFO     Epoch 11/20 | step 4640 | loss 0.3944
15:19:57 INFO     Epoch 11/20 | step 4650 | loss 0.4512
15:19:57 INFO     Epoch 11/20 | step 4660 | loss 0.4682
15:19:58 INFO     Epoch 11/20 | step 4670 | loss 0.5299
15:19:58 INFO     Epoch 11/20 | step 4680 | loss 0.4320
15:19:58 INFO     Epoch 11/20 | step 4690 | loss 0.5593
15:19:59 INFO     Epoch 11/20 | step 4700 | loss 0.4282
15:19:59 INFO     Epoch 11/20 | step 4710 | loss 0.5343
15:19:59 INFO     Epoch 11/20 | step 4720 | loss 0.4618
15:20:00 INFO     Epoch 11/20 | step 4730 | loss 0.5145
15:20:00 INFO     Epoch 11/20 | step 4740 | loss 0.4549
15:20:00 INFO     Epoch 11/20 | step 4750 | loss 0.5040
15:20:00 INFO     Epoch 11/20 | step 4760 | loss 0.4739
15:20:01 INFO     Epoch 11/20 | step 4770 | loss 0.4738
15:20:01 INFO     Epoch 11/20 | step 4780 | loss 0.5632
15:20:01 INFO     Epoch 11/20 | step 4790 | loss 0.4547
15:20:02 INFO     Epoch 11/20 | step 4800 | loss 0.4395
15:20:02 INFO     Epoch 11/20 | step 4810 | loss 0.4786
15:20:02 INFO     Epoch 11/20 | step 4820 | loss 0.5473
15:20:03 INFO     Epoch 11/20 | step 4830 | loss 0.4068
15:20:03 INFO     Epoch 11/20 | step 4840 | loss 0.5085
15:20:03 INFO     Epoch 11/20 | step 4850 | loss 0.5029
15:20:03 INFO     Epoch 11/20 | step 4860 | loss 0.3833
15:20:04 INFO     Epoch 11/20 | step 4870 | loss 0.4599
15:20:04 INFO     Epoch 11/20 | step 4880 | loss 0.4780
15:20:04 INFO     Epoch 11/20 | step 4890 | loss 0.4818
15:20:05 INFO     Epoch 11/20 | step 4900 | loss 0.5216
15:20:05 INFO     Epoch 11/20 | step 4910 | loss 0.5160
15:20:05 INFO     Epoch 11/20 | step 4920 | loss 0.5261
15:20:06 INFO     Epoch 11/20 | step 4930 | loss 0.4647
15:20:06 INFO     Epoch 11/20 | step 4940 | loss 0.4716
15:20:06 INFO     Epoch 11/20 | step 4950 | loss 0.5404
15:20:06 INFO     Epoch 11/20 | step 4960 | loss 0.4788
15:20:07 INFO     Epoch 11/20 | step 4970 | loss 0.4384
15:20:07 INFO     Epoch 11/20 | step 4980 | loss 0.5607
15:20:07 INFO     Epoch 11/20 | step 4990 | loss 0.4729
15:20:08 INFO     Epoch 11/20 | step 5000 | loss 0.4840
15:20:08 INFO     Epoch 11/20 | step 5010 | loss 0.5172
15:20:08 INFO     Epoch 11/20 | step 5020 | loss 0.4376
15:20:09 INFO     Epoch 11/20 | step 5030 | loss 0.4086
15:20:09 INFO     Epoch 11/20 | step 5040 | loss 0.4690
15:20:09 INFO     Epoch 11/20 | step 5050 | loss 0.4829
15:20:10 INFO     Epoch 11/20 | step 5060 | loss 0.4446
15:20:10 INFO     Epoch 11/20 | step 5070 | loss 0.3952
15:20:10 INFO     Epoch 11/20 | step 5080 | loss 0.5028
15:20:10 INFO     Epoch 11/20 | step 5090 | loss 0.6044
15:20:11 INFO     Epoch 11/20 | step 5100 | loss 0.4981
15:20:11 INFO     Epoch 11/20 | step 5110 | loss 0.3997
15:20:11 INFO     Epoch 11/20 | step 5120 | loss 0.4395
15:20:12 INFO     Epoch 11/20 | step 5130 | loss 0.5601
15:20:12 INFO     Epoch 11/20 | step 5140 | loss 0.4788
15:20:12 INFO     Epoch 11/20 | step 5150 | loss 0.4629
15:20:13 INFO     Epoch 11/20 | step 5160 | loss 0.4449
15:20:13 INFO     Epoch 11/20 | step 5170 | loss 0.4055
15:20:13 INFO     Epoch 11/20 | step 5180 | loss 0.4677
15:20:13 INFO     Epoch 11/20 | step 5190 | loss 0.4431
15:20:14 INFO     Epoch 11/20 | step 5200 | loss 0.4833
15:20:14 INFO     Epoch 11/20 | step 5210 | loss 0.5778
15:20:14 INFO     Epoch 11/20 | step 5220 | loss 0.4480
15:20:15 INFO     Epoch 11/20 | step 5230 | loss 0.5550
15:20:15 INFO     Epoch 11/20 | step 5240 | loss 0.5031
15:20:15 INFO     Epoch 11/20 | step 5250 | loss 0.4392
15:20:16 INFO     Epoch 11/20 | step 5260 | loss 0.4800
15:20:16 INFO     Epoch 11/20 | step 5270 | loss 0.4685
15:20:16 INFO     Epoch 11/20 | step 5280 | loss 0.5070
15:20:16 INFO     Epoch 11/20 | step 5290 | loss 0.4391
15:20:17 INFO     Epoch 11/20 | step 5300 | loss 0.4162
15:20:17 INFO     Epoch 11/20 | step 5310 | loss 0.5568
15:20:17 INFO     Epoch 11/20 | step 5320 | loss 0.4335
15:20:18 INFO     Epoch 11/20 | step 5330 | loss 0.5231
15:20:18 INFO     Epoch 11/20 | step 5340 | loss 0.5806
15:20:18 INFO     Epoch 11/20 | step 5350 | loss 0.6078
15:20:19 INFO     Epoch 11/20 | step 5360 | loss 0.5104
15:20:19 INFO     Epoch 11/20 | step 5370 | loss 0.4847
15:20:19 INFO     Epoch 11/20 | step 5380 | loss 0.5684
15:20:20 INFO     Epoch 11/20 | step 5390 | loss 0.4944
15:20:20 INFO     Epoch 11/20 | step 5400 | loss 0.4404
15:20:20 INFO     Epoch 11/20 | step 5410 | loss 0.5375
15:20:20 INFO     Epoch 11/20 | step 5420 | loss 0.5076
15:20:21 INFO     Epoch 11/20 | step 5430 | loss 0.4855
15:20:21 INFO     Epoch 11/20 | step 5440 | loss 0.4079
15:20:21 INFO     Epoch 11/20 | step 5450 | loss 0.4043
15:20:22 INFO     Epoch 11/20 | step 5460 | loss 0.4293
15:20:22 INFO     Epoch 11/20 | step 5470 | loss 0.4953
15:20:22 INFO     Epoch 11/20 | step 5480 | loss 0.4758
15:20:23 INFO     Epoch 11/20 | step 5490 | loss 0.4321
15:20:23 INFO     Epoch 11/20 | step 5500 | loss 0.4315
15:20:23 INFO     Epoch 11/20 | step 5510 | loss 0.5070
15:20:23 INFO     Epoch 11/20 | step 5520 | loss 0.5266
15:20:24 INFO     Epoch 11/20 | step 5530 | loss 0.5059
15:20:24 INFO     Epoch 11/20 | step 5540 | loss 0.4941
15:20:24 INFO     Epoch 11/20 | step 5550 | loss 0.3936
15:20:25 INFO     Epoch 11/20 | step 5560 | loss 0.5262
15:20:25 INFO     Epoch 11/20 | step 5570 | loss 0.5629
15:20:25 INFO     Epoch 11/20 | step 5580 | loss 0.5726
15:20:26 INFO     Epoch 11/20 | step 5590 | loss 0.5291
15:20:26 INFO     Epoch 11/20 | step 5600 | loss 0.3601
15:20:26 INFO     Epoch 11/20 | step 5610 | loss 0.4728
15:20:26 INFO     Epoch 11/20 | step 5620 | loss 0.4260
15:20:27 INFO     Epoch 11/20 | step 5630 | loss 0.4355
15:20:27 INFO     Epoch 11/20 | step 5640 | loss 0.4386
15:20:27 INFO     Epoch 11/20 | step 5650 | loss 0.5360
15:20:28 INFO     Epoch 11/20 | avg loss 0.4957
15:20:29 INFO     Epoch 11/20 | new best loss 0.4957 — checkpoint saved
15:20:29 INFO     Epoch 12/20 | step   10 | loss 0.4579
15:20:30 INFO     Epoch 12/20 | step   20 | loss 0.5891
15:20:30 INFO     Epoch 12/20 | step   30 | loss 0.4962
15:20:30 INFO     Epoch 12/20 | step   40 | loss 0.5072
15:20:31 INFO     Epoch 12/20 | step   50 | loss 0.4747
15:20:31 INFO     Epoch 12/20 | step   60 | loss 0.5051
15:20:31 INFO     Epoch 12/20 | step   70 | loss 0.5537
15:20:31 INFO     Epoch 12/20 | step   80 | loss 0.4393
15:20:32 INFO     Epoch 12/20 | step   90 | loss 0.5159
15:20:32 INFO     Epoch 12/20 | step  100 | loss 0.5198
15:20:32 INFO     Epoch 12/20 | step  110 | loss 0.5035
15:20:33 INFO     Epoch 12/20 | step  120 | loss 0.4782
15:20:33 INFO     Epoch 12/20 | step  130 | loss 0.4070
15:20:33 INFO     Epoch 12/20 | step  140 | loss 0.4938
15:20:34 INFO     Epoch 12/20 | step  150 | loss 0.4417
15:20:34 INFO     Epoch 12/20 | step  160 | loss 0.4580
15:20:34 INFO     Epoch 12/20 | step  170 | loss 0.5021
15:20:35 INFO     Epoch 12/20 | step  180 | loss 0.5307
15:20:35 INFO     Epoch 12/20 | step  190 | loss 0.4661
15:20:35 INFO     Epoch 12/20 | step  200 | loss 0.5055
15:20:35 INFO     Epoch 12/20 | step  210 | loss 0.4680
15:20:36 INFO     Epoch 12/20 | step  220 | loss 0.4686
15:20:36 INFO     Epoch 12/20 | step  230 | loss 0.4926
15:20:36 INFO     Epoch 12/20 | step  240 | loss 0.4618
15:20:37 INFO     Epoch 12/20 | step  250 | loss 0.5465
15:20:37 INFO     Epoch 12/20 | step  260 | loss 0.5174
15:20:37 INFO     Epoch 12/20 | step  270 | loss 0.4368
15:20:38 INFO     Epoch 12/20 | step  280 | loss 0.4007
15:20:38 INFO     Epoch 12/20 | step  290 | loss 0.5273
15:20:38 INFO     Epoch 12/20 | step  300 | loss 0.4309
15:20:38 INFO     Epoch 12/20 | step  310 | loss 0.5294
15:20:39 INFO     Epoch 12/20 | step  320 | loss 0.4891
15:20:39 INFO     Epoch 12/20 | step  330 | loss 0.4907
15:20:39 INFO     Epoch 12/20 | step  340 | loss 0.4207
15:20:40 INFO     Epoch 12/20 | step  350 | loss 0.4425
15:20:40 INFO     Epoch 12/20 | step  360 | loss 0.4237
15:20:40 INFO     Epoch 12/20 | step  370 | loss 0.5745
15:20:41 INFO     Epoch 12/20 | step  380 | loss 0.4126
15:20:41 INFO     Epoch 12/20 | step  390 | loss 0.7191
15:20:41 INFO     Epoch 12/20 | step  400 | loss 0.5480
15:20:41 INFO     Epoch 12/20 | step  410 | loss 0.4325
15:20:42 INFO     Epoch 12/20 | step  420 | loss 0.5384
15:20:42 INFO     Epoch 12/20 | step  430 | loss 0.4194
15:20:42 INFO     Epoch 12/20 | step  440 | loss 0.5407
15:20:43 INFO     Epoch 12/20 | step  450 | loss 0.5164
15:20:43 INFO     Epoch 12/20 | step  460 | loss 0.4184
15:20:43 INFO     Epoch 12/20 | step  470 | loss 0.5402
15:20:44 INFO     Epoch 12/20 | step  480 | loss 0.4942
15:20:44 INFO     Epoch 12/20 | step  490 | loss 0.4228
15:20:44 INFO     Epoch 12/20 | step  500 | loss 0.6170
15:20:45 INFO     Epoch 12/20 | step  510 | loss 0.4382
15:20:45 INFO     Epoch 12/20 | step  520 | loss 0.4515
15:20:45 INFO     Epoch 12/20 | step  530 | loss 0.4609
15:20:45 INFO     Epoch 12/20 | step  540 | loss 0.4955
15:20:46 INFO     Epoch 12/20 | step  550 | loss 0.4848
15:20:46 INFO     Epoch 12/20 | step  560 | loss 0.4934
15:20:46 INFO     Epoch 12/20 | step  570 | loss 0.5104
15:20:47 INFO     Epoch 12/20 | step  580 | loss 0.5097
15:20:47 INFO     Epoch 12/20 | step  590 | loss 0.5090
15:20:47 INFO     Epoch 12/20 | step  600 | loss 0.4877
15:20:48 INFO     Epoch 12/20 | step  610 | loss 0.4494
15:20:48 INFO     Epoch 12/20 | step  620 | loss 0.6461
15:20:48 INFO     Epoch 12/20 | step  630 | loss 0.5392
15:20:48 INFO     Epoch 12/20 | step  640 | loss 0.4742
15:20:49 INFO     Epoch 12/20 | step  650 | loss 0.6274
15:20:49 INFO     Epoch 12/20 | step  660 | loss 0.5427
15:20:49 INFO     Epoch 12/20 | step  670 | loss 0.3992
15:20:50 INFO     Epoch 12/20 | step  680 | loss 0.3851
15:20:50 INFO     Epoch 12/20 | step  690 | loss 0.3994
15:20:50 INFO     Epoch 12/20 | step  700 | loss 0.4438
15:20:51 INFO     Epoch 12/20 | step  710 | loss 0.4095
15:20:51 INFO     Epoch 12/20 | step  720 | loss 0.4463
15:20:51 INFO     Epoch 12/20 | step  730 | loss 0.6011
15:20:51 INFO     Epoch 12/20 | step  740 | loss 0.4930
15:20:52 INFO     Epoch 12/20 | step  750 | loss 0.4632
15:20:52 INFO     Epoch 12/20 | step  760 | loss 0.5555
15:20:52 INFO     Epoch 12/20 | step  770 | loss 0.4704
15:20:53 INFO     Epoch 12/20 | step  780 | loss 0.5072
15:20:53 INFO     Epoch 12/20 | step  790 | loss 0.3945
15:20:53 INFO     Epoch 12/20 | step  800 | loss 0.4564
15:20:54 INFO     Epoch 12/20 | step  810 | loss 0.4100
15:20:54 INFO     Epoch 12/20 | step  820 | loss 0.5174
15:20:54 INFO     Epoch 12/20 | step  830 | loss 0.4571
15:20:55 INFO     Epoch 12/20 | step  840 | loss 0.4873
15:20:55 INFO     Epoch 12/20 | step  850 | loss 0.5155
15:20:55 INFO     Epoch 12/20 | step  860 | loss 0.5155
15:20:55 INFO     Epoch 12/20 | step  870 | loss 0.5365
15:20:56 INFO     Epoch 12/20 | step  880 | loss 0.4480
15:20:56 INFO     Epoch 12/20 | step  890 | loss 0.4068
15:20:56 INFO     Epoch 12/20 | step  900 | loss 0.4850
15:20:57 INFO     Epoch 12/20 | step  910 | loss 0.4406
15:20:57 INFO     Epoch 12/20 | step  920 | loss 0.4574
15:20:57 INFO     Epoch 12/20 | step  930 | loss 0.5725
15:20:58 INFO     Epoch 12/20 | step  940 | loss 0.4715
15:20:58 INFO     Epoch 12/20 | step  950 | loss 0.4733
15:20:58 INFO     Epoch 12/20 | step  960 | loss 0.5000
15:20:58 INFO     Epoch 12/20 | step  970 | loss 0.5396
15:20:59 INFO     Epoch 12/20 | step  980 | loss 0.5713
15:20:59 INFO     Epoch 12/20 | step  990 | loss 0.4227
15:20:59 INFO     Epoch 12/20 | step 1000 | loss 0.6821
15:21:00 INFO     Epoch 12/20 | step 1010 | loss 0.5722
15:21:00 INFO     Epoch 12/20 | step 1020 | loss 0.4079
15:21:00 INFO     Epoch 12/20 | step 1030 | loss 0.4949
15:21:01 INFO     Epoch 12/20 | step 1040 | loss 0.5281
15:21:01 INFO     Epoch 12/20 | step 1050 | loss 0.4566
15:21:01 INFO     Epoch 12/20 | step 1060 | loss 0.4651
15:21:01 INFO     Epoch 12/20 | step 1070 | loss 0.4262
15:21:02 INFO     Epoch 12/20 | step 1080 | loss 0.4199
15:21:02 INFO     Epoch 12/20 | step 1090 | loss 0.4794
15:21:02 INFO     Epoch 12/20 | step 1100 | loss 0.4437
15:21:03 INFO     Epoch 12/20 | step 1110 | loss 0.3929
15:21:03 INFO     Epoch 12/20 | step 1120 | loss 0.5136
15:21:03 INFO     Epoch 12/20 | step 1130 | loss 0.5167
15:21:04 INFO     Epoch 12/20 | step 1140 | loss 0.5277
15:21:04 INFO     Epoch 12/20 | step 1150 | loss 0.4257
15:21:04 INFO     Epoch 12/20 | step 1160 | loss 0.4137
15:21:04 INFO     Epoch 12/20 | step 1170 | loss 0.4696
15:21:05 INFO     Epoch 12/20 | step 1180 | loss 0.4835
15:21:05 INFO     Epoch 12/20 | step 1190 | loss 0.5488
15:21:05 INFO     Epoch 12/20 | step 1200 | loss 0.4402
15:21:06 INFO     Epoch 12/20 | step 1210 | loss 0.4518
15:21:06 INFO     Epoch 12/20 | step 1220 | loss 0.5578
15:21:06 INFO     Epoch 12/20 | step 1230 | loss 0.5175
15:21:07 INFO     Epoch 12/20 | step 1240 | loss 0.4349
15:21:07 INFO     Epoch 12/20 | step 1250 | loss 0.4918
15:21:07 INFO     Epoch 12/20 | step 1260 | loss 0.4435
15:21:08 INFO     Epoch 12/20 | step 1270 | loss 0.4379
15:21:08 INFO     Epoch 12/20 | step 1280 | loss 0.4034
15:21:08 INFO     Epoch 12/20 | step 1290 | loss 0.4497
15:21:08 INFO     Epoch 12/20 | step 1300 | loss 0.4314
15:21:09 INFO     Epoch 12/20 | step 1310 | loss 0.5255
15:21:09 INFO     Epoch 12/20 | step 1320 | loss 0.5686
15:21:09 INFO     Epoch 12/20 | step 1330 | loss 0.4971
15:21:10 INFO     Epoch 12/20 | step 1340 | loss 0.4087
15:21:10 INFO     Epoch 12/20 | step 1350 | loss 0.4707
15:21:10 INFO     Epoch 12/20 | step 1360 | loss 0.4645
15:21:11 INFO     Epoch 12/20 | step 1370 | loss 0.4758
15:21:11 INFO     Epoch 12/20 | step 1380 | loss 0.4392
15:21:11 INFO     Epoch 12/20 | step 1390 | loss 0.4737
15:21:11 INFO     Epoch 12/20 | step 1400 | loss 0.4088
15:21:12 INFO     Epoch 12/20 | step 1410 | loss 0.5961
15:21:12 INFO     Epoch 12/20 | step 1420 | loss 0.5945
15:21:12 INFO     Epoch 12/20 | step 1430 | loss 0.4469
15:21:13 INFO     Epoch 12/20 | step 1440 | loss 0.5588
15:21:13 INFO     Epoch 12/20 | step 1450 | loss 0.4616
15:21:13 INFO     Epoch 12/20 | step 1460 | loss 0.4459
15:21:14 INFO     Epoch 12/20 | step 1470 | loss 0.4287
15:21:14 INFO     Epoch 12/20 | step 1480 | loss 0.5179
15:21:14 INFO     Epoch 12/20 | step 1490 | loss 0.4560
15:21:14 INFO     Epoch 12/20 | step 1500 | loss 0.4249
15:21:15 INFO     Epoch 12/20 | step 1510 | loss 0.5018
15:21:15 INFO     Epoch 12/20 | step 1520 | loss 0.4982
15:21:15 INFO     Epoch 12/20 | step 1530 | loss 0.5213
15:21:16 INFO     Epoch 12/20 | step 1540 | loss 0.4364
15:21:16 INFO     Epoch 12/20 | step 1550 | loss 0.5694
15:21:16 INFO     Epoch 12/20 | step 1560 | loss 0.4602
15:21:17 INFO     Epoch 12/20 | step 1570 | loss 0.4901
15:21:17 INFO     Epoch 12/20 | step 1580 | loss 0.5099
15:21:17 INFO     Epoch 12/20 | step 1590 | loss 0.4849
15:21:18 INFO     Epoch 12/20 | step 1600 | loss 0.4556
15:21:18 INFO     Epoch 12/20 | step 1610 | loss 0.5136
15:21:18 INFO     Epoch 12/20 | step 1620 | loss 0.4411
15:21:18 INFO     Epoch 12/20 | step 1630 | loss 0.3861
15:21:19 INFO     Epoch 12/20 | step 1640 | loss 0.4696
15:21:19 INFO     Epoch 12/20 | step 1650 | loss 0.4768
15:21:19 INFO     Epoch 12/20 | step 1660 | loss 0.4146
15:21:20 INFO     Epoch 12/20 | step 1670 | loss 0.4656
15:21:20 INFO     Epoch 12/20 | step 1680 | loss 0.4103
15:21:20 INFO     Epoch 12/20 | step 1690 | loss 0.4891
15:21:21 INFO     Epoch 12/20 | step 1700 | loss 0.4668
15:21:21 INFO     Epoch 12/20 | step 1710 | loss 0.4326
15:21:21 INFO     Epoch 12/20 | step 1720 | loss 0.6201
15:21:21 INFO     Epoch 12/20 | step 1730 | loss 0.5166
15:21:22 INFO     Epoch 12/20 | step 1740 | loss 0.4601
15:21:22 INFO     Epoch 12/20 | step 1750 | loss 0.4536
15:21:22 INFO     Epoch 12/20 | step 1760 | loss 0.5533
15:21:23 INFO     Epoch 12/20 | step 1770 | loss 0.3852
15:21:23 INFO     Epoch 12/20 | step 1780 | loss 0.4925
15:21:23 INFO     Epoch 12/20 | step 1790 | loss 0.4886
15:21:24 INFO     Epoch 12/20 | step 1800 | loss 0.4447
15:21:24 INFO     Epoch 12/20 | step 1810 | loss 0.5118
15:21:24 INFO     Epoch 12/20 | step 1820 | loss 0.5325
15:21:24 INFO     Epoch 12/20 | step 1830 | loss 0.5483
15:21:25 INFO     Epoch 12/20 | step 1840 | loss 0.4585
15:21:25 INFO     Epoch 12/20 | step 1850 | loss 0.4994
15:21:25 INFO     Epoch 12/20 | step 1860 | loss 0.5131
15:21:26 INFO     Epoch 12/20 | step 1870 | loss 0.4904
15:21:26 INFO     Epoch 12/20 | step 1880 | loss 0.4505
15:21:26 INFO     Epoch 12/20 | step 1890 | loss 0.5499
15:21:27 INFO     Epoch 12/20 | step 1900 | loss 0.4060
15:21:27 INFO     Epoch 12/20 | step 1910 | loss 0.4806
15:21:27 INFO     Epoch 12/20 | step 1920 | loss 0.4069
15:21:28 INFO     Epoch 12/20 | step 1930 | loss 0.4599
15:21:28 INFO     Epoch 12/20 | step 1940 | loss 0.5404
15:21:28 INFO     Epoch 12/20 | step 1950 | loss 0.4963
15:21:28 INFO     Epoch 12/20 | step 1960 | loss 0.4043
15:21:29 INFO     Epoch 12/20 | step 1970 | loss 0.4442
15:21:29 INFO     Epoch 12/20 | step 1980 | loss 0.5433
15:21:29 INFO     Epoch 12/20 | step 1990 | loss 0.4404
15:21:30 INFO     Epoch 12/20 | step 2000 | loss 0.4836
15:21:30 INFO     Epoch 12/20 | step 2010 | loss 0.4819
15:21:30 INFO     Epoch 12/20 | step 2020 | loss 0.4574
15:21:31 INFO     Epoch 12/20 | step 2030 | loss 0.4697
15:21:31 INFO     Epoch 12/20 | step 2040 | loss 0.5197
15:21:31 INFO     Epoch 12/20 | step 2050 | loss 0.5286
15:21:31 INFO     Epoch 12/20 | step 2060 | loss 0.4906
15:21:32 INFO     Epoch 12/20 | step 2070 | loss 0.5261
15:21:32 INFO     Epoch 12/20 | step 2080 | loss 0.3989
15:21:32 INFO     Epoch 12/20 | step 2090 | loss 0.5653
15:21:33 INFO     Epoch 12/20 | step 2100 | loss 0.4350
15:21:33 INFO     Epoch 12/20 | step 2110 | loss 0.4401
15:21:33 INFO     Epoch 12/20 | step 2120 | loss 0.5346
15:21:34 INFO     Epoch 12/20 | step 2130 | loss 0.5591
15:21:34 INFO     Epoch 12/20 | step 2140 | loss 0.4120
15:21:34 INFO     Epoch 12/20 | step 2150 | loss 0.6044
15:21:34 INFO     Epoch 12/20 | step 2160 | loss 0.4571
15:21:35 INFO     Epoch 12/20 | step 2170 | loss 0.4377
15:21:35 INFO     Epoch 12/20 | step 2180 | loss 0.4387
15:21:35 INFO     Epoch 12/20 | step 2190 | loss 0.4004
15:21:36 INFO     Epoch 12/20 | step 2200 | loss 0.4140
15:21:36 INFO     Epoch 12/20 | step 2210 | loss 0.3723
15:21:36 INFO     Epoch 12/20 | step 2220 | loss 0.4333
15:21:37 INFO     Epoch 12/20 | step 2230 | loss 0.4985
15:21:37 INFO     Epoch 12/20 | step 2240 | loss 0.4110
15:21:37 INFO     Epoch 12/20 | step 2250 | loss 0.5572
15:21:37 INFO     Epoch 12/20 | step 2260 | loss 0.4770
15:21:38 INFO     Epoch 12/20 | step 2270 | loss 0.4407
15:21:38 INFO     Epoch 12/20 | step 2280 | loss 0.4117
15:21:38 INFO     Epoch 12/20 | step 2290 | loss 0.4362
15:21:39 INFO     Epoch 12/20 | step 2300 | loss 0.4915
15:21:39 INFO     Epoch 12/20 | step 2310 | loss 0.4805
15:21:39 INFO     Epoch 12/20 | step 2320 | loss 0.4769
15:21:40 INFO     Epoch 12/20 | step 2330 | loss 0.4582
15:21:40 INFO     Epoch 12/20 | step 2340 | loss 0.5227
15:21:40 INFO     Epoch 12/20 | step 2350 | loss 0.4312
15:21:41 INFO     Epoch 12/20 | step 2360 | loss 0.5507
15:21:41 INFO     Epoch 12/20 | step 2370 | loss 0.5464
15:21:41 INFO     Epoch 12/20 | step 2380 | loss 0.4299
15:21:41 INFO     Epoch 12/20 | step 2390 | loss 0.4659
15:21:42 INFO     Epoch 12/20 | step 2400 | loss 0.5470
15:21:42 INFO     Epoch 12/20 | step 2410 | loss 0.4462
15:21:42 INFO     Epoch 12/20 | step 2420 | loss 0.5222
15:21:43 INFO     Epoch 12/20 | step 2430 | loss 0.5138
15:21:43 INFO     Epoch 12/20 | step 2440 | loss 0.4489
15:21:43 INFO     Epoch 12/20 | step 2450 | loss 0.3822
15:21:44 INFO     Epoch 12/20 | step 2460 | loss 0.4894
15:21:44 INFO     Epoch 12/20 | step 2470 | loss 0.5059
15:21:44 INFO     Epoch 12/20 | step 2480 | loss 0.4492
15:21:44 INFO     Epoch 12/20 | step 2490 | loss 0.4376
15:21:45 INFO     Epoch 12/20 | step 2500 | loss 0.4183
15:21:45 INFO     Epoch 12/20 | step 2510 | loss 0.4304
15:21:45 INFO     Epoch 12/20 | step 2520 | loss 0.4098
15:21:46 INFO     Epoch 12/20 | step 2530 | loss 0.5108
15:21:46 INFO     Epoch 12/20 | step 2540 | loss 0.4748
15:21:46 INFO     Epoch 12/20 | step 2550 | loss 0.4833
15:21:47 INFO     Epoch 12/20 | step 2560 | loss 0.4462
15:21:47 INFO     Epoch 12/20 | step 2570 | loss 0.5320
15:21:47 INFO     Epoch 12/20 | step 2580 | loss 0.4701
15:21:47 INFO     Epoch 12/20 | step 2590 | loss 0.5764
15:21:48 INFO     Epoch 12/20 | step 2600 | loss 0.4729
15:21:48 INFO     Epoch 12/20 | step 2610 | loss 0.5335
15:21:48 INFO     Epoch 12/20 | step 2620 | loss 0.4615
15:21:49 INFO     Epoch 12/20 | step 2630 | loss 0.4756
15:21:49 INFO     Epoch 12/20 | step 2640 | loss 0.4419
15:21:49 INFO     Epoch 12/20 | step 2650 | loss 0.4605
15:21:50 INFO     Epoch 12/20 | step 2660 | loss 0.4706
15:21:50 INFO     Epoch 12/20 | step 2670 | loss 0.4535
15:21:50 INFO     Epoch 12/20 | step 2680 | loss 0.4587
15:21:51 INFO     Epoch 12/20 | step 2690 | loss 0.5290
15:21:51 INFO     Epoch 12/20 | step 2700 | loss 0.5181
15:21:51 INFO     Epoch 12/20 | step 2710 | loss 0.4858
15:21:51 INFO     Epoch 12/20 | step 2720 | loss 0.3994
15:21:52 INFO     Epoch 12/20 | step 2730 | loss 0.5131
15:21:52 INFO     Epoch 12/20 | step 2740 | loss 0.3933
15:21:52 INFO     Epoch 12/20 | step 2750 | loss 0.4606
15:21:53 INFO     Epoch 12/20 | step 2760 | loss 0.5254
15:21:53 INFO     Epoch 12/20 | step 2770 | loss 0.4669
15:21:53 INFO     Epoch 12/20 | step 2780 | loss 0.4442
15:21:54 INFO     Epoch 12/20 | step 2790 | loss 0.4483
15:21:54 INFO     Epoch 12/20 | step 2800 | loss 0.4863
15:21:54 INFO     Epoch 12/20 | step 2810 | loss 0.5976
15:21:54 INFO     Epoch 12/20 | step 2820 | loss 0.5277
15:21:55 INFO     Epoch 12/20 | step 2830 | loss 0.3869
15:21:55 INFO     Epoch 12/20 | step 2840 | loss 0.4629
15:21:55 INFO     Epoch 12/20 | step 2850 | loss 0.4409
15:21:56 INFO     Epoch 12/20 | step 2860 | loss 0.5802
15:21:56 INFO     Epoch 12/20 | step 2870 | loss 0.4305
15:21:56 INFO     Epoch 12/20 | step 2880 | loss 0.4500
15:21:57 INFO     Epoch 12/20 | step 2890 | loss 0.4539
15:21:57 INFO     Epoch 12/20 | step 2900 | loss 0.5124
15:21:57 INFO     Epoch 12/20 | step 2910 | loss 0.5264
15:21:57 INFO     Epoch 12/20 | step 2920 | loss 0.3564
15:21:58 INFO     Epoch 12/20 | step 2930 | loss 0.4642
15:21:58 INFO     Epoch 12/20 | step 2940 | loss 0.4450
15:21:58 INFO     Epoch 12/20 | step 2950 | loss 0.5227
15:21:59 INFO     Epoch 12/20 | step 2960 | loss 0.4761
15:21:59 INFO     Epoch 12/20 | step 2970 | loss 0.5810
15:21:59 INFO     Epoch 12/20 | step 2980 | loss 0.5245
15:22:00 INFO     Epoch 12/20 | step 2990 | loss 0.3912
15:22:00 INFO     Epoch 12/20 | step 3000 | loss 0.4873
15:22:00 INFO     Epoch 12/20 | step 3010 | loss 0.4618
15:22:00 INFO     Epoch 12/20 | step 3020 | loss 0.4710
15:22:01 INFO     Epoch 12/20 | step 3030 | loss 0.4338
15:22:01 INFO     Epoch 12/20 | step 3040 | loss 0.4456
15:22:01 INFO     Epoch 12/20 | step 3050 | loss 0.4561
15:22:02 INFO     Epoch 12/20 | step 3060 | loss 0.4695
15:22:02 INFO     Epoch 12/20 | step 3070 | loss 0.4589
15:22:02 INFO     Epoch 12/20 | step 3080 | loss 0.4855
15:22:03 INFO     Epoch 12/20 | step 3090 | loss 0.4780
15:22:03 INFO     Epoch 12/20 | step 3100 | loss 0.4069
15:22:03 INFO     Epoch 12/20 | step 3110 | loss 0.4265
15:22:04 INFO     Epoch 12/20 | step 3120 | loss 0.4527
15:22:04 INFO     Epoch 12/20 | step 3130 | loss 0.5055
15:22:04 INFO     Epoch 12/20 | step 3140 | loss 0.5423
15:22:04 INFO     Epoch 12/20 | step 3150 | loss 0.5608
15:22:05 INFO     Epoch 12/20 | step 3160 | loss 0.4683
15:22:05 INFO     Epoch 12/20 | step 3170 | loss 0.4218
15:22:05 INFO     Epoch 12/20 | step 3180 | loss 0.4545
15:22:06 INFO     Epoch 12/20 | step 3190 | loss 0.5195
15:22:06 INFO     Epoch 12/20 | step 3200 | loss 0.6127
15:22:06 INFO     Epoch 12/20 | step 3210 | loss 0.5044
15:22:07 INFO     Epoch 12/20 | step 3220 | loss 0.3969
15:22:07 INFO     Epoch 12/20 | step 3230 | loss 0.5651
15:22:07 INFO     Epoch 12/20 | step 3240 | loss 0.4798
15:22:07 INFO     Epoch 12/20 | step 3250 | loss 0.5733
15:22:08 INFO     Epoch 12/20 | step 3260 | loss 0.4140
15:22:08 INFO     Epoch 12/20 | step 3270 | loss 0.4768
15:22:08 INFO     Epoch 12/20 | step 3280 | loss 0.4569
15:22:09 INFO     Epoch 12/20 | step 3290 | loss 0.4672
15:22:09 INFO     Epoch 12/20 | step 3300 | loss 0.6078
15:22:09 INFO     Epoch 12/20 | step 3310 | loss 0.4565
15:22:10 INFO     Epoch 12/20 | step 3320 | loss 0.6071
15:22:10 INFO     Epoch 12/20 | step 3330 | loss 0.4214
15:22:10 INFO     Epoch 12/20 | step 3340 | loss 0.4814
15:22:10 INFO     Epoch 12/20 | step 3350 | loss 0.5039
15:22:11 INFO     Epoch 12/20 | step 3360 | loss 0.4606
15:22:11 INFO     Epoch 12/20 | step 3370 | loss 0.4825
15:22:11 INFO     Epoch 12/20 | step 3380 | loss 0.4877
15:22:12 INFO     Epoch 12/20 | step 3390 | loss 0.3912
15:22:12 INFO     Epoch 12/20 | step 3400 | loss 0.5392
15:22:12 INFO     Epoch 12/20 | step 3410 | loss 0.4305
15:22:13 INFO     Epoch 12/20 | step 3420 | loss 0.4262
15:22:13 INFO     Epoch 12/20 | step 3430 | loss 0.4420
15:22:13 INFO     Epoch 12/20 | step 3440 | loss 0.4784
15:22:13 INFO     Epoch 12/20 | step 3450 | loss 0.5062
15:22:14 INFO     Epoch 12/20 | step 3460 | loss 0.4480
15:22:14 INFO     Epoch 12/20 | step 3470 | loss 0.5286
15:22:14 INFO     Epoch 12/20 | step 3480 | loss 0.4887
15:22:15 INFO     Epoch 12/20 | step 3490 | loss 0.3954
15:22:15 INFO     Epoch 12/20 | step 3500 | loss 0.4945
15:22:15 INFO     Epoch 12/20 | step 3510 | loss 0.4871
15:22:16 INFO     Epoch 12/20 | step 3520 | loss 0.4358
15:22:16 INFO     Epoch 12/20 | step 3530 | loss 0.4725
15:22:16 INFO     Epoch 12/20 | step 3540 | loss 0.4375
15:22:17 INFO     Epoch 12/20 | step 3550 | loss 0.4809
15:22:17 INFO     Epoch 12/20 | step 3560 | loss 0.4692
15:22:17 INFO     Epoch 12/20 | step 3570 | loss 0.4910
15:22:17 INFO     Epoch 12/20 | step 3580 | loss 0.5402
15:22:18 INFO     Epoch 12/20 | step 3590 | loss 0.4860
15:22:18 INFO     Epoch 12/20 | step 3600 | loss 0.5092
15:22:18 INFO     Epoch 12/20 | step 3610 | loss 0.5273
15:22:19 INFO     Epoch 12/20 | step 3620 | loss 0.4354
15:22:19 INFO     Epoch 12/20 | step 3630 | loss 0.4342
15:22:19 INFO     Epoch 12/20 | step 3640 | loss 0.4774
15:22:20 INFO     Epoch 12/20 | step 3650 | loss 0.3927
15:22:20 INFO     Epoch 12/20 | step 3660 | loss 0.5644
15:22:20 INFO     Epoch 12/20 | step 3670 | loss 0.4865
15:22:20 INFO     Epoch 12/20 | step 3680 | loss 0.4998
15:22:21 INFO     Epoch 12/20 | step 3690 | loss 0.3927
15:22:21 INFO     Epoch 12/20 | step 3700 | loss 0.4987
15:22:21 INFO     Epoch 12/20 | step 3710 | loss 0.3768
15:22:22 INFO     Epoch 12/20 | step 3720 | loss 0.5223
15:22:22 INFO     Epoch 12/20 | step 3730 | loss 0.3881
15:22:22 INFO     Epoch 12/20 | step 3740 | loss 0.4249
15:22:23 INFO     Epoch 12/20 | step 3750 | loss 0.4621
15:22:23 INFO     Epoch 12/20 | step 3760 | loss 0.4999
15:22:23 INFO     Epoch 12/20 | step 3770 | loss 0.4187
15:22:23 INFO     Epoch 12/20 | step 3780 | loss 0.4676
15:22:24 INFO     Epoch 12/20 | step 3790 | loss 0.5088
15:22:24 INFO     Epoch 12/20 | step 3800 | loss 0.3816
15:22:24 INFO     Epoch 12/20 | step 3810 | loss 0.4397
15:22:25 INFO     Epoch 12/20 | step 3820 | loss 0.5483
15:22:25 INFO     Epoch 12/20 | step 3830 | loss 0.5373
15:22:25 INFO     Epoch 12/20 | step 3840 | loss 0.4613
15:22:26 INFO     Epoch 12/20 | step 3850 | loss 0.4554
15:22:26 INFO     Epoch 12/20 | step 3860 | loss 0.4736
15:22:26 INFO     Epoch 12/20 | step 3870 | loss 0.4571
15:22:26 INFO     Epoch 12/20 | step 3880 | loss 0.4325
15:22:27 INFO     Epoch 12/20 | step 3890 | loss 0.3670
15:22:27 INFO     Epoch 12/20 | step 3900 | loss 0.3864
15:22:27 INFO     Epoch 12/20 | step 3910 | loss 0.5203
15:22:28 INFO     Epoch 12/20 | step 3920 | loss 0.5283
15:22:28 INFO     Epoch 12/20 | step 3930 | loss 0.4056
15:22:28 INFO     Epoch 12/20 | step 3940 | loss 0.4827
15:22:29 INFO     Epoch 12/20 | step 3950 | loss 0.4628
15:22:29 INFO     Epoch 12/20 | step 3960 | loss 0.4800
15:22:29 INFO     Epoch 12/20 | step 3970 | loss 0.4123
15:22:30 INFO     Epoch 12/20 | step 3980 | loss 0.4552
15:22:30 INFO     Epoch 12/20 | step 3990 | loss 0.5357
15:22:30 INFO     Epoch 12/20 | step 4000 | loss 0.4798
15:22:30 INFO     Epoch 12/20 | step 4010 | loss 0.4251
15:22:31 INFO     Epoch 12/20 | step 4020 | loss 0.5416
15:22:31 INFO     Epoch 12/20 | step 4030 | loss 0.4559
15:22:31 INFO     Epoch 12/20 | step 4040 | loss 0.4530
15:22:32 INFO     Epoch 12/20 | step 4050 | loss 0.5244
15:22:32 INFO     Epoch 12/20 | step 4060 | loss 0.4959
15:22:32 INFO     Epoch 12/20 | step 4070 | loss 0.4322
15:22:33 INFO     Epoch 12/20 | step 4080 | loss 0.4422
15:22:33 INFO     Epoch 12/20 | step 4090 | loss 0.4191
15:22:33 INFO     Epoch 12/20 | step 4100 | loss 0.5022
15:22:33 INFO     Epoch 12/20 | step 4110 | loss 0.4567
15:22:34 INFO     Epoch 12/20 | step 4120 | loss 0.5571
15:22:34 INFO     Epoch 12/20 | step 4130 | loss 0.5088
15:22:34 INFO     Epoch 12/20 | step 4140 | loss 0.5239
15:22:35 INFO     Epoch 12/20 | step 4150 | loss 0.3787
15:22:35 INFO     Epoch 12/20 | step 4160 | loss 0.4338
15:22:35 INFO     Epoch 12/20 | step 4170 | loss 0.3860
15:22:36 INFO     Epoch 12/20 | step 4180 | loss 0.4116
15:22:36 INFO     Epoch 12/20 | step 4190 | loss 0.4936
15:22:36 INFO     Epoch 12/20 | step 4200 | loss 0.4375
15:22:36 INFO     Epoch 12/20 | step 4210 | loss 0.5226
15:22:37 INFO     Epoch 12/20 | step 4220 | loss 0.4482
15:22:37 INFO     Epoch 12/20 | step 4230 | loss 0.4739
15:22:37 INFO     Epoch 12/20 | step 4240 | loss 0.4943
15:22:38 INFO     Epoch 12/20 | step 4250 | loss 0.4879
15:22:38 INFO     Epoch 12/20 | step 4260 | loss 0.4896
15:22:38 INFO     Epoch 12/20 | step 4270 | loss 0.4521
15:22:39 INFO     Epoch 12/20 | step 4280 | loss 0.5027
15:22:39 INFO     Epoch 12/20 | step 4290 | loss 0.5305
15:22:39 INFO     Epoch 12/20 | step 4300 | loss 0.4640
15:22:39 INFO     Epoch 12/20 | step 4310 | loss 0.5839
15:22:40 INFO     Epoch 12/20 | step 4320 | loss 0.5295
15:22:40 INFO     Epoch 12/20 | step 4330 | loss 0.4296
15:22:40 INFO     Epoch 12/20 | step 4340 | loss 0.5329
15:22:41 INFO     Epoch 12/20 | step 4350 | loss 0.4360
15:22:41 INFO     Epoch 12/20 | step 4360 | loss 0.4815
15:22:41 INFO     Epoch 12/20 | step 4370 | loss 0.4920
15:22:42 INFO     Epoch 12/20 | step 4380 | loss 0.4613
15:22:42 INFO     Epoch 12/20 | step 4390 | loss 0.4415
15:22:42 INFO     Epoch 12/20 | step 4400 | loss 0.3929
15:22:43 INFO     Epoch 12/20 | step 4410 | loss 0.4784
15:22:43 INFO     Epoch 12/20 | step 4420 | loss 0.4542
15:22:43 INFO     Epoch 12/20 | step 4430 | loss 0.3835
15:22:43 INFO     Epoch 12/20 | step 4440 | loss 0.4534
15:22:44 INFO     Epoch 12/20 | step 4450 | loss 0.6506
15:22:44 INFO     Epoch 12/20 | step 4460 | loss 0.5456
15:22:44 INFO     Epoch 12/20 | step 4470 | loss 0.5524
15:22:45 INFO     Epoch 12/20 | step 4480 | loss 0.4321
15:22:45 INFO     Epoch 12/20 | step 4490 | loss 0.5181
15:22:45 INFO     Epoch 12/20 | step 4500 | loss 0.5045
15:22:46 INFO     Epoch 12/20 | step 4510 | loss 0.4554
15:22:46 INFO     Epoch 12/20 | step 4520 | loss 0.4189
15:22:46 INFO     Epoch 12/20 | step 4530 | loss 0.5955
15:22:46 INFO     Epoch 12/20 | step 4540 | loss 0.5032
15:22:47 INFO     Epoch 12/20 | step 4550 | loss 0.5938
15:22:47 INFO     Epoch 12/20 | step 4560 | loss 0.5011
15:22:47 INFO     Epoch 12/20 | step 4570 | loss 0.4221
15:22:48 INFO     Epoch 12/20 | step 4580 | loss 0.5050
15:22:48 INFO     Epoch 12/20 | step 4590 | loss 0.4844
15:22:48 INFO     Epoch 12/20 | step 4600 | loss 0.4807
15:22:49 INFO     Epoch 12/20 | step 4610 | loss 0.4338
15:22:49 INFO     Epoch 12/20 | step 4620 | loss 0.5232
15:22:49 INFO     Epoch 12/20 | step 4630 | loss 0.4861
15:22:49 INFO     Epoch 12/20 | step 4640 | loss 0.4455
15:22:50 INFO     Epoch 12/20 | step 4650 | loss 0.5156
15:22:50 INFO     Epoch 12/20 | step 4660 | loss 0.3527
15:22:50 INFO     Epoch 12/20 | step 4670 | loss 0.4782
15:22:51 INFO     Epoch 12/20 | step 4680 | loss 0.4430
15:22:51 INFO     Epoch 12/20 | step 4690 | loss 0.5277
15:22:51 INFO     Epoch 12/20 | step 4700 | loss 0.5496
15:22:52 INFO     Epoch 12/20 | step 4710 | loss 0.5188
15:22:52 INFO     Epoch 12/20 | step 4720 | loss 0.3846
15:22:52 INFO     Epoch 12/20 | step 4730 | loss 0.5295
15:22:52 INFO     Epoch 12/20 | step 4740 | loss 0.5071
15:22:53 INFO     Epoch 12/20 | step 4750 | loss 0.3625
15:22:53 INFO     Epoch 12/20 | step 4760 | loss 0.5837
15:22:53 INFO     Epoch 12/20 | step 4770 | loss 0.4644
15:22:54 INFO     Epoch 12/20 | step 4780 | loss 0.4777
15:22:54 INFO     Epoch 12/20 | step 4790 | loss 0.4212
15:22:54 INFO     Epoch 12/20 | step 4800 | loss 0.4411
15:22:55 INFO     Epoch 12/20 | step 4810 | loss 0.4856
15:22:55 INFO     Epoch 12/20 | step 4820 | loss 0.5315
15:22:55 INFO     Epoch 12/20 | step 4830 | loss 0.4507
15:22:55 INFO     Epoch 12/20 | step 4840 | loss 0.4505
15:22:56 INFO     Epoch 12/20 | step 4850 | loss 0.3971
15:22:56 INFO     Epoch 12/20 | step 4860 | loss 0.4167
15:22:56 INFO     Epoch 12/20 | step 4870 | loss 0.4909
15:22:57 INFO     Epoch 12/20 | step 4880 | loss 0.5141
15:22:57 INFO     Epoch 12/20 | step 4890 | loss 0.4261
15:22:57 INFO     Epoch 12/20 | step 4900 | loss 0.4603
15:22:58 INFO     Epoch 12/20 | step 4910 | loss 0.4048
15:22:58 INFO     Epoch 12/20 | step 4920 | loss 0.4590
15:22:58 INFO     Epoch 12/20 | step 4930 | loss 0.4377
15:22:59 INFO     Epoch 12/20 | step 4940 | loss 0.4314
15:22:59 INFO     Epoch 12/20 | step 4950 | loss 0.4886
15:22:59 INFO     Epoch 12/20 | step 4960 | loss 0.5242
15:22:59 INFO     Epoch 12/20 | step 4970 | loss 0.5669
15:23:00 INFO     Epoch 12/20 | step 4980 | loss 0.4643
15:23:00 INFO     Epoch 12/20 | step 4990 | loss 0.6004
15:23:00 INFO     Epoch 12/20 | step 5000 | loss 0.4248
15:23:01 INFO     Epoch 12/20 | step 5010 | loss 0.3958
15:23:01 INFO     Epoch 12/20 | step 5020 | loss 0.4039
15:23:01 INFO     Epoch 12/20 | step 5030 | loss 0.4323
15:23:02 INFO     Epoch 12/20 | step 5040 | loss 0.4460
15:23:02 INFO     Epoch 12/20 | step 5050 | loss 0.4855
15:23:02 INFO     Epoch 12/20 | step 5060 | loss 0.5133
15:23:02 INFO     Epoch 12/20 | step 5070 | loss 0.3925
15:23:03 INFO     Epoch 12/20 | step 5080 | loss 0.5167
15:23:03 INFO     Epoch 12/20 | step 5090 | loss 0.3895
15:23:03 INFO     Epoch 12/20 | step 5100 | loss 0.4363
15:23:04 INFO     Epoch 12/20 | step 5110 | loss 0.4199
15:23:04 INFO     Epoch 12/20 | step 5120 | loss 0.4951
15:23:04 INFO     Epoch 12/20 | step 5130 | loss 0.4870
15:23:05 INFO     Epoch 12/20 | step 5140 | loss 0.4368
15:23:05 INFO     Epoch 12/20 | step 5150 | loss 0.4293
15:23:05 INFO     Epoch 12/20 | step 5160 | loss 0.5266
15:23:05 INFO     Epoch 12/20 | step 5170 | loss 0.4125
15:23:06 INFO     Epoch 12/20 | step 5180 | loss 0.4179
15:23:06 INFO     Epoch 12/20 | step 5190 | loss 0.4687
15:23:06 INFO     Epoch 12/20 | step 5200 | loss 0.5241
15:23:07 INFO     Epoch 12/20 | step 5210 | loss 0.5007
15:23:07 INFO     Epoch 12/20 | step 5220 | loss 0.4249
15:23:07 INFO     Epoch 12/20 | step 5230 | loss 0.4662
15:23:08 INFO     Epoch 12/20 | step 5240 | loss 0.4786
15:23:08 INFO     Epoch 12/20 | step 5250 | loss 0.5418
15:23:08 INFO     Epoch 12/20 | step 5260 | loss 0.4417
15:23:08 INFO     Epoch 12/20 | step 5270 | loss 0.4482
15:23:09 INFO     Epoch 12/20 | step 5280 | loss 0.4764
15:23:09 INFO     Epoch 12/20 | step 5290 | loss 0.4562
15:23:09 INFO     Epoch 12/20 | step 5300 | loss 0.4454
15:23:10 INFO     Epoch 12/20 | step 5310 | loss 0.4406
15:23:10 INFO     Epoch 12/20 | step 5320 | loss 0.5264
15:23:10 INFO     Epoch 12/20 | step 5330 | loss 0.4588
15:23:11 INFO     Epoch 12/20 | step 5340 | loss 0.4738
15:23:11 INFO     Epoch 12/20 | step 5350 | loss 0.4012
15:23:11 INFO     Epoch 12/20 | step 5360 | loss 0.4458
15:23:12 INFO     Epoch 12/20 | step 5370 | loss 0.4456
15:23:12 INFO     Epoch 12/20 | step 5380 | loss 0.4057
15:23:12 INFO     Epoch 12/20 | step 5390 | loss 0.4816
15:23:12 INFO     Epoch 12/20 | step 5400 | loss 0.4345
15:23:13 INFO     Epoch 12/20 | step 5410 | loss 0.4072
15:23:13 INFO     Epoch 12/20 | step 5420 | loss 0.4162
15:23:13 INFO     Epoch 12/20 | step 5430 | loss 0.5578
15:23:14 INFO     Epoch 12/20 | step 5440 | loss 0.4469
15:23:14 INFO     Epoch 12/20 | step 5450 | loss 0.4584
15:23:14 INFO     Epoch 12/20 | step 5460 | loss 0.4494
15:23:15 INFO     Epoch 12/20 | step 5470 | loss 0.5735
15:23:15 INFO     Epoch 12/20 | step 5480 | loss 0.5454
15:23:15 INFO     Epoch 12/20 | step 5490 | loss 0.4360
15:23:15 INFO     Epoch 12/20 | step 5500 | loss 0.4998
15:23:16 INFO     Epoch 12/20 | step 5510 | loss 0.4374
15:23:16 INFO     Epoch 12/20 | step 5520 | loss 0.4915
15:23:16 INFO     Epoch 12/20 | step 5530 | loss 0.3668
15:23:17 INFO     Epoch 12/20 | step 5540 | loss 0.4347
15:23:17 INFO     Epoch 12/20 | step 5550 | loss 0.4283
15:23:17 INFO     Epoch 12/20 | step 5560 | loss 0.5191
15:23:18 INFO     Epoch 12/20 | step 5570 | loss 0.6007
15:23:18 INFO     Epoch 12/20 | step 5580 | loss 0.4454
15:23:18 INFO     Epoch 12/20 | step 5590 | loss 0.4223
15:23:18 INFO     Epoch 12/20 | step 5600 | loss 0.4747
15:23:19 INFO     Epoch 12/20 | step 5610 | loss 0.3845
15:23:19 INFO     Epoch 12/20 | step 5620 | loss 0.4645
15:23:19 INFO     Epoch 12/20 | step 5630 | loss 0.4748
15:23:20 INFO     Epoch 12/20 | step 5640 | loss 0.4584
15:23:20 INFO     Epoch 12/20 | step 5650 | loss 0.4415
15:23:20 INFO     Epoch 12/20 | avg loss 0.4738
15:23:20 INFO     Epoch 12/20 | new best loss 0.4738 — checkpoint saved
15:23:20 INFO     Epoch 13/20 | step   10 | loss 0.5011
15:23:21 INFO     Epoch 13/20 | step   20 | loss 0.4489
15:23:21 INFO     Epoch 13/20 | step   30 | loss 0.3632
15:23:21 INFO     Epoch 13/20 | step   40 | loss 0.4525
15:23:22 INFO     Epoch 13/20 | step   50 | loss 0.3944
15:23:22 INFO     Epoch 13/20 | step   60 | loss 0.5612
15:23:22 INFO     Epoch 13/20 | step   70 | loss 0.5570
15:23:23 INFO     Epoch 13/20 | step   80 | loss 0.4870
15:23:23 INFO     Epoch 13/20 | step   90 | loss 0.4851
15:23:23 INFO     Epoch 13/20 | step  100 | loss 0.6160
15:23:23 INFO     Epoch 13/20 | step  110 | loss 0.4186
15:23:24 INFO     Epoch 13/20 | step  120 | loss 0.4456
15:23:24 INFO     Epoch 13/20 | step  130 | loss 0.5101
15:23:24 INFO     Epoch 13/20 | step  140 | loss 0.4762
15:23:25 INFO     Epoch 13/20 | step  150 | loss 0.5112
15:23:25 INFO     Epoch 13/20 | step  160 | loss 0.4480
15:23:25 INFO     Epoch 13/20 | step  170 | loss 0.5000
15:23:26 INFO     Epoch 13/20 | step  180 | loss 0.4356
15:23:26 INFO     Epoch 13/20 | step  190 | loss 0.5039
15:23:26 INFO     Epoch 13/20 | step  200 | loss 0.5336
15:23:26 INFO     Epoch 13/20 | step  210 | loss 0.4126
15:23:27 INFO     Epoch 13/20 | step  220 | loss 0.4349
15:23:27 INFO     Epoch 13/20 | step  230 | loss 0.5192
15:23:27 INFO     Epoch 13/20 | step  240 | loss 0.4379
15:23:28 INFO     Epoch 13/20 | step  250 | loss 0.3833
15:23:28 INFO     Epoch 13/20 | step  260 | loss 0.4967
15:23:28 INFO     Epoch 13/20 | step  270 | loss 0.4611
15:23:29 INFO     Epoch 13/20 | step  280 | loss 0.4000
15:23:29 INFO     Epoch 13/20 | step  290 | loss 0.5098
15:23:29 INFO     Epoch 13/20 | step  300 | loss 0.4841
15:23:29 INFO     Epoch 13/20 | step  310 | loss 0.5140
15:23:30 INFO     Epoch 13/20 | step  320 | loss 0.4520
15:23:30 INFO     Epoch 13/20 | step  330 | loss 0.3952
15:23:30 INFO     Epoch 13/20 | step  340 | loss 0.5773
15:23:31 INFO     Epoch 13/20 | step  350 | loss 0.5611
15:23:31 INFO     Epoch 13/20 | step  360 | loss 0.3866
15:23:31 INFO     Epoch 13/20 | step  370 | loss 0.3546
15:23:32 INFO     Epoch 13/20 | step  380 | loss 0.4006
15:23:32 INFO     Epoch 13/20 | step  390 | loss 0.4308
15:23:32 INFO     Epoch 13/20 | step  400 | loss 0.3962
15:23:33 INFO     Epoch 13/20 | step  410 | loss 0.4643
15:23:33 INFO     Epoch 13/20 | step  420 | loss 0.3660
15:23:33 INFO     Epoch 13/20 | step  430 | loss 0.4373
15:23:33 INFO     Epoch 13/20 | step  440 | loss 0.3642
15:23:34 INFO     Epoch 13/20 | step  450 | loss 0.4581
15:23:34 INFO     Epoch 13/20 | step  460 | loss 0.4593
15:23:34 INFO     Epoch 13/20 | step  470 | loss 0.5213
15:23:35 INFO     Epoch 13/20 | step  480 | loss 0.5201
15:23:35 INFO     Epoch 13/20 | step  490 | loss 0.3963
15:23:35 INFO     Epoch 13/20 | step  500 | loss 0.5462
15:23:36 INFO     Epoch 13/20 | step  510 | loss 0.4050
15:23:36 INFO     Epoch 13/20 | step  520 | loss 0.4665
15:23:36 INFO     Epoch 13/20 | step  530 | loss 0.4570
15:23:36 INFO     Epoch 13/20 | step  540 | loss 0.4393
15:23:37 INFO     Epoch 13/20 | step  550 | loss 0.4132
15:23:37 INFO     Epoch 13/20 | step  560 | loss 0.3898
15:23:37 INFO     Epoch 13/20 | step  570 | loss 0.4567
15:23:38 INFO     Epoch 13/20 | step  580 | loss 0.5662
15:23:38 INFO     Epoch 13/20 | step  590 | loss 0.5212
15:23:38 INFO     Epoch 13/20 | step  600 | loss 0.5112
15:23:39 INFO     Epoch 13/20 | step  610 | loss 0.5129
15:23:39 INFO     Epoch 13/20 | step  620 | loss 0.4121
15:23:39 INFO     Epoch 13/20 | step  630 | loss 0.5016
15:23:39 INFO     Epoch 13/20 | step  640 | loss 0.4626
15:23:40 INFO     Epoch 13/20 | step  650 | loss 0.4914
15:23:40 INFO     Epoch 13/20 | step  660 | loss 0.3798
15:23:40 INFO     Epoch 13/20 | step  670 | loss 0.7011
15:23:41 INFO     Epoch 13/20 | step  680 | loss 0.4300
15:23:41 INFO     Epoch 13/20 | step  690 | loss 0.5365
15:23:41 INFO     Epoch 13/20 | step  700 | loss 0.4881
15:23:42 INFO     Epoch 13/20 | step  710 | loss 0.4790
15:23:42 INFO     Epoch 13/20 | step  720 | loss 0.4637
15:23:42 INFO     Epoch 13/20 | step  730 | loss 0.5046
15:23:43 INFO     Epoch 13/20 | step  740 | loss 0.4335
15:23:43 INFO     Epoch 13/20 | step  750 | loss 0.5929
15:23:43 INFO     Epoch 13/20 | step  760 | loss 0.4892
15:23:43 INFO     Epoch 13/20 | step  770 | loss 0.4007
15:23:44 INFO     Epoch 13/20 | step  780 | loss 0.4867
15:23:44 INFO     Epoch 13/20 | step  790 | loss 0.4364
15:23:44 INFO     Epoch 13/20 | step  800 | loss 0.3993
15:23:45 INFO     Epoch 13/20 | step  810 | loss 0.4627
15:23:45 INFO     Epoch 13/20 | step  820 | loss 0.4620
15:23:45 INFO     Epoch 13/20 | step  830 | loss 0.5218
15:23:46 INFO     Epoch 13/20 | step  840 | loss 0.4660
15:23:46 INFO     Epoch 13/20 | step  850 | loss 0.4178
15:23:46 INFO     Epoch 13/20 | step  860 | loss 0.4677
15:23:46 INFO     Epoch 13/20 | step  870 | loss 0.5573
15:23:47 INFO     Epoch 13/20 | step  880 | loss 0.5425
15:23:47 INFO     Epoch 13/20 | step  890 | loss 0.5002
15:23:47 INFO     Epoch 13/20 | step  900 | loss 0.4244
15:23:48 INFO     Epoch 13/20 | step  910 | loss 0.4385
15:23:48 INFO     Epoch 13/20 | step  920 | loss 0.5188
15:23:48 INFO     Epoch 13/20 | step  930 | loss 0.3774
15:23:49 INFO     Epoch 13/20 | step  940 | loss 0.4645
15:23:49 INFO     Epoch 13/20 | step  950 | loss 0.3986
15:23:49 INFO     Epoch 13/20 | step  960 | loss 0.4502
15:23:49 INFO     Epoch 13/20 | step  970 | loss 0.5429
15:23:50 INFO     Epoch 13/20 | step  980 | loss 0.4396
15:23:50 INFO     Epoch 13/20 | step  990 | loss 0.4886
15:23:50 INFO     Epoch 13/20 | step 1000 | loss 0.4338
15:23:51 INFO     Epoch 13/20 | step 1010 | loss 0.4916
15:23:51 INFO     Epoch 13/20 | step 1020 | loss 0.4630
15:23:51 INFO     Epoch 13/20 | step 1030 | loss 0.5131
15:23:52 INFO     Epoch 13/20 | step 1040 | loss 0.4473
15:23:52 INFO     Epoch 13/20 | step 1050 | loss 0.3871
15:23:52 INFO     Epoch 13/20 | step 1060 | loss 0.5569
15:23:52 INFO     Epoch 13/20 | step 1070 | loss 0.5356
15:23:53 INFO     Epoch 13/20 | step 1080 | loss 0.4318
15:23:53 INFO     Epoch 13/20 | step 1090 | loss 0.5033
15:23:53 INFO     Epoch 13/20 | step 1100 | loss 0.3527
15:23:54 INFO     Epoch 13/20 | step 1110 | loss 0.5412
15:23:54 INFO     Epoch 13/20 | step 1120 | loss 0.4452
15:23:54 INFO     Epoch 13/20 | step 1130 | loss 0.4938
15:23:55 INFO     Epoch 13/20 | step 1140 | loss 0.4769
15:23:55 INFO     Epoch 13/20 | step 1150 | loss 0.4778
15:23:55 INFO     Epoch 13/20 | step 1160 | loss 0.4960
15:23:56 INFO     Epoch 13/20 | step 1170 | loss 0.4559
15:23:56 INFO     Epoch 13/20 | step 1180 | loss 0.5167
15:23:56 INFO     Epoch 13/20 | step 1190 | loss 0.5879
15:23:56 INFO     Epoch 13/20 | step 1200 | loss 0.4440
15:23:57 INFO     Epoch 13/20 | step 1210 | loss 0.4045
15:23:57 INFO     Epoch 13/20 | step 1220 | loss 0.4143
15:23:57 INFO     Epoch 13/20 | step 1230 | loss 0.5093
15:23:58 INFO     Epoch 13/20 | step 1240 | loss 0.4601
15:23:58 INFO     Epoch 13/20 | step 1250 | loss 0.5147
15:23:58 INFO     Epoch 13/20 | step 1260 | loss 0.5156
15:23:59 INFO     Epoch 13/20 | step 1270 | loss 0.4959
15:23:59 INFO     Epoch 13/20 | step 1280 | loss 0.4787
15:23:59 INFO     Epoch 13/20 | step 1290 | loss 0.4475
15:23:59 INFO     Epoch 13/20 | step 1300 | loss 0.4766
15:24:00 INFO     Epoch 13/20 | step 1310 | loss 0.4743
15:24:00 INFO     Epoch 13/20 | step 1320 | loss 0.3909
15:24:00 INFO     Epoch 13/20 | step 1330 | loss 0.4666
15:24:01 INFO     Epoch 13/20 | step 1340 | loss 0.3998
15:24:01 INFO     Epoch 13/20 | step 1350 | loss 0.4881
15:24:01 INFO     Epoch 13/20 | step 1360 | loss 0.4430
15:24:02 INFO     Epoch 13/20 | step 1370 | loss 0.4675
15:24:02 INFO     Epoch 13/20 | step 1380 | loss 0.4582
15:24:02 INFO     Epoch 13/20 | step 1390 | loss 0.4693
15:24:02 INFO     Epoch 13/20 | step 1400 | loss 0.4684
15:24:03 INFO     Epoch 13/20 | step 1410 | loss 0.3996
15:24:03 INFO     Epoch 13/20 | step 1420 | loss 0.4066
15:24:03 INFO     Epoch 13/20 | step 1430 | loss 0.4311
15:24:04 INFO     Epoch 13/20 | step 1440 | loss 0.4681
15:24:04 INFO     Epoch 13/20 | step 1450 | loss 0.4272
15:24:04 INFO     Epoch 13/20 | step 1460 | loss 0.4186
15:24:05 INFO     Epoch 13/20 | step 1470 | loss 0.5470
15:24:05 INFO     Epoch 13/20 | step 1480 | loss 0.3789
15:24:05 INFO     Epoch 13/20 | step 1490 | loss 0.5373
15:24:05 INFO     Epoch 13/20 | step 1500 | loss 0.4077
15:24:06 INFO     Epoch 13/20 | step 1510 | loss 0.4455
15:24:06 INFO     Epoch 13/20 | step 1520 | loss 0.4465
15:24:06 INFO     Epoch 13/20 | step 1530 | loss 0.3979
15:24:07 INFO     Epoch 13/20 | step 1540 | loss 0.3896
15:24:07 INFO     Epoch 13/20 | step 1550 | loss 0.4256
15:24:07 INFO     Epoch 13/20 | step 1560 | loss 0.3965
15:24:08 INFO     Epoch 13/20 | step 1570 | loss 0.5126
15:24:08 INFO     Epoch 13/20 | step 1580 | loss 0.4612
15:24:08 INFO     Epoch 13/20 | step 1590 | loss 0.4982
15:24:09 INFO     Epoch 13/20 | step 1600 | loss 0.4456
15:24:09 INFO     Epoch 13/20 | step 1610 | loss 0.4238
15:24:09 INFO     Epoch 13/20 | step 1620 | loss 0.4623
15:24:09 INFO     Epoch 13/20 | step 1630 | loss 0.4601
15:24:10 INFO     Epoch 13/20 | step 1640 | loss 0.4641
15:24:10 INFO     Epoch 13/20 | step 1650 | loss 0.4299
15:24:10 INFO     Epoch 13/20 | step 1660 | loss 0.5288
15:24:11 INFO     Epoch 13/20 | step 1670 | loss 0.4123
15:24:11 INFO     Epoch 13/20 | step 1680 | loss 0.4469
15:24:11 INFO     Epoch 13/20 | step 1690 | loss 0.4597
15:24:12 INFO     Epoch 13/20 | step 1700 | loss 0.5332
15:24:12 INFO     Epoch 13/20 | step 1710 | loss 0.4157
15:24:12 INFO     Epoch 13/20 | step 1720 | loss 0.4484
15:24:12 INFO     Epoch 13/20 | step 1730 | loss 0.4692
15:24:13 INFO     Epoch 13/20 | step 1740 | loss 0.5241
15:24:13 INFO     Epoch 13/20 | step 1750 | loss 0.5363
15:24:13 INFO     Epoch 13/20 | step 1760 | loss 0.3874
15:24:14 INFO     Epoch 13/20 | step 1770 | loss 0.4774
15:24:14 INFO     Epoch 13/20 | step 1780 | loss 0.4797
15:24:14 INFO     Epoch 13/20 | step 1790 | loss 0.4908
15:24:15 INFO     Epoch 13/20 | step 1800 | loss 0.4722
15:24:15 INFO     Epoch 13/20 | step 1810 | loss 0.3558
15:24:15 INFO     Epoch 13/20 | step 1820 | loss 0.4364
15:24:15 INFO     Epoch 13/20 | step 1830 | loss 0.4386
15:24:16 INFO     Epoch 13/20 | step 1840 | loss 0.4371
15:24:16 INFO     Epoch 13/20 | step 1850 | loss 0.3869
15:24:16 INFO     Epoch 13/20 | step 1860 | loss 0.3810
15:24:17 INFO     Epoch 13/20 | step 1870 | loss 0.4381
15:24:17 INFO     Epoch 13/20 | step 1880 | loss 0.4484
15:24:17 INFO     Epoch 13/20 | step 1890 | loss 0.3782
15:24:18 INFO     Epoch 13/20 | step 1900 | loss 0.4722
15:24:18 INFO     Epoch 13/20 | step 1910 | loss 0.4428
15:24:18 INFO     Epoch 13/20 | step 1920 | loss 0.3110
15:24:18 INFO     Epoch 13/20 | step 1930 | loss 0.3540
15:24:19 INFO     Epoch 13/20 | step 1940 | loss 0.4388
15:24:19 INFO     Epoch 13/20 | step 1950 | loss 0.4295
15:24:19 INFO     Epoch 13/20 | step 1960 | loss 0.5593
15:24:20 INFO     Epoch 13/20 | step 1970 | loss 0.4840
15:24:20 INFO     Epoch 13/20 | step 1980 | loss 0.4301
15:24:20 INFO     Epoch 13/20 | step 1990 | loss 0.5251
15:24:21 INFO     Epoch 13/20 | step 2000 | loss 0.3823
15:24:21 INFO     Epoch 13/20 | step 2010 | loss 0.5012
15:24:21 INFO     Epoch 13/20 | step 2020 | loss 0.5541
15:24:21 INFO     Epoch 13/20 | step 2030 | loss 0.4650
15:24:22 INFO     Epoch 13/20 | step 2040 | loss 0.4526
15:24:22 INFO     Epoch 13/20 | step 2050 | loss 0.4145
15:24:22 INFO     Epoch 13/20 | step 2060 | loss 0.5407
15:24:23 INFO     Epoch 13/20 | step 2070 | loss 0.4926
15:24:23 INFO     Epoch 13/20 | step 2080 | loss 0.5110
15:24:23 INFO     Epoch 13/20 | step 2090 | loss 0.5228
15:24:24 INFO     Epoch 13/20 | step 2100 | loss 0.5442
15:24:24 INFO     Epoch 13/20 | step 2110 | loss 0.4776
15:24:24 INFO     Epoch 13/20 | step 2120 | loss 0.5413
15:24:25 INFO     Epoch 13/20 | step 2130 | loss 0.4083
15:24:25 INFO     Epoch 13/20 | step 2140 | loss 0.3769
15:24:25 INFO     Epoch 13/20 | step 2150 | loss 0.5389
15:24:25 INFO     Epoch 13/20 | step 2160 | loss 0.5488
15:24:26 INFO     Epoch 13/20 | step 2170 | loss 0.5392
15:24:26 INFO     Epoch 13/20 | step 2180 | loss 0.3477
15:24:26 INFO     Epoch 13/20 | step 2190 | loss 0.4326
15:24:27 INFO     Epoch 13/20 | step 2200 | loss 0.4156
15:24:27 INFO     Epoch 13/20 | step 2210 | loss 0.5295
15:24:27 INFO     Epoch 13/20 | step 2220 | loss 0.4272
15:24:28 INFO     Epoch 13/20 | step 2230 | loss 0.4566
15:24:28 INFO     Epoch 13/20 | step 2240 | loss 0.5368
15:24:28 INFO     Epoch 13/20 | step 2250 | loss 0.4973
15:24:28 INFO     Epoch 13/20 | step 2260 | loss 0.4556
15:24:29 INFO     Epoch 13/20 | step 2270 | loss 0.4341
15:24:29 INFO     Epoch 13/20 | step 2280 | loss 0.5030
15:24:29 INFO     Epoch 13/20 | step 2290 | loss 0.4789
15:24:30 INFO     Epoch 13/20 | step 2300 | loss 0.4007
15:24:30 INFO     Epoch 13/20 | step 2310 | loss 0.4850
15:24:30 INFO     Epoch 13/20 | step 2320 | loss 0.5892
15:24:31 INFO     Epoch 13/20 | step 2330 | loss 0.4207
15:24:31 INFO     Epoch 13/20 | step 2340 | loss 0.3891
15:24:31 INFO     Epoch 13/20 | step 2350 | loss 0.4909
15:24:31 INFO     Epoch 13/20 | step 2360 | loss 0.4505
15:24:32 INFO     Epoch 13/20 | step 2370 | loss 0.4783
15:24:32 INFO     Epoch 13/20 | step 2380 | loss 0.5479
15:24:32 INFO     Epoch 13/20 | step 2390 | loss 0.5686
15:24:33 INFO     Epoch 13/20 | step 2400 | loss 0.3471
15:24:33 INFO     Epoch 13/20 | step 2410 | loss 0.4620
15:24:33 INFO     Epoch 13/20 | step 2420 | loss 0.5208
15:24:34 INFO     Epoch 13/20 | step 2430 | loss 0.4895
15:24:34 INFO     Epoch 13/20 | step 2440 | loss 0.4931
15:24:34 INFO     Epoch 13/20 | step 2450 | loss 0.5436
15:24:34 INFO     Epoch 13/20 | step 2460 | loss 0.4229
15:24:35 INFO     Epoch 13/20 | step 2470 | loss 0.4760
15:24:35 INFO     Epoch 13/20 | step 2480 | loss 0.3489
15:24:35 INFO     Epoch 13/20 | step 2490 | loss 0.5133
15:24:36 INFO     Epoch 13/20 | step 2500 | loss 0.4615
15:24:36 INFO     Epoch 13/20 | step 2510 | loss 0.4145
15:24:36 INFO     Epoch 13/20 | step 2520 | loss 0.4690
15:24:37 INFO     Epoch 13/20 | step 2530 | loss 0.5001
15:24:37 INFO     Epoch 13/20 | step 2540 | loss 0.4503
15:24:37 INFO     Epoch 13/20 | step 2550 | loss 0.4020
15:24:38 INFO     Epoch 13/20 | step 2560 | loss 0.3834
15:24:38 INFO     Epoch 13/20 | step 2570 | loss 0.4898
15:24:38 INFO     Epoch 13/20 | step 2580 | loss 0.5043
15:24:38 INFO     Epoch 13/20 | step 2590 | loss 0.4553
15:24:39 INFO     Epoch 13/20 | step 2600 | loss 0.4147
15:24:39 INFO     Epoch 13/20 | step 2610 | loss 0.4304
15:24:39 INFO     Epoch 13/20 | step 2620 | loss 0.4802
15:24:40 INFO     Epoch 13/20 | step 2630 | loss 0.4930
15:24:40 INFO     Epoch 13/20 | step 2640 | loss 0.4412
15:24:40 INFO     Epoch 13/20 | step 2650 | loss 0.4046
15:24:41 INFO     Epoch 13/20 | step 2660 | loss 0.3984
15:24:41 INFO     Epoch 13/20 | step 2670 | loss 0.4805
15:24:41 INFO     Epoch 13/20 | step 2680 | loss 0.5177
15:24:41 INFO     Epoch 13/20 | step 2690 | loss 0.4272
15:24:42 INFO     Epoch 13/20 | step 2700 | loss 0.4153
15:24:42 INFO     Epoch 13/20 | step 2710 | loss 0.4927
15:24:42 INFO     Epoch 13/20 | step 2720 | loss 0.4094
15:24:43 INFO     Epoch 13/20 | step 2730 | loss 0.5031
15:24:43 INFO     Epoch 13/20 | step 2740 | loss 0.5828
15:24:43 INFO     Epoch 13/20 | step 2750 | loss 0.3947
15:24:44 INFO     Epoch 13/20 | step 2760 | loss 0.4202
15:24:44 INFO     Epoch 13/20 | step 2770 | loss 0.4728
15:24:44 INFO     Epoch 13/20 | step 2780 | loss 0.3873
15:24:44 INFO     Epoch 13/20 | step 2790 | loss 0.5692
15:24:45 INFO     Epoch 13/20 | step 2800 | loss 0.4570
15:24:45 INFO     Epoch 13/20 | step 2810 | loss 0.4421
15:24:45 INFO     Epoch 13/20 | step 2820 | loss 0.5183
15:24:46 INFO     Epoch 13/20 | step 2830 | loss 0.3889
15:24:46 INFO     Epoch 13/20 | step 2840 | loss 0.4530
15:24:46 INFO     Epoch 13/20 | step 2850 | loss 0.5540
15:24:47 INFO     Epoch 13/20 | step 2860 | loss 0.4014
15:24:47 INFO     Epoch 13/20 | step 2870 | loss 0.4262
15:24:47 INFO     Epoch 13/20 | step 2880 | loss 0.4031
15:24:47 INFO     Epoch 13/20 | step 2890 | loss 0.4747
15:24:48 INFO     Epoch 13/20 | step 2900 | loss 0.4177
15:24:48 INFO     Epoch 13/20 | step 2910 | loss 0.3982
15:24:48 INFO     Epoch 13/20 | step 2920 | loss 0.5459
15:24:49 INFO     Epoch 13/20 | step 2930 | loss 0.4861
15:24:49 INFO     Epoch 13/20 | step 2940 | loss 0.4230
15:24:49 INFO     Epoch 13/20 | step 2950 | loss 0.4689
15:24:50 INFO     Epoch 13/20 | step 2960 | loss 0.4547
15:24:50 INFO     Epoch 13/20 | step 2970 | loss 0.4700
15:24:50 INFO     Epoch 13/20 | step 2980 | loss 0.3651
15:24:50 INFO     Epoch 13/20 | step 2990 | loss 0.5068
15:24:51 INFO     Epoch 13/20 | step 3000 | loss 0.4179
15:24:51 INFO     Epoch 13/20 | step 3010 | loss 0.4481
15:24:51 INFO     Epoch 13/20 | step 3020 | loss 0.4163
15:24:52 INFO     Epoch 13/20 | step 3030 | loss 0.4212
15:24:52 INFO     Epoch 13/20 | step 3040 | loss 0.4440
15:24:52 INFO     Epoch 13/20 | step 3050 | loss 0.4200
15:24:53 INFO     Epoch 13/20 | step 3060 | loss 0.3993
15:24:53 INFO     Epoch 13/20 | step 3070 | loss 0.4810
15:24:53 INFO     Epoch 13/20 | step 3080 | loss 0.3671
15:24:54 INFO     Epoch 13/20 | step 3090 | loss 0.6162
15:24:54 INFO     Epoch 13/20 | step 3100 | loss 0.5584
15:24:54 INFO     Epoch 13/20 | step 3110 | loss 0.3761
15:24:54 INFO     Epoch 13/20 | step 3120 | loss 0.4314
15:24:55 INFO     Epoch 13/20 | step 3130 | loss 0.4395
15:24:55 INFO     Epoch 13/20 | step 3140 | loss 0.3952
15:24:55 INFO     Epoch 13/20 | step 3150 | loss 0.4438
15:24:56 INFO     Epoch 13/20 | step 3160 | loss 0.3797
15:24:56 INFO     Epoch 13/20 | step 3170 | loss 0.3941
15:24:56 INFO     Epoch 13/20 | step 3180 | loss 0.5049
15:24:57 INFO     Epoch 13/20 | step 3190 | loss 0.3767
15:24:57 INFO     Epoch 13/20 | step 3200 | loss 0.4992
15:24:57 INFO     Epoch 13/20 | step 3210 | loss 0.4447
15:24:57 INFO     Epoch 13/20 | step 3220 | loss 0.4400
15:24:58 INFO     Epoch 13/20 | step 3230 | loss 0.3787
15:24:58 INFO     Epoch 13/20 | step 3240 | loss 0.4364
15:24:58 INFO     Epoch 13/20 | step 3250 | loss 0.3574
15:24:59 INFO     Epoch 13/20 | step 3260 | loss 0.4449
15:24:59 INFO     Epoch 13/20 | step 3270 | loss 0.3551
15:24:59 INFO     Epoch 13/20 | step 3280 | loss 0.4743
15:25:00 INFO     Epoch 13/20 | step 3290 | loss 0.4929
15:25:00 INFO     Epoch 13/20 | step 3300 | loss 0.5130
15:25:00 INFO     Epoch 13/20 | step 3310 | loss 0.4521
15:25:00 INFO     Epoch 13/20 | step 3320 | loss 0.4681
15:25:01 INFO     Epoch 13/20 | step 3330 | loss 0.4204
15:25:01 INFO     Epoch 13/20 | step 3340 | loss 0.3288
15:25:01 INFO     Epoch 13/20 | step 3350 | loss 0.4143
15:25:02 INFO     Epoch 13/20 | step 3360 | loss 0.4112
15:25:02 INFO     Epoch 13/20 | step 3370 | loss 0.4559
15:25:02 INFO     Epoch 13/20 | step 3380 | loss 0.4935
15:25:03 INFO     Epoch 13/20 | step 3390 | loss 0.4562
15:25:03 INFO     Epoch 13/20 | step 3400 | loss 0.4245
15:25:03 INFO     Epoch 13/20 | step 3410 | loss 0.4671
15:25:03 INFO     Epoch 13/20 | step 3420 | loss 0.4285
15:25:04 INFO     Epoch 13/20 | step 3430 | loss 0.3856
15:25:04 INFO     Epoch 13/20 | step 3440 | loss 0.4521
15:25:04 INFO     Epoch 13/20 | step 3450 | loss 0.5635
15:25:05 INFO     Epoch 13/20 | step 3460 | loss 0.5026
15:25:05 INFO     Epoch 13/20 | step 3470 | loss 0.5760
15:25:05 INFO     Epoch 13/20 | step 3480 | loss 0.3744
15:25:06 INFO     Epoch 13/20 | step 3490 | loss 0.4302
15:25:06 INFO     Epoch 13/20 | step 3500 | loss 0.4172
15:25:06 INFO     Epoch 13/20 | step 3510 | loss 0.4045
15:25:07 INFO     Epoch 13/20 | step 3520 | loss 0.4220
15:25:07 INFO     Epoch 13/20 | step 3530 | loss 0.3834
15:25:07 INFO     Epoch 13/20 | step 3540 | loss 0.3847
15:25:07 INFO     Epoch 13/20 | step 3550 | loss 0.5105
15:25:08 INFO     Epoch 13/20 | step 3560 | loss 0.4983
15:25:08 INFO     Epoch 13/20 | step 3570 | loss 0.5261
15:25:08 INFO     Epoch 13/20 | step 3580 | loss 0.4430
15:25:09 INFO     Epoch 13/20 | step 3590 | loss 0.4374
15:25:09 INFO     Epoch 13/20 | step 3600 | loss 0.5014
15:25:09 INFO     Epoch 13/20 | step 3610 | loss 0.4278
15:25:10 INFO     Epoch 13/20 | step 3620 | loss 0.4028
15:25:10 INFO     Epoch 13/20 | step 3630 | loss 0.4639
15:25:10 INFO     Epoch 13/20 | step 3640 | loss 0.4395
15:25:10 INFO     Epoch 13/20 | step 3650 | loss 0.5890
15:25:11 INFO     Epoch 13/20 | step 3660 | loss 0.5437
15:25:11 INFO     Epoch 13/20 | step 3670 | loss 0.3833
15:25:11 INFO     Epoch 13/20 | step 3680 | loss 0.4488
15:25:12 INFO     Epoch 13/20 | step 3690 | loss 0.4079
15:25:12 INFO     Epoch 13/20 | step 3700 | loss 0.4250
15:25:12 INFO     Epoch 13/20 | step 3710 | loss 0.3978
15:25:13 INFO     Epoch 13/20 | step 3720 | loss 0.4151
15:25:13 INFO     Epoch 13/20 | step 3730 | loss 0.4377
15:25:13 INFO     Epoch 13/20 | step 3740 | loss 0.4393
15:25:13 INFO     Epoch 13/20 | step 3750 | loss 0.4966
15:25:14 INFO     Epoch 13/20 | step 3760 | loss 0.4129
15:25:14 INFO     Epoch 13/20 | step 3770 | loss 0.3653
15:25:14 INFO     Epoch 13/20 | step 3780 | loss 0.4632
15:25:15 INFO     Epoch 13/20 | step 3790 | loss 0.4921
15:25:15 INFO     Epoch 13/20 | step 3800 | loss 0.4153
15:25:15 INFO     Epoch 13/20 | step 3810 | loss 0.4167
15:25:16 INFO     Epoch 13/20 | step 3820 | loss 0.4682
15:25:16 INFO     Epoch 13/20 | step 3830 | loss 0.4865
15:25:16 INFO     Epoch 13/20 | step 3840 | loss 0.4130
15:25:16 INFO     Epoch 13/20 | step 3850 | loss 0.3875
15:25:17 INFO     Epoch 13/20 | step 3860 | loss 0.4247
15:25:17 INFO     Epoch 13/20 | step 3870 | loss 0.4764
15:25:17 INFO     Epoch 13/20 | step 3880 | loss 0.4800
15:25:18 INFO     Epoch 13/20 | step 3890 | loss 0.4804
15:25:18 INFO     Epoch 13/20 | step 3900 | loss 0.4184
15:25:18 INFO     Epoch 13/20 | step 3910 | loss 0.5126
15:25:19 INFO     Epoch 13/20 | step 3920 | loss 0.4224
15:25:19 INFO     Epoch 13/20 | step 3930 | loss 0.5184
15:25:19 INFO     Epoch 13/20 | step 3940 | loss 0.4342
15:25:19 INFO     Epoch 13/20 | step 3950 | loss 0.4355
15:25:20 INFO     Epoch 13/20 | step 3960 | loss 0.4551
15:25:20 INFO     Epoch 13/20 | step 3970 | loss 0.5173
15:25:20 INFO     Epoch 13/20 | step 3980 | loss 0.4081
15:25:21 INFO     Epoch 13/20 | step 3990 | loss 0.4445
15:25:21 INFO     Epoch 13/20 | step 4000 | loss 0.5299
15:25:21 INFO     Epoch 13/20 | step 4010 | loss 0.5028
15:25:22 INFO     Epoch 13/20 | step 4020 | loss 0.4715
15:25:22 INFO     Epoch 13/20 | step 4030 | loss 0.5141
15:25:22 INFO     Epoch 13/20 | step 4040 | loss 0.4436
15:25:23 INFO     Epoch 13/20 | step 4050 | loss 0.4280
15:25:23 INFO     Epoch 13/20 | step 4060 | loss 0.3858
15:25:23 INFO     Epoch 13/20 | step 4070 | loss 0.4352
15:25:23 INFO     Epoch 13/20 | step 4080 | loss 0.4152
15:25:24 INFO     Epoch 13/20 | step 4090 | loss 0.4221
15:25:24 INFO     Epoch 13/20 | step 4100 | loss 0.4052
15:25:24 INFO     Epoch 13/20 | step 4110 | loss 0.5222
15:25:25 INFO     Epoch 13/20 | step 4120 | loss 0.4747
15:25:25 INFO     Epoch 13/20 | step 4130 | loss 0.4848
15:25:25 INFO     Epoch 13/20 | step 4140 | loss 0.4828
15:25:26 INFO     Epoch 13/20 | step 4150 | loss 0.4453
15:25:26 INFO     Epoch 13/20 | step 4160 | loss 0.6227
15:25:26 INFO     Epoch 13/20 | step 4170 | loss 0.4589
15:25:26 INFO     Epoch 13/20 | step 4180 | loss 0.4645
15:25:27 INFO     Epoch 13/20 | step 4190 | loss 0.4282
15:25:27 INFO     Epoch 13/20 | step 4200 | loss 0.4920
15:25:27 INFO     Epoch 13/20 | step 4210 | loss 0.4405
15:25:28 INFO     Epoch 13/20 | step 4220 | loss 0.4709
15:25:28 INFO     Epoch 13/20 | step 4230 | loss 0.5325
15:25:28 INFO     Epoch 13/20 | step 4240 | loss 0.5784
15:25:29 INFO     Epoch 13/20 | step 4250 | loss 0.4908
15:25:29 INFO     Epoch 13/20 | step 4260 | loss 0.4021
15:25:29 INFO     Epoch 13/20 | step 4270 | loss 0.4860
15:25:29 INFO     Epoch 13/20 | step 4280 | loss 0.3782
15:25:30 INFO     Epoch 13/20 | step 4290 | loss 0.4429
15:25:30 INFO     Epoch 13/20 | step 4300 | loss 0.4857
15:25:30 INFO     Epoch 13/20 | step 4310 | loss 0.4519
15:25:31 INFO     Epoch 13/20 | step 4320 | loss 0.3685
15:25:31 INFO     Epoch 13/20 | step 4330 | loss 0.4887
15:25:31 INFO     Epoch 13/20 | step 4340 | loss 0.4807
15:25:32 INFO     Epoch 13/20 | step 4350 | loss 0.4737
15:25:32 INFO     Epoch 13/20 | step 4360 | loss 0.4508
15:25:32 INFO     Epoch 13/20 | step 4370 | loss 0.4070
15:25:32 INFO     Epoch 13/20 | step 4380 | loss 0.4487
15:25:33 INFO     Epoch 13/20 | step 4390 | loss 0.3815
15:25:33 INFO     Epoch 13/20 | step 4400 | loss 0.4816
15:25:33 INFO     Epoch 13/20 | step 4410 | loss 0.4536
15:25:34 INFO     Epoch 13/20 | step 4420 | loss 0.5139
15:25:34 INFO     Epoch 13/20 | step 4430 | loss 0.4940
15:25:34 INFO     Epoch 13/20 | step 4440 | loss 0.4317
15:25:35 INFO     Epoch 13/20 | step 4450 | loss 0.4272
15:25:35 INFO     Epoch 13/20 | step 4460 | loss 0.4079
15:25:35 INFO     Epoch 13/20 | step 4470 | loss 0.4222
15:25:35 INFO     Epoch 13/20 | step 4480 | loss 0.3778
15:25:36 INFO     Epoch 13/20 | step 4490 | loss 0.3634
15:25:36 INFO     Epoch 13/20 | step 4500 | loss 0.5927
15:25:36 INFO     Epoch 13/20 | step 4510 | loss 0.4632
15:25:37 INFO     Epoch 13/20 | step 4520 | loss 0.4050
15:25:37 INFO     Epoch 13/20 | step 4530 | loss 0.4467
15:25:37 INFO     Epoch 13/20 | step 4540 | loss 0.4006
15:25:38 INFO     Epoch 13/20 | step 4550 | loss 0.4550
15:25:38 INFO     Epoch 13/20 | step 4560 | loss 0.4422
15:25:38 INFO     Epoch 13/20 | step 4570 | loss 0.5034
15:25:39 INFO     Epoch 13/20 | step 4580 | loss 0.4090
15:25:39 INFO     Epoch 13/20 | step 4590 | loss 0.4397
15:25:39 INFO     Epoch 13/20 | step 4600 | loss 0.4849
15:25:39 INFO     Epoch 13/20 | step 4610 | loss 0.4289
15:25:40 INFO     Epoch 13/20 | step 4620 | loss 0.4929
15:25:40 INFO     Epoch 13/20 | step 4630 | loss 0.4218
15:25:40 INFO     Epoch 13/20 | step 4640 | loss 0.4275
15:25:41 INFO     Epoch 13/20 | step 4650 | loss 0.4344
15:25:41 INFO     Epoch 13/20 | step 4660 | loss 0.3666
15:25:41 INFO     Epoch 13/20 | step 4670 | loss 0.3934
15:25:42 INFO     Epoch 13/20 | step 4680 | loss 0.5065
15:25:42 INFO     Epoch 13/20 | step 4690 | loss 0.5324
15:25:42 INFO     Epoch 13/20 | step 4700 | loss 0.4275
15:25:42 INFO     Epoch 13/20 | step 4710 | loss 0.3812
15:25:43 INFO     Epoch 13/20 | step 4720 | loss 0.5007
15:25:43 INFO     Epoch 13/20 | step 4730 | loss 0.3907
15:25:43 INFO     Epoch 13/20 | step 4740 | loss 0.4766
15:25:44 INFO     Epoch 13/20 | step 4750 | loss 0.4609
15:25:44 INFO     Epoch 13/20 | step 4760 | loss 0.3627
15:25:44 INFO     Epoch 13/20 | step 4770 | loss 0.4966
15:25:45 INFO     Epoch 13/20 | step 4780 | loss 0.4550
15:25:45 INFO     Epoch 13/20 | step 4790 | loss 0.4211
15:25:45 INFO     Epoch 13/20 | step 4800 | loss 0.4498
15:25:45 INFO     Epoch 13/20 | step 4810 | loss 0.4120
15:25:46 INFO     Epoch 13/20 | step 4820 | loss 0.3518
15:25:46 INFO     Epoch 13/20 | step 4830 | loss 0.5179
15:25:46 INFO     Epoch 13/20 | step 4840 | loss 0.4006
15:25:47 INFO     Epoch 13/20 | step 4850 | loss 0.4223
15:25:47 INFO     Epoch 13/20 | step 4860 | loss 0.5195
15:25:47 INFO     Epoch 13/20 | step 4870 | loss 0.4708
15:25:48 INFO     Epoch 13/20 | step 4880 | loss 0.5529
15:25:48 INFO     Epoch 13/20 | step 4890 | loss 0.4167
15:25:48 INFO     Epoch 13/20 | step 4900 | loss 0.3702
15:25:48 INFO     Epoch 13/20 | step 4910 | loss 0.4945
15:25:49 INFO     Epoch 13/20 | step 4920 | loss 0.4125
15:25:49 INFO     Epoch 13/20 | step 4930 | loss 0.4345
15:25:49 INFO     Epoch 13/20 | step 4940 | loss 0.4767
15:25:50 INFO     Epoch 13/20 | step 4950 | loss 0.4765
15:25:50 INFO     Epoch 13/20 | step 4960 | loss 0.3635
15:25:50 INFO     Epoch 13/20 | step 4970 | loss 0.4814
15:25:51 INFO     Epoch 13/20 | step 4980 | loss 0.5227
15:25:51 INFO     Epoch 13/20 | step 4990 | loss 0.4121
15:25:51 INFO     Epoch 13/20 | step 5000 | loss 0.5379
15:25:51 INFO     Epoch 13/20 | step 5010 | loss 0.4610
15:25:52 INFO     Epoch 13/20 | step 5020 | loss 0.5482
15:25:52 INFO     Epoch 13/20 | step 5030 | loss 0.3760
15:25:52 INFO     Epoch 13/20 | step 5040 | loss 0.4450
15:25:53 INFO     Epoch 13/20 | step 5050 | loss 0.3893
15:25:53 INFO     Epoch 13/20 | step 5060 | loss 0.3879
15:25:53 INFO     Epoch 13/20 | step 5070 | loss 0.4138
15:25:54 INFO     Epoch 13/20 | step 5080 | loss 0.4832
15:25:54 INFO     Epoch 13/20 | step 5090 | loss 0.4004
15:25:54 INFO     Epoch 13/20 | step 5100 | loss 0.4333
15:25:55 INFO     Epoch 13/20 | step 5110 | loss 0.3875
15:25:55 INFO     Epoch 13/20 | step 5120 | loss 0.4845
15:25:55 INFO     Epoch 13/20 | step 5130 | loss 0.5743
15:25:55 INFO     Epoch 13/20 | step 5140 | loss 0.4515
15:25:56 INFO     Epoch 13/20 | step 5150 | loss 0.4673
15:25:56 INFO     Epoch 13/20 | step 5160 | loss 0.4626
15:25:56 INFO     Epoch 13/20 | step 5170 | loss 0.3643
15:25:57 INFO     Epoch 13/20 | step 5180 | loss 0.5463
15:25:57 INFO     Epoch 13/20 | step 5190 | loss 0.4352
15:25:57 INFO     Epoch 13/20 | step 5200 | loss 0.5288
15:25:58 INFO     Epoch 13/20 | step 5210 | loss 0.5043
15:25:58 INFO     Epoch 13/20 | step 5220 | loss 0.5109
15:25:58 INFO     Epoch 13/20 | step 5230 | loss 0.4233
15:25:58 INFO     Epoch 13/20 | step 5240 | loss 0.3982
15:25:59 INFO     Epoch 13/20 | step 5250 | loss 0.4217
15:25:59 INFO     Epoch 13/20 | step 5260 | loss 0.3537
15:25:59 INFO     Epoch 13/20 | step 5270 | loss 0.4483
15:26:00 INFO     Epoch 13/20 | step 5280 | loss 0.5112
15:26:00 INFO     Epoch 13/20 | step 5290 | loss 0.4936
15:26:00 INFO     Epoch 13/20 | step 5300 | loss 0.4238
15:26:01 INFO     Epoch 13/20 | step 5310 | loss 0.4401
15:26:01 INFO     Epoch 13/20 | step 5320 | loss 0.4307
15:26:01 INFO     Epoch 13/20 | step 5330 | loss 0.5301
15:26:01 INFO     Epoch 13/20 | step 5340 | loss 0.5083
15:26:02 INFO     Epoch 13/20 | step 5350 | loss 0.4579
15:26:02 INFO     Epoch 13/20 | step 5360 | loss 0.5467
15:26:02 INFO     Epoch 13/20 | step 5370 | loss 0.4350
15:26:03 INFO     Epoch 13/20 | step 5380 | loss 0.4499
15:26:03 INFO     Epoch 13/20 | step 5390 | loss 0.4259
15:26:03 INFO     Epoch 13/20 | step 5400 | loss 0.4200
15:26:04 INFO     Epoch 13/20 | step 5410 | loss 0.4889
15:26:04 INFO     Epoch 13/20 | step 5420 | loss 0.4592
15:26:04 INFO     Epoch 13/20 | step 5430 | loss 0.4782
15:26:04 INFO     Epoch 13/20 | step 5440 | loss 0.4488
15:26:05 INFO     Epoch 13/20 | step 5450 | loss 0.4344
15:26:05 INFO     Epoch 13/20 | step 5460 | loss 0.4042
15:26:05 INFO     Epoch 13/20 | step 5470 | loss 0.3855
15:26:06 INFO     Epoch 13/20 | step 5480 | loss 0.4648
15:26:06 INFO     Epoch 13/20 | step 5490 | loss 0.4473
15:26:06 INFO     Epoch 13/20 | step 5500 | loss 0.3977
15:26:07 INFO     Epoch 13/20 | step 5510 | loss 0.4559
15:26:07 INFO     Epoch 13/20 | step 5520 | loss 0.4185
15:26:07 INFO     Epoch 13/20 | step 5530 | loss 0.5294
15:26:08 INFO     Epoch 13/20 | step 5540 | loss 0.3460
15:26:08 INFO     Epoch 13/20 | step 5550 | loss 0.4120
15:26:08 INFO     Epoch 13/20 | step 5560 | loss 0.5803
15:26:08 INFO     Epoch 13/20 | step 5570 | loss 0.4884
15:26:09 INFO     Epoch 13/20 | step 5580 | loss 0.5032
15:26:09 INFO     Epoch 13/20 | step 5590 | loss 0.4018
15:26:09 INFO     Epoch 13/20 | step 5600 | loss 0.4239
15:26:10 INFO     Epoch 13/20 | step 5610 | loss 0.4175
15:26:10 INFO     Epoch 13/20 | step 5620 | loss 0.4744
15:26:10 INFO     Epoch 13/20 | step 5630 | loss 0.3953
15:26:11 INFO     Epoch 13/20 | step 5640 | loss 0.4062
15:26:11 INFO     Epoch 13/20 | step 5650 | loss 0.4349
15:26:11 INFO     Epoch 13/20 | avg loss 0.4556
15:26:11 INFO     Epoch 13/20 | new best loss 0.4556 — checkpoint saved
15:26:11 INFO     Epoch 14/20 | step   10 | loss 0.3746
15:26:12 INFO     Epoch 14/20 | step   20 | loss 0.4834
15:26:12 INFO     Epoch 14/20 | step   30 | loss 0.4257
15:26:12 INFO     Epoch 14/20 | step   40 | loss 0.3320
15:26:12 INFO     Epoch 14/20 | step   50 | loss 0.3948
15:26:13 INFO     Epoch 14/20 | step   60 | loss 0.4835
15:26:13 INFO     Epoch 14/20 | step   70 | loss 0.4378
15:26:13 INFO     Epoch 14/20 | step   80 | loss 0.5265
15:26:14 INFO     Epoch 14/20 | step   90 | loss 0.3628
15:26:14 INFO     Epoch 14/20 | step  100 | loss 0.4895
15:26:14 INFO     Epoch 14/20 | step  110 | loss 0.3894
15:26:15 INFO     Epoch 14/20 | step  120 | loss 0.4325
15:26:15 INFO     Epoch 14/20 | step  130 | loss 0.4469
15:26:15 INFO     Epoch 14/20 | step  140 | loss 0.4616
15:26:15 INFO     Epoch 14/20 | step  150 | loss 0.5429
15:26:16 INFO     Epoch 14/20 | step  160 | loss 0.5554
15:26:16 INFO     Epoch 14/20 | step  170 | loss 0.4159
15:26:16 INFO     Epoch 14/20 | step  180 | loss 0.3855
15:26:17 INFO     Epoch 14/20 | step  190 | loss 0.4140
15:26:17 INFO     Epoch 14/20 | step  200 | loss 0.5168
15:26:17 INFO     Epoch 14/20 | step  210 | loss 0.3661
15:26:18 INFO     Epoch 14/20 | step  220 | loss 0.3879
15:26:18 INFO     Epoch 14/20 | step  230 | loss 0.4475
15:26:18 INFO     Epoch 14/20 | step  240 | loss 0.3789
15:26:19 INFO     Epoch 14/20 | step  250 | loss 0.4248
15:26:19 INFO     Epoch 14/20 | step  260 | loss 0.4368
15:26:19 INFO     Epoch 14/20 | step  270 | loss 0.3944
15:26:19 INFO     Epoch 14/20 | step  280 | loss 0.3981
15:26:20 INFO     Epoch 14/20 | step  290 | loss 0.3448
15:26:20 INFO     Epoch 14/20 | step  300 | loss 0.4256
15:26:20 INFO     Epoch 14/20 | step  310 | loss 0.4632
15:26:21 INFO     Epoch 14/20 | step  320 | loss 0.3928
15:26:21 INFO     Epoch 14/20 | step  330 | loss 0.4323
15:26:21 INFO     Epoch 14/20 | step  340 | loss 0.4023
15:26:22 INFO     Epoch 14/20 | step  350 | loss 0.5530
15:26:22 INFO     Epoch 14/20 | step  360 | loss 0.4014
15:26:22 INFO     Epoch 14/20 | step  370 | loss 0.4969
15:26:22 INFO     Epoch 14/20 | step  380 | loss 0.3784
15:26:23 INFO     Epoch 14/20 | step  390 | loss 0.4186
15:26:23 INFO     Epoch 14/20 | step  400 | loss 0.4076
15:26:23 INFO     Epoch 14/20 | step  410 | loss 0.4630
15:26:24 INFO     Epoch 14/20 | step  420 | loss 0.6092
15:26:24 INFO     Epoch 14/20 | step  430 | loss 0.3572
15:26:24 INFO     Epoch 14/20 | step  440 | loss 0.4545
15:26:25 INFO     Epoch 14/20 | step  450 | loss 0.3840
15:26:25 INFO     Epoch 14/20 | step  460 | loss 0.4285
15:26:25 INFO     Epoch 14/20 | step  470 | loss 0.4460
15:26:25 INFO     Epoch 14/20 | step  480 | loss 0.4341
15:26:26 INFO     Epoch 14/20 | step  490 | loss 0.4399
15:26:26 INFO     Epoch 14/20 | step  500 | loss 0.4811
15:26:26 INFO     Epoch 14/20 | step  510 | loss 0.3844
15:26:27 INFO     Epoch 14/20 | step  520 | loss 0.3324
15:26:27 INFO     Epoch 14/20 | step  530 | loss 0.4681
15:26:27 INFO     Epoch 14/20 | step  540 | loss 0.5632
15:26:28 INFO     Epoch 14/20 | step  550 | loss 0.5037
15:26:28 INFO     Epoch 14/20 | step  560 | loss 0.3644
15:26:28 INFO     Epoch 14/20 | step  570 | loss 0.4187
15:26:28 INFO     Epoch 14/20 | step  580 | loss 0.4610
15:26:29 INFO     Epoch 14/20 | step  590 | loss 0.5063
15:26:29 INFO     Epoch 14/20 | step  600 | loss 0.4694
15:26:29 INFO     Epoch 14/20 | step  610 | loss 0.4127
15:26:30 INFO     Epoch 14/20 | step  620 | loss 0.5712
15:26:30 INFO     Epoch 14/20 | step  630 | loss 0.4468
15:26:30 INFO     Epoch 14/20 | step  640 | loss 0.4520
15:26:31 INFO     Epoch 14/20 | step  650 | loss 0.4948
15:26:31 INFO     Epoch 14/20 | step  660 | loss 0.4080
15:26:31 INFO     Epoch 14/20 | step  670 | loss 0.4541
15:26:31 INFO     Epoch 14/20 | step  680 | loss 0.4032
15:26:32 INFO     Epoch 14/20 | step  690 | loss 0.4486
15:26:32 INFO     Epoch 14/20 | step  700 | loss 0.4902
15:26:32 INFO     Epoch 14/20 | step  710 | loss 0.4379
15:26:33 INFO     Epoch 14/20 | step  720 | loss 0.4211
15:26:33 INFO     Epoch 14/20 | step  730 | loss 0.3489
15:26:33 INFO     Epoch 14/20 | step  740 | loss 0.5317
15:26:34 INFO     Epoch 14/20 | step  750 | loss 0.5529
15:26:34 INFO     Epoch 14/20 | step  760 | loss 0.4735
15:26:34 INFO     Epoch 14/20 | step  770 | loss 0.4016
15:26:35 INFO     Epoch 14/20 | step  780 | loss 0.4730
15:26:35 INFO     Epoch 14/20 | step  790 | loss 0.4230
15:26:35 INFO     Epoch 14/20 | step  800 | loss 0.3857
15:26:35 INFO     Epoch 14/20 | step  810 | loss 0.4698
15:26:36 INFO     Epoch 14/20 | step  820 | loss 0.4309
15:26:36 INFO     Epoch 14/20 | step  830 | loss 0.3798
15:26:36 INFO     Epoch 14/20 | step  840 | loss 0.5060
15:26:37 INFO     Epoch 14/20 | step  850 | loss 0.4220
15:26:37 INFO     Epoch 14/20 | step  860 | loss 0.4896
15:26:37 INFO     Epoch 14/20 | step  870 | loss 0.4063
15:26:38 INFO     Epoch 14/20 | step  880 | loss 0.4255
15:26:38 INFO     Epoch 14/20 | step  890 | loss 0.4505
15:26:38 INFO     Epoch 14/20 | step  900 | loss 0.5131
15:26:38 INFO     Epoch 14/20 | step  910 | loss 0.4055
15:26:39 INFO     Epoch 14/20 | step  920 | loss 0.3966
15:26:39 INFO     Epoch 14/20 | step  930 | loss 0.5293
15:26:39 INFO     Epoch 14/20 | step  940 | loss 0.4641
15:26:40 INFO     Epoch 14/20 | step  950 | loss 0.4740
15:26:40 INFO     Epoch 14/20 | step  960 | loss 0.4387
15:26:40 INFO     Epoch 14/20 | step  970 | loss 0.4612
15:26:41 INFO     Epoch 14/20 | step  980 | loss 0.4647
15:26:41 INFO     Epoch 14/20 | step  990 | loss 0.4030
15:26:41 INFO     Epoch 14/20 | step 1000 | loss 0.3819
15:26:41 INFO     Epoch 14/20 | step 1010 | loss 0.4163
15:26:42 INFO     Epoch 14/20 | step 1020 | loss 0.4480
15:26:42 INFO     Epoch 14/20 | step 1030 | loss 0.3919
15:26:42 INFO     Epoch 14/20 | step 1040 | loss 0.5005
15:26:43 INFO     Epoch 14/20 | step 1050 | loss 0.4882
15:26:43 INFO     Epoch 14/20 | step 1060 | loss 0.5619
15:26:43 INFO     Epoch 14/20 | step 1070 | loss 0.4695
15:26:44 INFO     Epoch 14/20 | step 1080 | loss 0.4863
15:26:44 INFO     Epoch 14/20 | step 1090 | loss 0.3714
15:26:44 INFO     Epoch 14/20 | step 1100 | loss 0.4372
15:26:44 INFO     Epoch 14/20 | step 1110 | loss 0.4112
15:26:45 INFO     Epoch 14/20 | step 1120 | loss 0.4568
15:26:45 INFO     Epoch 14/20 | step 1130 | loss 0.4840
15:26:45 INFO     Epoch 14/20 | step 1140 | loss 0.4408
15:26:46 INFO     Epoch 14/20 | step 1150 | loss 0.3586
15:26:46 INFO     Epoch 14/20 | step 1160 | loss 0.3875
15:26:46 INFO     Epoch 14/20 | step 1170 | loss 0.3998
15:26:47 INFO     Epoch 14/20 | step 1180 | loss 0.4556
15:26:47 INFO     Epoch 14/20 | step 1190 | loss 0.4137
15:26:47 INFO     Epoch 14/20 | step 1200 | loss 0.4550
15:26:48 INFO     Epoch 14/20 | step 1210 | loss 0.4559
15:26:48 INFO     Epoch 14/20 | step 1220 | loss 0.4396
15:26:48 INFO     Epoch 14/20 | step 1230 | loss 0.4335
15:26:48 INFO     Epoch 14/20 | step 1240 | loss 0.4294
15:26:49 INFO     Epoch 14/20 | step 1250 | loss 0.5065
15:26:49 INFO     Epoch 14/20 | step 1260 | loss 0.4003
15:26:49 INFO     Epoch 14/20 | step 1270 | loss 0.4392
15:26:50 INFO     Epoch 14/20 | step 1280 | loss 0.5376
15:26:50 INFO     Epoch 14/20 | step 1290 | loss 0.4366
15:26:50 INFO     Epoch 14/20 | step 1300 | loss 0.3932
15:26:51 INFO     Epoch 14/20 | step 1310 | loss 0.4287
15:26:51 INFO     Epoch 14/20 | step 1320 | loss 0.3737
15:26:51 INFO     Epoch 14/20 | step 1330 | loss 0.4307
15:26:51 INFO     Epoch 14/20 | step 1340 | loss 0.4291
15:26:52 INFO     Epoch 14/20 | step 1350 | loss 0.3249
15:26:52 INFO     Epoch 14/20 | step 1360 | loss 0.4427
15:26:52 INFO     Epoch 14/20 | step 1370 | loss 0.4650
15:26:53 INFO     Epoch 14/20 | step 1380 | loss 0.4759
15:26:53 INFO     Epoch 14/20 | step 1390 | loss 0.4562
15:26:53 INFO     Epoch 14/20 | step 1400 | loss 0.4759
15:26:54 INFO     Epoch 14/20 | step 1410 | loss 0.4311
15:26:54 INFO     Epoch 14/20 | step 1420 | loss 0.5047
15:26:54 INFO     Epoch 14/20 | step 1430 | loss 0.4447
15:26:54 INFO     Epoch 14/20 | step 1440 | loss 0.4464
15:26:55 INFO     Epoch 14/20 | step 1450 | loss 0.4292
15:26:55 INFO     Epoch 14/20 | step 1460 | loss 0.3363
15:26:55 INFO     Epoch 14/20 | step 1470 | loss 0.4234
15:26:56 INFO     Epoch 14/20 | step 1480 | loss 0.4231
15:26:56 INFO     Epoch 14/20 | step 1490 | loss 0.4940
15:26:56 INFO     Epoch 14/20 | step 1500 | loss 0.4167
15:26:57 INFO     Epoch 14/20 | step 1510 | loss 0.3799
15:26:57 INFO     Epoch 14/20 | step 1520 | loss 0.4424
15:26:57 INFO     Epoch 14/20 | step 1530 | loss 0.5269
15:26:57 INFO     Epoch 14/20 | step 1540 | loss 0.4101
15:26:58 INFO     Epoch 14/20 | step 1550 | loss 0.4003
15:26:58 INFO     Epoch 14/20 | step 1560 | loss 0.4898
15:26:58 INFO     Epoch 14/20 | step 1570 | loss 0.4266
15:26:59 INFO     Epoch 14/20 | step 1580 | loss 0.4856
15:26:59 INFO     Epoch 14/20 | step 1590 | loss 0.4625
15:26:59 INFO     Epoch 14/20 | step 1600 | loss 0.4152
15:27:00 INFO     Epoch 14/20 | step 1610 | loss 0.5025
15:27:00 INFO     Epoch 14/20 | step 1620 | loss 0.4359
15:27:00 INFO     Epoch 14/20 | step 1630 | loss 0.5046
15:27:00 INFO     Epoch 14/20 | step 1640 | loss 0.3592
15:27:01 INFO     Epoch 14/20 | step 1650 | loss 0.4092
15:27:01 INFO     Epoch 14/20 | step 1660 | loss 0.4366
15:27:01 INFO     Epoch 14/20 | step 1670 | loss 0.4802
15:27:02 INFO     Epoch 14/20 | step 1680 | loss 0.4520
15:27:02 INFO     Epoch 14/20 | step 1690 | loss 0.4529
15:27:02 INFO     Epoch 14/20 | step 1700 | loss 0.4085
15:27:03 INFO     Epoch 14/20 | step 1710 | loss 0.4835
15:27:03 INFO     Epoch 14/20 | step 1720 | loss 0.3559
15:27:03 INFO     Epoch 14/20 | step 1730 | loss 0.5160
15:27:04 INFO     Epoch 14/20 | step 1740 | loss 0.4422
15:27:04 INFO     Epoch 14/20 | step 1750 | loss 0.4837
15:27:04 INFO     Epoch 14/20 | step 1760 | loss 0.4505
15:27:04 INFO     Epoch 14/20 | step 1770 | loss 0.4167
15:27:05 INFO     Epoch 14/20 | step 1780 | loss 0.4632
15:27:05 INFO     Epoch 14/20 | step 1790 | loss 0.4249
15:27:05 INFO     Epoch 14/20 | step 1800 | loss 0.3828
15:27:06 INFO     Epoch 14/20 | step 1810 | loss 0.5069
15:27:06 INFO     Epoch 14/20 | step 1820 | loss 0.3784
15:27:06 INFO     Epoch 14/20 | step 1830 | loss 0.4554
15:27:07 INFO     Epoch 14/20 | step 1840 | loss 0.5956
15:27:07 INFO     Epoch 14/20 | step 1850 | loss 0.4735
15:27:07 INFO     Epoch 14/20 | step 1860 | loss 0.4989
15:27:07 INFO     Epoch 14/20 | step 1870 | loss 0.4012
15:27:08 INFO     Epoch 14/20 | step 1880 | loss 0.4783
15:27:08 INFO     Epoch 14/20 | step 1890 | loss 0.4272
15:27:08 INFO     Epoch 14/20 | step 1900 | loss 0.4597
15:27:09 INFO     Epoch 14/20 | step 1910 | loss 0.3861
15:27:09 INFO     Epoch 14/20 | step 1920 | loss 0.4404
15:27:09 INFO     Epoch 14/20 | step 1930 | loss 0.3767
15:27:10 INFO     Epoch 14/20 | step 1940 | loss 0.3996
15:27:10 INFO     Epoch 14/20 | step 1950 | loss 0.4237
15:27:10 INFO     Epoch 14/20 | step 1960 | loss 0.4634
15:27:10 INFO     Epoch 14/20 | step 1970 | loss 0.3664
15:27:11 INFO     Epoch 14/20 | step 1980 | loss 0.3388
15:27:11 INFO     Epoch 14/20 | step 1990 | loss 0.3990
15:27:11 INFO     Epoch 14/20 | step 2000 | loss 0.4046
15:27:12 INFO     Epoch 14/20 | step 2010 | loss 0.4600
15:27:12 INFO     Epoch 14/20 | step 2020 | loss 0.4321
15:27:12 INFO     Epoch 14/20 | step 2030 | loss 0.4213
15:27:13 INFO     Epoch 14/20 | step 2040 | loss 0.4712
15:27:13 INFO     Epoch 14/20 | step 2050 | loss 0.4652
15:27:13 INFO     Epoch 14/20 | step 2060 | loss 0.5387
15:27:13 INFO     Epoch 14/20 | step 2070 | loss 0.4305
15:27:14 INFO     Epoch 14/20 | step 2080 | loss 0.4269
15:27:14 INFO     Epoch 14/20 | step 2090 | loss 0.5284
15:27:14 INFO     Epoch 14/20 | step 2100 | loss 0.5454
15:27:15 INFO     Epoch 14/20 | step 2110 | loss 0.4592
15:27:15 INFO     Epoch 14/20 | step 2120 | loss 0.4428
15:27:15 INFO     Epoch 14/20 | step 2130 | loss 0.4302
15:27:16 INFO     Epoch 14/20 | step 2140 | loss 0.4736
15:27:16 INFO     Epoch 14/20 | step 2150 | loss 0.3752
15:27:16 INFO     Epoch 14/20 | step 2160 | loss 0.4996
15:27:16 INFO     Epoch 14/20 | step 2170 | loss 0.4167
15:27:17 INFO     Epoch 14/20 | step 2180 | loss 0.5472
15:27:17 INFO     Epoch 14/20 | step 2190 | loss 0.5069
15:27:17 INFO     Epoch 14/20 | step 2200 | loss 0.4612
15:27:18 INFO     Epoch 14/20 | step 2210 | loss 0.4506
15:27:18 INFO     Epoch 14/20 | step 2220 | loss 0.5177
15:27:18 INFO     Epoch 14/20 | step 2230 | loss 0.4432
15:27:19 INFO     Epoch 14/20 | step 2240 | loss 0.3549
15:27:19 INFO     Epoch 14/20 | step 2250 | loss 0.4072
15:27:19 INFO     Epoch 14/20 | step 2260 | loss 0.5447
15:27:20 INFO     Epoch 14/20 | step 2270 | loss 0.4694
15:27:20 INFO     Epoch 14/20 | step 2280 | loss 0.4571
15:27:20 INFO     Epoch 14/20 | step 2290 | loss 0.4526
15:27:20 INFO     Epoch 14/20 | step 2300 | loss 0.3544
15:27:21 INFO     Epoch 14/20 | step 2310 | loss 0.4309
15:27:21 INFO     Epoch 14/20 | step 2320 | loss 0.3947
15:27:21 INFO     Epoch 14/20 | step 2330 | loss 0.3514
15:27:22 INFO     Epoch 14/20 | step 2340 | loss 0.4216
15:27:22 INFO     Epoch 14/20 | step 2350 | loss 0.4248
15:27:22 INFO     Epoch 14/20 | step 2360 | loss 0.4367
15:27:23 INFO     Epoch 14/20 | step 2370 | loss 0.5163
15:27:23 INFO     Epoch 14/20 | step 2380 | loss 0.4881
15:27:23 INFO     Epoch 14/20 | step 2390 | loss 0.4477
15:27:23 INFO     Epoch 14/20 | step 2400 | loss 0.5751
15:27:24 INFO     Epoch 14/20 | step 2410 | loss 0.3917
15:27:24 INFO     Epoch 14/20 | step 2420 | loss 0.3537
15:27:24 INFO     Epoch 14/20 | step 2430 | loss 0.4444
15:27:25 INFO     Epoch 14/20 | step 2440 | loss 0.3842
15:27:25 INFO     Epoch 14/20 | step 2450 | loss 0.4646
15:27:25 INFO     Epoch 14/20 | step 2460 | loss 0.4792
15:27:26 INFO     Epoch 14/20 | step 2470 | loss 0.4404
15:27:26 INFO     Epoch 14/20 | step 2480 | loss 0.4730
15:27:26 INFO     Epoch 14/20 | step 2490 | loss 0.4006
15:27:26 INFO     Epoch 14/20 | step 2500 | loss 0.4839
15:27:27 INFO     Epoch 14/20 | step 2510 | loss 0.4826
15:27:27 INFO     Epoch 14/20 | step 2520 | loss 0.4675
15:27:27 INFO     Epoch 14/20 | step 2530 | loss 0.4290
15:27:28 INFO     Epoch 14/20 | step 2540 | loss 0.4812
15:27:28 INFO     Epoch 14/20 | step 2550 | loss 0.4454
15:27:28 INFO     Epoch 14/20 | step 2560 | loss 0.3880
15:27:29 INFO     Epoch 14/20 | step 2570 | loss 0.4845
15:27:29 INFO     Epoch 14/20 | step 2580 | loss 0.3849
15:27:29 INFO     Epoch 14/20 | step 2590 | loss 0.4717
15:27:30 INFO     Epoch 14/20 | step 2600 | loss 0.4464
15:27:30 INFO     Epoch 14/20 | step 2610 | loss 0.4017
15:27:30 INFO     Epoch 14/20 | step 2620 | loss 0.4337
15:27:30 INFO     Epoch 14/20 | step 2630 | loss 0.3299
15:27:31 INFO     Epoch 14/20 | step 2640 | loss 0.4683
15:27:31 INFO     Epoch 14/20 | step 2650 | loss 0.5144
15:27:31 INFO     Epoch 14/20 | step 2660 | loss 0.4551
15:27:32 INFO     Epoch 14/20 | step 2670 | loss 0.4043
15:27:32 INFO     Epoch 14/20 | step 2680 | loss 0.4322
15:27:32 INFO     Epoch 14/20 | step 2690 | loss 0.5341
15:27:33 INFO     Epoch 14/20 | step 2700 | loss 0.4562
15:27:33 INFO     Epoch 14/20 | step 2710 | loss 0.4345
15:27:33 INFO     Epoch 14/20 | step 2720 | loss 0.4116
15:27:33 INFO     Epoch 14/20 | step 2730 | loss 0.4446
15:27:34 INFO     Epoch 14/20 | step 2740 | loss 0.4529
15:27:34 INFO     Epoch 14/20 | step 2750 | loss 0.3855
15:27:34 INFO     Epoch 14/20 | step 2760 | loss 0.4408
15:27:35 INFO     Epoch 14/20 | step 2770 | loss 0.4220
15:27:35 INFO     Epoch 14/20 | step 2780 | loss 0.3641
15:27:35 INFO     Epoch 14/20 | step 2790 | loss 0.3458
15:27:36 INFO     Epoch 14/20 | step 2800 | loss 0.4778
15:27:36 INFO     Epoch 14/20 | step 2810 | loss 0.4971
15:27:36 INFO     Epoch 14/20 | step 2820 | loss 0.4138
15:27:36 INFO     Epoch 14/20 | step 2830 | loss 0.4562
15:27:37 INFO     Epoch 14/20 | step 2840 | loss 0.4823
15:27:37 INFO     Epoch 14/20 | step 2850 | loss 0.4392
15:27:37 INFO     Epoch 14/20 | step 2860 | loss 0.6687
15:27:38 INFO     Epoch 14/20 | step 2870 | loss 0.3916
15:27:38 INFO     Epoch 14/20 | step 2880 | loss 0.4414
15:27:38 INFO     Epoch 14/20 | step 2890 | loss 0.4260
15:27:39 INFO     Epoch 14/20 | step 2900 | loss 0.3493
15:27:39 INFO     Epoch 14/20 | step 2910 | loss 0.5091
15:27:39 INFO     Epoch 14/20 | step 2920 | loss 0.4029
15:27:39 INFO     Epoch 14/20 | step 2930 | loss 0.4789
15:27:40 INFO     Epoch 14/20 | step 2940 | loss 0.3743
15:27:40 INFO     Epoch 14/20 | step 2950 | loss 0.3740
15:27:40 INFO     Epoch 14/20 | step 2960 | loss 0.4167
15:27:41 INFO     Epoch 14/20 | step 2970 | loss 0.4894
15:27:41 INFO     Epoch 14/20 | step 2980 | loss 0.3273
15:27:41 INFO     Epoch 14/20 | step 2990 | loss 0.4300
15:27:42 INFO     Epoch 14/20 | step 3000 | loss 0.4121
15:27:42 INFO     Epoch 14/20 | step 3010 | loss 0.4418
15:27:42 INFO     Epoch 14/20 | step 3020 | loss 0.4351
15:27:42 INFO     Epoch 14/20 | step 3030 | loss 0.4577
15:27:43 INFO     Epoch 14/20 | step 3040 | loss 0.3738
15:27:43 INFO     Epoch 14/20 | step 3050 | loss 0.3945
15:27:43 INFO     Epoch 14/20 | step 3060 | loss 0.4715
15:27:44 INFO     Epoch 14/20 | step 3070 | loss 0.3635
15:27:44 INFO     Epoch 14/20 | step 3080 | loss 0.4489
15:27:44 INFO     Epoch 14/20 | step 3090 | loss 0.4290
15:27:45 INFO     Epoch 14/20 | step 3100 | loss 0.3365
15:27:45 INFO     Epoch 14/20 | step 3110 | loss 0.3332
15:27:45 INFO     Epoch 14/20 | step 3120 | loss 0.4655
15:27:46 INFO     Epoch 14/20 | step 3130 | loss 0.4744
15:27:46 INFO     Epoch 14/20 | step 3140 | loss 0.4878
15:27:46 INFO     Epoch 14/20 | step 3150 | loss 0.3899
15:27:46 INFO     Epoch 14/20 | step 3160 | loss 0.4576
15:27:47 INFO     Epoch 14/20 | step 3170 | loss 0.4886
15:27:47 INFO     Epoch 14/20 | step 3180 | loss 0.4714
15:27:47 INFO     Epoch 14/20 | step 3190 | loss 0.4810
15:27:48 INFO     Epoch 14/20 | step 3200 | loss 0.4066
15:27:48 INFO     Epoch 14/20 | step 3210 | loss 0.3771
15:27:48 INFO     Epoch 14/20 | step 3220 | loss 0.4298
15:27:49 INFO     Epoch 14/20 | step 3230 | loss 0.4169
15:27:49 INFO     Epoch 14/20 | step 3240 | loss 0.3348
15:27:49 INFO     Epoch 14/20 | step 3250 | loss 0.5342
15:27:49 INFO     Epoch 14/20 | step 3260 | loss 0.4721
15:27:50 INFO     Epoch 14/20 | step 3270 | loss 0.4301
15:27:50 INFO     Epoch 14/20 | step 3280 | loss 0.3856
15:27:50 INFO     Epoch 14/20 | step 3290 | loss 0.4496
15:27:51 INFO     Epoch 14/20 | step 3300 | loss 0.4586
15:27:51 INFO     Epoch 14/20 | step 3310 | loss 0.4565
15:27:51 INFO     Epoch 14/20 | step 3320 | loss 0.4378
15:27:52 INFO     Epoch 14/20 | step 3330 | loss 0.4375
15:27:52 INFO     Epoch 14/20 | step 3340 | loss 0.4124
15:27:52 INFO     Epoch 14/20 | step 3350 | loss 0.5004
15:27:52 INFO     Epoch 14/20 | step 3360 | loss 0.5460
15:27:53 INFO     Epoch 14/20 | step 3370 | loss 0.3669
15:27:53 INFO     Epoch 14/20 | step 3380 | loss 0.4275
15:27:53 INFO     Epoch 14/20 | step 3390 | loss 0.4484
15:27:54 INFO     Epoch 14/20 | step 3400 | loss 0.4447
15:27:54 INFO     Epoch 14/20 | step 3410 | loss 0.3945
15:27:54 INFO     Epoch 14/20 | step 3420 | loss 0.4889
15:27:55 INFO     Epoch 14/20 | step 3430 | loss 0.4161
15:27:55 INFO     Epoch 14/20 | step 3440 | loss 0.3855
15:27:55 INFO     Epoch 14/20 | step 3450 | loss 0.3935
15:27:55 INFO     Epoch 14/20 | step 3460 | loss 0.4681
15:27:56 INFO     Epoch 14/20 | step 3470 | loss 0.4018
15:27:56 INFO     Epoch 14/20 | step 3480 | loss 0.4295
15:27:56 INFO     Epoch 14/20 | step 3490 | loss 0.4262
15:27:57 INFO     Epoch 14/20 | step 3500 | loss 0.4093
15:27:57 INFO     Epoch 14/20 | step 3510 | loss 0.4354
15:27:57 INFO     Epoch 14/20 | step 3520 | loss 0.3496
15:27:58 INFO     Epoch 14/20 | step 3530 | loss 0.5024
15:27:58 INFO     Epoch 14/20 | step 3540 | loss 0.3699
15:27:58 INFO     Epoch 14/20 | step 3550 | loss 0.4419
15:27:58 INFO     Epoch 14/20 | step 3560 | loss 0.4879
15:27:59 INFO     Epoch 14/20 | step 3570 | loss 0.3721
15:27:59 INFO     Epoch 14/20 | step 3580 | loss 0.3535
15:27:59 INFO     Epoch 14/20 | step 3590 | loss 0.4717
15:28:00 INFO     Epoch 14/20 | step 3600 | loss 0.3902
15:28:00 INFO     Epoch 14/20 | step 3610 | loss 0.4027
15:28:00 INFO     Epoch 14/20 | step 3620 | loss 0.4044
15:28:01 INFO     Epoch 14/20 | step 3630 | loss 0.4274
15:28:01 INFO     Epoch 14/20 | step 3640 | loss 0.4473
15:28:01 INFO     Epoch 14/20 | step 3650 | loss 0.4055
15:28:02 INFO     Epoch 14/20 | step 3660 | loss 0.4160
15:28:02 INFO     Epoch 14/20 | step 3670 | loss 0.3695
15:28:02 INFO     Epoch 14/20 | step 3680 | loss 0.3797
15:28:02 INFO     Epoch 14/20 | step 3690 | loss 0.4555
15:28:03 INFO     Epoch 14/20 | step 3700 | loss 0.5179
15:28:03 INFO     Epoch 14/20 | step 3710 | loss 0.4404
15:28:03 INFO     Epoch 14/20 | step 3720 | loss 0.4538
15:28:04 INFO     Epoch 14/20 | step 3730 | loss 0.3602
15:28:04 INFO     Epoch 14/20 | step 3740 | loss 0.5320
15:28:04 INFO     Epoch 14/20 | step 3750 | loss 0.3792
15:28:05 INFO     Epoch 14/20 | step 3760 | loss 0.5115
15:28:05 INFO     Epoch 14/20 | step 3770 | loss 0.4080
15:28:05 INFO     Epoch 14/20 | step 3780 | loss 0.3719
15:28:05 INFO     Epoch 14/20 | step 3790 | loss 0.3957
15:28:06 INFO     Epoch 14/20 | step 3800 | loss 0.4477
15:28:06 INFO     Epoch 14/20 | step 3810 | loss 0.4937
15:28:06 INFO     Epoch 14/20 | step 3820 | loss 0.5095
15:28:07 INFO     Epoch 14/20 | step 3830 | loss 0.4904
15:28:07 INFO     Epoch 14/20 | step 3840 | loss 0.3990
15:28:07 INFO     Epoch 14/20 | step 3850 | loss 0.4729
15:28:08 INFO     Epoch 14/20 | step 3860 | loss 0.3945
15:28:08 INFO     Epoch 14/20 | step 3870 | loss 0.4155
15:28:08 INFO     Epoch 14/20 | step 3880 | loss 0.3744
15:28:08 INFO     Epoch 14/20 | step 3890 | loss 0.4618
15:28:09 INFO     Epoch 14/20 | step 3900 | loss 0.4998
15:28:09 INFO     Epoch 14/20 | step 3910 | loss 0.4861
15:28:09 INFO     Epoch 14/20 | step 3920 | loss 0.4136
15:28:10 INFO     Epoch 14/20 | step 3930 | loss 0.4989
15:28:10 INFO     Epoch 14/20 | step 3940 | loss 0.4183
15:28:10 INFO     Epoch 14/20 | step 3950 | loss 0.4021
15:28:11 INFO     Epoch 14/20 | step 3960 | loss 0.5145
15:28:11 INFO     Epoch 14/20 | step 3970 | loss 0.4426
15:28:11 INFO     Epoch 14/20 | step 3980 | loss 0.3981
15:28:11 INFO     Epoch 14/20 | step 3990 | loss 0.3879
15:28:12 INFO     Epoch 14/20 | step 4000 | loss 0.4088
15:28:12 INFO     Epoch 14/20 | step 4010 | loss 0.4958
15:28:12 INFO     Epoch 14/20 | step 4020 | loss 0.4581
15:28:13 INFO     Epoch 14/20 | step 4030 | loss 0.3699
15:28:13 INFO     Epoch 14/20 | step 4040 | loss 0.4630
15:28:13 INFO     Epoch 14/20 | step 4050 | loss 0.4482
15:28:14 INFO     Epoch 14/20 | step 4060 | loss 0.4913
15:28:14 INFO     Epoch 14/20 | step 4070 | loss 0.4387
15:28:14 INFO     Epoch 14/20 | step 4080 | loss 0.4838
15:28:15 INFO     Epoch 14/20 | step 4090 | loss 0.4349
15:28:15 INFO     Epoch 14/20 | step 4100 | loss 0.4142
15:28:15 INFO     Epoch 14/20 | step 4110 | loss 0.5085
15:28:15 INFO     Epoch 14/20 | step 4120 | loss 0.4132
15:28:16 INFO     Epoch 14/20 | step 4130 | loss 0.4269
15:28:16 INFO     Epoch 14/20 | step 4140 | loss 0.4140
15:28:16 INFO     Epoch 14/20 | step 4150 | loss 0.4651
15:28:17 INFO     Epoch 14/20 | step 4160 | loss 0.5269
15:28:17 INFO     Epoch 14/20 | step 4170 | loss 0.4279
15:28:17 INFO     Epoch 14/20 | step 4180 | loss 0.5134
15:28:18 INFO     Epoch 14/20 | step 4190 | loss 0.4729
15:28:18 INFO     Epoch 14/20 | step 4200 | loss 0.4693
15:28:18 INFO     Epoch 14/20 | step 4210 | loss 0.4208
15:28:18 INFO     Epoch 14/20 | step 4220 | loss 0.4398
15:28:19 INFO     Epoch 14/20 | step 4230 | loss 0.4223
15:28:19 INFO     Epoch 14/20 | step 4240 | loss 0.4580
15:28:19 INFO     Epoch 14/20 | step 4250 | loss 0.3921
15:28:20 INFO     Epoch 14/20 | step 4260 | loss 0.4592
15:28:20 INFO     Epoch 14/20 | step 4270 | loss 0.5145
15:28:20 INFO     Epoch 14/20 | step 4280 | loss 0.4391
15:28:21 INFO     Epoch 14/20 | step 4290 | loss 0.4042
15:28:21 INFO     Epoch 14/20 | step 4300 | loss 0.4308
15:28:21 INFO     Epoch 14/20 | step 4310 | loss 0.3584
15:28:21 INFO     Epoch 14/20 | step 4320 | loss 0.3907
15:28:22 INFO     Epoch 14/20 | step 4330 | loss 0.4326
15:28:22 INFO     Epoch 14/20 | step 4340 | loss 0.4756
15:28:22 INFO     Epoch 14/20 | step 4350 | loss 0.4222
15:28:23 INFO     Epoch 14/20 | step 4360 | loss 0.4784
15:28:23 INFO     Epoch 14/20 | step 4370 | loss 0.3732
15:28:23 INFO     Epoch 14/20 | step 4380 | loss 0.4363
15:28:24 INFO     Epoch 14/20 | step 4390 | loss 0.4227
15:28:24 INFO     Epoch 14/20 | step 4400 | loss 0.3930
15:28:24 INFO     Epoch 14/20 | step 4410 | loss 0.4095
15:28:24 INFO     Epoch 14/20 | step 4420 | loss 0.4954
15:28:25 INFO     Epoch 14/20 | step 4430 | loss 0.4263
15:28:25 INFO     Epoch 14/20 | step 4440 | loss 0.5196
15:28:25 INFO     Epoch 14/20 | step 4450 | loss 0.4546
15:28:26 INFO     Epoch 14/20 | step 4460 | loss 0.4788
15:28:26 INFO     Epoch 14/20 | step 4470 | loss 0.5097
15:28:26 INFO     Epoch 14/20 | step 4480 | loss 0.4387
15:28:27 INFO     Epoch 14/20 | step 4490 | loss 0.5025
15:28:27 INFO     Epoch 14/20 | step 4500 | loss 0.3997
15:28:27 INFO     Epoch 14/20 | step 4510 | loss 0.5014
15:28:27 INFO     Epoch 14/20 | step 4520 | loss 0.4086
15:28:28 INFO     Epoch 14/20 | step 4530 | loss 0.4030
15:28:28 INFO     Epoch 14/20 | step 4540 | loss 0.5183
15:28:28 INFO     Epoch 14/20 | step 4550 | loss 0.4813
15:28:29 INFO     Epoch 14/20 | step 4560 | loss 0.3619
15:28:29 INFO     Epoch 14/20 | step 4570 | loss 0.4183
15:28:29 INFO     Epoch 14/20 | step 4580 | loss 0.4340
15:28:30 INFO     Epoch 14/20 | step 4590 | loss 0.4782
15:28:30 INFO     Epoch 14/20 | step 4600 | loss 0.3729
15:28:30 INFO     Epoch 14/20 | step 4610 | loss 0.4376
15:28:31 INFO     Epoch 14/20 | step 4620 | loss 0.4136
15:28:31 INFO     Epoch 14/20 | step 4630 | loss 0.3964
15:28:31 INFO     Epoch 14/20 | step 4640 | loss 0.4572
15:28:31 INFO     Epoch 14/20 | step 4650 | loss 0.4514
15:28:32 INFO     Epoch 14/20 | step 4660 | loss 0.3626
15:28:32 INFO     Epoch 14/20 | step 4670 | loss 0.4333
15:28:32 INFO     Epoch 14/20 | step 4680 | loss 0.4325
15:28:33 INFO     Epoch 14/20 | step 4690 | loss 0.4778
15:28:33 INFO     Epoch 14/20 | step 4700 | loss 0.3981
15:28:33 INFO     Epoch 14/20 | step 4710 | loss 0.4107
15:28:34 INFO     Epoch 14/20 | step 4720 | loss 0.4609
15:28:34 INFO     Epoch 14/20 | step 4730 | loss 0.4420
15:28:34 INFO     Epoch 14/20 | step 4740 | loss 0.4214
15:28:34 INFO     Epoch 14/20 | step 4750 | loss 0.3809
15:28:35 INFO     Epoch 14/20 | step 4760 | loss 0.5031
15:28:35 INFO     Epoch 14/20 | step 4770 | loss 0.4824
15:28:35 INFO     Epoch 14/20 | step 4780 | loss 0.4773
15:28:36 INFO     Epoch 14/20 | step 4790 | loss 0.5042
15:28:36 INFO     Epoch 14/20 | step 4800 | loss 0.4128
15:28:36 INFO     Epoch 14/20 | step 4810 | loss 0.4599
15:28:37 INFO     Epoch 14/20 | step 4820 | loss 0.4696
15:28:37 INFO     Epoch 14/20 | step 4830 | loss 0.3943
15:28:37 INFO     Epoch 14/20 | step 4840 | loss 0.5099
15:28:37 INFO     Epoch 14/20 | step 4850 | loss 0.4285
15:28:38 INFO     Epoch 14/20 | step 4860 | loss 0.4403
15:28:38 INFO     Epoch 14/20 | step 4870 | loss 0.4993
15:28:38 INFO     Epoch 14/20 | step 4880 | loss 0.4596
15:28:39 INFO     Epoch 14/20 | step 4890 | loss 0.4550
15:28:39 INFO     Epoch 14/20 | step 4900 | loss 0.4830
15:28:39 INFO     Epoch 14/20 | step 4910 | loss 0.5112
15:28:40 INFO     Epoch 14/20 | step 4920 | loss 0.3691
15:28:40 INFO     Epoch 14/20 | step 4930 | loss 0.3895
15:28:40 INFO     Epoch 14/20 | step 4940 | loss 0.3679
15:28:40 INFO     Epoch 14/20 | step 4950 | loss 0.4011
15:28:41 INFO     Epoch 14/20 | step 4960 | loss 0.4564
15:28:41 INFO     Epoch 14/20 | step 4970 | loss 0.3719
15:28:41 INFO     Epoch 14/20 | step 4980 | loss 0.4130
15:28:42 INFO     Epoch 14/20 | step 4990 | loss 0.3600
15:28:42 INFO     Epoch 14/20 | step 5000 | loss 0.4032
15:28:42 INFO     Epoch 14/20 | step 5010 | loss 0.4248
15:28:43 INFO     Epoch 14/20 | step 5020 | loss 0.5537
15:28:43 INFO     Epoch 14/20 | step 5030 | loss 0.4462
15:28:43 INFO     Epoch 14/20 | step 5040 | loss 0.4787
15:28:44 INFO     Epoch 14/20 | step 5050 | loss 0.3922
15:28:44 INFO     Epoch 14/20 | step 5060 | loss 0.4798
15:28:44 INFO     Epoch 14/20 | step 5070 | loss 0.4690
15:28:44 INFO     Epoch 14/20 | step 5080 | loss 0.4660
15:28:45 INFO     Epoch 14/20 | step 5090 | loss 0.4205
15:28:45 INFO     Epoch 14/20 | step 5100 | loss 0.3472
15:28:45 INFO     Epoch 14/20 | step 5110 | loss 0.3713
15:28:46 INFO     Epoch 14/20 | step 5120 | loss 0.4092
15:28:46 INFO     Epoch 14/20 | step 5130 | loss 0.4069
15:28:46 INFO     Epoch 14/20 | step 5140 | loss 0.4213
15:28:47 INFO     Epoch 14/20 | step 5150 | loss 0.3684
15:28:47 INFO     Epoch 14/20 | step 5160 | loss 0.4514
15:28:47 INFO     Epoch 14/20 | step 5170 | loss 0.5475
15:28:47 INFO     Epoch 14/20 | step 5180 | loss 0.4154
15:28:48 INFO     Epoch 14/20 | step 5190 | loss 0.4816
15:28:48 INFO     Epoch 14/20 | step 5200 | loss 0.5075
15:28:48 INFO     Epoch 14/20 | step 5210 | loss 0.4839
15:28:49 INFO     Epoch 14/20 | step 5220 | loss 0.4084
15:28:49 INFO     Epoch 14/20 | step 5230 | loss 0.2934
15:28:49 INFO     Epoch 14/20 | step 5240 | loss 0.4248
15:28:50 INFO     Epoch 14/20 | step 5250 | loss 0.4802
15:28:50 INFO     Epoch 14/20 | step 5260 | loss 0.4957
15:28:50 INFO     Epoch 14/20 | step 5270 | loss 0.4943
15:28:50 INFO     Epoch 14/20 | step 5280 | loss 0.4321
15:28:51 INFO     Epoch 14/20 | step 5290 | loss 0.5018
15:28:51 INFO     Epoch 14/20 | step 5300 | loss 0.4379
15:28:51 INFO     Epoch 14/20 | step 5310 | loss 0.4986
15:28:52 INFO     Epoch 14/20 | step 5320 | loss 0.3565
15:28:52 INFO     Epoch 14/20 | step 5330 | loss 0.4402
15:28:52 INFO     Epoch 14/20 | step 5340 | loss 0.3575
15:28:53 INFO     Epoch 14/20 | step 5350 | loss 0.4684
15:28:53 INFO     Epoch 14/20 | step 5360 | loss 0.4335
15:28:53 INFO     Epoch 14/20 | step 5370 | loss 0.3824
15:28:53 INFO     Epoch 14/20 | step 5380 | loss 0.4072
15:28:54 INFO     Epoch 14/20 | step 5390 | loss 0.4212
15:28:54 INFO     Epoch 14/20 | step 5400 | loss 0.4619
15:28:54 INFO     Epoch 14/20 | step 5410 | loss 0.3772
15:28:55 INFO     Epoch 14/20 | step 5420 | loss 0.4422
15:28:55 INFO     Epoch 14/20 | step 5430 | loss 0.4392
15:28:55 INFO     Epoch 14/20 | step 5440 | loss 0.3981
15:28:56 INFO     Epoch 14/20 | step 5450 | loss 0.4625
15:28:56 INFO     Epoch 14/20 | step 5460 | loss 0.3698
15:28:56 INFO     Epoch 14/20 | step 5470 | loss 0.3934
15:28:56 INFO     Epoch 14/20 | step 5480 | loss 0.4022
15:28:57 INFO     Epoch 14/20 | step 5490 | loss 0.5057
15:28:57 INFO     Epoch 14/20 | step 5500 | loss 0.3898
15:28:57 INFO     Epoch 14/20 | step 5510 | loss 0.3516
15:28:58 INFO     Epoch 14/20 | step 5520 | loss 0.4334
15:28:58 INFO     Epoch 14/20 | step 5530 | loss 0.4568
15:28:58 INFO     Epoch 14/20 | step 5540 | loss 0.4742
15:28:59 INFO     Epoch 14/20 | step 5550 | loss 0.5776
15:28:59 INFO     Epoch 14/20 | step 5560 | loss 0.4121
15:28:59 INFO     Epoch 14/20 | step 5570 | loss 0.4341
15:29:00 INFO     Epoch 14/20 | step 5580 | loss 0.3792
15:29:00 INFO     Epoch 14/20 | step 5590 | loss 0.3796
15:29:00 INFO     Epoch 14/20 | step 5600 | loss 0.5527
15:29:00 INFO     Epoch 14/20 | step 5610 | loss 0.4663
15:29:01 INFO     Epoch 14/20 | step 5620 | loss 0.5268
15:29:01 INFO     Epoch 14/20 | step 5630 | loss 0.4367
15:29:01 INFO     Epoch 14/20 | step 5640 | loss 0.3876
15:29:02 INFO     Epoch 14/20 | step 5650 | loss 0.4362
15:29:02 INFO     Epoch 14/20 | avg loss 0.4382
15:29:02 INFO     Epoch 14/20 | new best loss 0.4382 — checkpoint saved
15:29:02 INFO     Epoch 15/20 | step   10 | loss 0.4771
15:29:02 INFO     Epoch 15/20 | step   20 | loss 0.4410
15:29:03 INFO     Epoch 15/20 | step   30 | loss 0.4108
15:29:03 INFO     Epoch 15/20 | step   40 | loss 0.4625
15:29:03 INFO     Epoch 15/20 | step   50 | loss 0.4327
15:29:04 INFO     Epoch 15/20 | step   60 | loss 0.3563
15:29:04 INFO     Epoch 15/20 | step   70 | loss 0.4722
15:29:04 INFO     Epoch 15/20 | step   80 | loss 0.3545
15:29:04 INFO     Epoch 15/20 | step   90 | loss 0.3196
15:29:05 INFO     Epoch 15/20 | step  100 | loss 0.4610
15:29:05 INFO     Epoch 15/20 | step  110 | loss 0.4210
15:29:05 INFO     Epoch 15/20 | step  120 | loss 0.4710
15:29:06 INFO     Epoch 15/20 | step  130 | loss 0.4026
15:29:06 INFO     Epoch 15/20 | step  140 | loss 0.4497
15:29:06 INFO     Epoch 15/20 | step  150 | loss 0.3579
15:29:07 INFO     Epoch 15/20 | step  160 | loss 0.4220
15:29:07 INFO     Epoch 15/20 | step  170 | loss 0.3434
15:29:07 INFO     Epoch 15/20 | step  180 | loss 0.4277
15:29:07 INFO     Epoch 15/20 | step  190 | loss 0.5822
15:29:08 INFO     Epoch 15/20 | step  200 | loss 0.4213
15:29:08 INFO     Epoch 15/20 | step  210 | loss 0.3329
15:29:08 INFO     Epoch 15/20 | step  220 | loss 0.4144
15:29:09 INFO     Epoch 15/20 | step  230 | loss 0.4919
15:29:09 INFO     Epoch 15/20 | step  240 | loss 0.4106
15:29:09 INFO     Epoch 15/20 | step  250 | loss 0.4263
15:29:10 INFO     Epoch 15/20 | step  260 | loss 0.4254
15:29:10 INFO     Epoch 15/20 | step  270 | loss 0.5014
15:29:10 INFO     Epoch 15/20 | step  280 | loss 0.4214
15:29:11 INFO     Epoch 15/20 | step  290 | loss 0.4216
15:29:11 INFO     Epoch 15/20 | step  300 | loss 0.4118
15:29:11 INFO     Epoch 15/20 | step  310 | loss 0.3834
15:29:11 INFO     Epoch 15/20 | step  320 | loss 0.3954
15:29:12 INFO     Epoch 15/20 | step  330 | loss 0.4367
15:29:12 INFO     Epoch 15/20 | step  340 | loss 0.4230
15:29:12 INFO     Epoch 15/20 | step  350 | loss 0.4329
15:29:13 INFO     Epoch 15/20 | step  360 | loss 0.5023
15:29:13 INFO     Epoch 15/20 | step  370 | loss 0.3857
15:29:13 INFO     Epoch 15/20 | step  380 | loss 0.3632
15:29:14 INFO     Epoch 15/20 | step  390 | loss 0.3062
15:29:14 INFO     Epoch 15/20 | step  400 | loss 0.4154
15:29:14 INFO     Epoch 15/20 | step  410 | loss 0.4028
15:29:14 INFO     Epoch 15/20 | step  420 | loss 0.4613
15:29:15 INFO     Epoch 15/20 | step  430 | loss 0.4419
15:29:15 INFO     Epoch 15/20 | step  440 | loss 0.3657
15:29:15 INFO     Epoch 15/20 | step  450 | loss 0.4055
15:29:16 INFO     Epoch 15/20 | step  460 | loss 0.3718
15:29:16 INFO     Epoch 15/20 | step  470 | loss 0.3907
15:29:16 INFO     Epoch 15/20 | step  480 | loss 0.4409
15:29:17 INFO     Epoch 15/20 | step  490 | loss 0.5064
15:29:17 INFO     Epoch 15/20 | step  500 | loss 0.3934
15:29:17 INFO     Epoch 15/20 | step  510 | loss 0.3714
15:29:17 INFO     Epoch 15/20 | step  520 | loss 0.4970
15:29:18 INFO     Epoch 15/20 | step  530 | loss 0.3674
15:29:18 INFO     Epoch 15/20 | step  540 | loss 0.4209
15:29:18 INFO     Epoch 15/20 | step  550 | loss 0.3911
15:29:19 INFO     Epoch 15/20 | step  560 | loss 0.4483
15:29:19 INFO     Epoch 15/20 | step  570 | loss 0.5542
15:29:19 INFO     Epoch 15/20 | step  580 | loss 0.4407
15:29:20 INFO     Epoch 15/20 | step  590 | loss 0.4501
15:29:20 INFO     Epoch 15/20 | step  600 | loss 0.4370
15:29:20 INFO     Epoch 15/20 | step  610 | loss 0.4912
15:29:20 INFO     Epoch 15/20 | step  620 | loss 0.3549
15:29:21 INFO     Epoch 15/20 | step  630 | loss 0.5077
15:29:21 INFO     Epoch 15/20 | step  640 | loss 0.3666
15:29:21 INFO     Epoch 15/20 | step  650 | loss 0.3867
15:29:22 INFO     Epoch 15/20 | step  660 | loss 0.3725
15:29:22 INFO     Epoch 15/20 | step  670 | loss 0.4872
15:29:22 INFO     Epoch 15/20 | step  680 | loss 0.4085
15:29:23 INFO     Epoch 15/20 | step  690 | loss 0.4014
15:29:23 INFO     Epoch 15/20 | step  700 | loss 0.4615
15:29:23 INFO     Epoch 15/20 | step  710 | loss 0.3695
15:29:24 INFO     Epoch 15/20 | step  720 | loss 0.3879
15:29:24 INFO     Epoch 15/20 | step  730 | loss 0.5100
15:29:24 INFO     Epoch 15/20 | step  740 | loss 0.4336
15:29:24 INFO     Epoch 15/20 | step  750 | loss 0.3321
15:29:25 INFO     Epoch 15/20 | step  760 | loss 0.4643
15:29:25 INFO     Epoch 15/20 | step  770 | loss 0.4401
15:29:25 INFO     Epoch 15/20 | step  780 | loss 0.3855
15:29:26 INFO     Epoch 15/20 | step  790 | loss 0.4880
15:29:26 INFO     Epoch 15/20 | step  800 | loss 0.4318
15:29:26 INFO     Epoch 15/20 | step  810 | loss 0.3830
15:29:27 INFO     Epoch 15/20 | step  820 | loss 0.4913
15:29:27 INFO     Epoch 15/20 | step  830 | loss 0.4272
15:29:27 INFO     Epoch 15/20 | step  840 | loss 0.4258
15:29:27 INFO     Epoch 15/20 | step  850 | loss 0.3977
15:29:28 INFO     Epoch 15/20 | step  860 | loss 0.4933
15:29:28 INFO     Epoch 15/20 | step  870 | loss 0.4396
15:29:28 INFO     Epoch 15/20 | step  880 | loss 0.4216
15:29:29 INFO     Epoch 15/20 | step  890 | loss 0.4824
15:29:29 INFO     Epoch 15/20 | step  900 | loss 0.4229
15:29:29 INFO     Epoch 15/20 | step  910 | loss 0.4892
15:29:30 INFO     Epoch 15/20 | step  920 | loss 0.3789
15:29:30 INFO     Epoch 15/20 | step  930 | loss 0.5097
15:29:30 INFO     Epoch 15/20 | step  940 | loss 0.4222
15:29:30 INFO     Epoch 15/20 | step  950 | loss 0.3558
15:29:31 INFO     Epoch 15/20 | step  960 | loss 0.3621
15:29:31 INFO     Epoch 15/20 | step  970 | loss 0.3544
15:29:31 INFO     Epoch 15/20 | step  980 | loss 0.4256
15:29:32 INFO     Epoch 15/20 | step  990 | loss 0.5205
15:29:32 INFO     Epoch 15/20 | step 1000 | loss 0.5192
15:29:32 INFO     Epoch 15/20 | step 1010 | loss 0.4695
15:29:33 INFO     Epoch 15/20 | step 1020 | loss 0.4957
15:29:33 INFO     Epoch 15/20 | step 1030 | loss 0.3673
15:29:33 INFO     Epoch 15/20 | step 1040 | loss 0.3454
15:29:33 INFO     Epoch 15/20 | step 1050 | loss 0.4940
15:29:34 INFO     Epoch 15/20 | step 1060 | loss 0.4614
15:29:34 INFO     Epoch 15/20 | step 1070 | loss 0.4465
15:29:34 INFO     Epoch 15/20 | step 1080 | loss 0.4497
15:29:35 INFO     Epoch 15/20 | step 1090 | loss 0.4187
15:29:35 INFO     Epoch 15/20 | step 1100 | loss 0.4408
15:29:35 INFO     Epoch 15/20 | step 1110 | loss 0.5168
15:29:36 INFO     Epoch 15/20 | step 1120 | loss 0.4173
15:29:36 INFO     Epoch 15/20 | step 1130 | loss 0.4558
15:29:36 INFO     Epoch 15/20 | step 1140 | loss 0.3995
15:29:37 INFO     Epoch 15/20 | step 1150 | loss 0.4088
15:29:37 INFO     Epoch 15/20 | step 1160 | loss 0.3828
15:29:37 INFO     Epoch 15/20 | step 1170 | loss 0.3953
15:29:37 INFO     Epoch 15/20 | step 1180 | loss 0.3502
15:29:38 INFO     Epoch 15/20 | step 1190 | loss 0.4299
15:29:38 INFO     Epoch 15/20 | step 1200 | loss 0.4648
15:29:38 INFO     Epoch 15/20 | step 1210 | loss 0.4077
15:29:39 INFO     Epoch 15/20 | step 1220 | loss 0.3622
15:29:39 INFO     Epoch 15/20 | step 1230 | loss 0.3240
15:29:39 INFO     Epoch 15/20 | step 1240 | loss 0.3413
15:29:40 INFO     Epoch 15/20 | step 1250 | loss 0.4603
15:29:40 INFO     Epoch 15/20 | step 1260 | loss 0.3623
15:29:40 INFO     Epoch 15/20 | step 1270 | loss 0.4680
15:29:40 INFO     Epoch 15/20 | step 1280 | loss 0.3348
15:29:41 INFO     Epoch 15/20 | step 1290 | loss 0.4937
15:29:41 INFO     Epoch 15/20 | step 1300 | loss 0.3102
15:29:41 INFO     Epoch 15/20 | step 1310 | loss 0.4102
15:29:42 INFO     Epoch 15/20 | step 1320 | loss 0.4815
15:29:42 INFO     Epoch 15/20 | step 1330 | loss 0.3703
15:29:42 INFO     Epoch 15/20 | step 1340 | loss 0.4011
15:29:43 INFO     Epoch 15/20 | step 1350 | loss 0.3852
15:29:43 INFO     Epoch 15/20 | step 1360 | loss 0.4786
15:29:43 INFO     Epoch 15/20 | step 1370 | loss 0.4156
15:29:43 INFO     Epoch 15/20 | step 1380 | loss 0.4414
15:29:44 INFO     Epoch 15/20 | step 1390 | loss 0.4577
15:29:44 INFO     Epoch 15/20 | step 1400 | loss 0.4295
15:29:44 INFO     Epoch 15/20 | step 1410 | loss 0.4286
15:29:45 INFO     Epoch 15/20 | step 1420 | loss 0.4563
15:29:45 INFO     Epoch 15/20 | step 1430 | loss 0.4520
15:29:45 INFO     Epoch 15/20 | step 1440 | loss 0.4238
15:29:46 INFO     Epoch 15/20 | step 1450 | loss 0.5246
15:29:46 INFO     Epoch 15/20 | step 1460 | loss 0.3236
15:29:46 INFO     Epoch 15/20 | step 1470 | loss 0.4186
15:29:47 INFO     Epoch 15/20 | step 1480 | loss 0.4079
15:29:47 INFO     Epoch 15/20 | step 1490 | loss 0.3497
15:29:47 INFO     Epoch 15/20 | step 1500 | loss 0.4516
15:29:47 INFO     Epoch 15/20 | step 1510 | loss 0.4074
15:29:48 INFO     Epoch 15/20 | step 1520 | loss 0.3810
15:29:48 INFO     Epoch 15/20 | step 1530 | loss 0.4622
15:29:48 INFO     Epoch 15/20 | step 1540 | loss 0.3114
15:29:49 INFO     Epoch 15/20 | step 1550 | loss 0.4054
15:29:49 INFO     Epoch 15/20 | step 1560 | loss 0.3885
15:29:49 INFO     Epoch 15/20 | step 1570 | loss 0.4450
15:29:50 INFO     Epoch 15/20 | step 1580 | loss 0.4542
15:29:50 INFO     Epoch 15/20 | step 1590 | loss 0.4345
15:29:50 INFO     Epoch 15/20 | step 1600 | loss 0.4479
15:29:50 INFO     Epoch 15/20 | step 1610 | loss 0.4410
15:29:51 INFO     Epoch 15/20 | step 1620 | loss 0.4289
15:29:51 INFO     Epoch 15/20 | step 1630 | loss 0.4962
15:29:51 INFO     Epoch 15/20 | step 1640 | loss 0.4249
15:29:52 INFO     Epoch 15/20 | step 1650 | loss 0.4054
15:29:52 INFO     Epoch 15/20 | step 1660 | loss 0.4490
15:29:52 INFO     Epoch 15/20 | step 1670 | loss 0.4413
15:29:53 INFO     Epoch 15/20 | step 1680 | loss 0.3854
15:29:53 INFO     Epoch 15/20 | step 1690 | loss 0.5153
15:29:53 INFO     Epoch 15/20 | step 1700 | loss 0.4505
15:29:53 INFO     Epoch 15/20 | step 1710 | loss 0.4281
15:29:54 INFO     Epoch 15/20 | step 1720 | loss 0.4783
15:29:54 INFO     Epoch 15/20 | step 1730 | loss 0.3201
15:29:54 INFO     Epoch 15/20 | step 1740 | loss 0.4735
15:29:55 INFO     Epoch 15/20 | step 1750 | loss 0.5578
15:29:55 INFO     Epoch 15/20 | step 1760 | loss 0.3907
15:29:55 INFO     Epoch 15/20 | step 1770 | loss 0.4056
15:29:56 INFO     Epoch 15/20 | step 1780 | loss 0.4445
15:29:56 INFO     Epoch 15/20 | step 1790 | loss 0.5028
15:29:56 INFO     Epoch 15/20 | step 1800 | loss 0.4286
15:29:56 INFO     Epoch 15/20 | step 1810 | loss 0.3808
15:29:57 INFO     Epoch 15/20 | step 1820 | loss 0.4097
15:29:57 INFO     Epoch 15/20 | step 1830 | loss 0.4384
15:29:57 INFO     Epoch 15/20 | step 1840 | loss 0.4196
15:29:58 INFO     Epoch 15/20 | step 1850 | loss 0.3896
15:29:58 INFO     Epoch 15/20 | step 1860 | loss 0.3861
15:29:58 INFO     Epoch 15/20 | step 1870 | loss 0.4426
15:29:59 INFO     Epoch 15/20 | step 1880 | loss 0.4391
15:29:59 INFO     Epoch 15/20 | step 1890 | loss 0.3961
15:29:59 INFO     Epoch 15/20 | step 1900 | loss 0.5983
15:30:00 INFO     Epoch 15/20 | step 1910 | loss 0.4261
15:30:00 INFO     Epoch 15/20 | step 1920 | loss 0.4162
15:30:00 INFO     Epoch 15/20 | step 1930 | loss 0.4630
15:30:00 INFO     Epoch 15/20 | step 1940 | loss 0.4329
15:30:01 INFO     Epoch 15/20 | step 1950 | loss 0.4041
15:30:01 INFO     Epoch 15/20 | step 1960 | loss 0.3708
15:30:01 INFO     Epoch 15/20 | step 1970 | loss 0.3066
15:30:02 INFO     Epoch 15/20 | step 1980 | loss 0.3558
15:30:02 INFO     Epoch 15/20 | step 1990 | loss 0.4474
15:30:02 INFO     Epoch 15/20 | step 2000 | loss 0.3727
15:30:03 INFO     Epoch 15/20 | step 2010 | loss 0.3694
15:30:03 INFO     Epoch 15/20 | step 2020 | loss 0.3426
15:30:03 INFO     Epoch 15/20 | step 2030 | loss 0.4624
15:30:03 INFO     Epoch 15/20 | step 2040 | loss 0.4881
15:30:04 INFO     Epoch 15/20 | step 2050 | loss 0.4942
15:30:04 INFO     Epoch 15/20 | step 2060 | loss 0.4918
15:30:04 INFO     Epoch 15/20 | step 2070 | loss 0.4236
15:30:05 INFO     Epoch 15/20 | step 2080 | loss 0.3301
15:30:05 INFO     Epoch 15/20 | step 2090 | loss 0.3974
15:30:05 INFO     Epoch 15/20 | step 2100 | loss 0.4587
15:30:06 INFO     Epoch 15/20 | step 2110 | loss 0.3658
15:30:06 INFO     Epoch 15/20 | step 2120 | loss 0.4194
15:30:06 INFO     Epoch 15/20 | step 2130 | loss 0.3878
15:30:06 INFO     Epoch 15/20 | step 2140 | loss 0.3460
15:30:07 INFO     Epoch 15/20 | step 2150 | loss 0.4723
15:30:07 INFO     Epoch 15/20 | step 2160 | loss 0.3932
15:30:07 INFO     Epoch 15/20 | step 2170 | loss 0.4529
15:30:08 INFO     Epoch 15/20 | step 2180 | loss 0.5304
15:30:08 INFO     Epoch 15/20 | step 2190 | loss 0.4064
15:30:08 INFO     Epoch 15/20 | step 2200 | loss 0.4504
15:30:09 INFO     Epoch 15/20 | step 2210 | loss 0.3831
15:30:09 INFO     Epoch 15/20 | step 2220 | loss 0.4104
15:30:09 INFO     Epoch 15/20 | step 2230 | loss 0.3943
15:30:09 INFO     Epoch 15/20 | step 2240 | loss 0.3771
15:30:10 INFO     Epoch 15/20 | step 2250 | loss 0.3802
15:30:10 INFO     Epoch 15/20 | step 2260 | loss 0.3330
15:30:10 INFO     Epoch 15/20 | step 2270 | loss 0.4004
15:30:11 INFO     Epoch 15/20 | step 2280 | loss 0.5233
15:30:11 INFO     Epoch 15/20 | step 2290 | loss 0.4114
15:30:11 INFO     Epoch 15/20 | step 2300 | loss 0.4913
15:30:12 INFO     Epoch 15/20 | step 2310 | loss 0.4253
15:30:12 INFO     Epoch 15/20 | step 2320 | loss 0.4246
15:30:12 INFO     Epoch 15/20 | step 2330 | loss 0.4410
15:30:13 INFO     Epoch 15/20 | step 2340 | loss 0.4845
15:30:13 INFO     Epoch 15/20 | step 2350 | loss 0.5688
15:30:13 INFO     Epoch 15/20 | step 2360 | loss 0.5227
15:30:13 INFO     Epoch 15/20 | step 2370 | loss 0.4392
15:30:14 INFO     Epoch 15/20 | step 2380 | loss 0.4668
15:30:14 INFO     Epoch 15/20 | step 2390 | loss 0.3786
15:30:14 INFO     Epoch 15/20 | step 2400 | loss 0.4864
15:30:15 INFO     Epoch 15/20 | step 2410 | loss 0.4730
15:30:15 INFO     Epoch 15/20 | step 2420 | loss 0.4352
15:30:15 INFO     Epoch 15/20 | step 2430 | loss 0.4955
15:30:16 INFO     Epoch 15/20 | step 2440 | loss 0.4073
15:30:16 INFO     Epoch 15/20 | step 2450 | loss 0.4266
15:30:16 INFO     Epoch 15/20 | step 2460 | loss 0.4891
15:30:16 INFO     Epoch 15/20 | step 2470 | loss 0.4219
15:30:17 INFO     Epoch 15/20 | step 2480 | loss 0.3956
15:30:17 INFO     Epoch 15/20 | step 2490 | loss 0.4059
15:30:17 INFO     Epoch 15/20 | step 2500 | loss 0.4658
15:30:18 INFO     Epoch 15/20 | step 2510 | loss 0.3616
15:30:18 INFO     Epoch 15/20 | step 2520 | loss 0.4197
15:30:18 INFO     Epoch 15/20 | step 2530 | loss 0.4561
15:30:19 INFO     Epoch 15/20 | step 2540 | loss 0.4530
15:30:19 INFO     Epoch 15/20 | step 2550 | loss 0.4584
15:30:19 INFO     Epoch 15/20 | step 2560 | loss 0.4079
15:30:19 INFO     Epoch 15/20 | step 2570 | loss 0.4859
15:30:20 INFO     Epoch 15/20 | step 2580 | loss 0.4090
15:30:20 INFO     Epoch 15/20 | step 2590 | loss 0.4113
15:30:20 INFO     Epoch 15/20 | step 2600 | loss 0.3618
15:30:21 INFO     Epoch 15/20 | step 2610 | loss 0.4718
15:30:21 INFO     Epoch 15/20 | step 2620 | loss 0.4398
15:30:21 INFO     Epoch 15/20 | step 2630 | loss 0.4259
15:30:22 INFO     Epoch 15/20 | step 2640 | loss 0.3474
15:30:22 INFO     Epoch 15/20 | step 2650 | loss 0.4896
15:30:22 INFO     Epoch 15/20 | step 2660 | loss 0.3801
15:30:22 INFO     Epoch 15/20 | step 2670 | loss 0.3130
15:30:23 INFO     Epoch 15/20 | step 2680 | loss 0.4858
15:30:23 INFO     Epoch 15/20 | step 2690 | loss 0.4418
15:30:23 INFO     Epoch 15/20 | step 2700 | loss 0.3903
15:30:24 INFO     Epoch 15/20 | step 2710 | loss 0.3881
15:30:24 INFO     Epoch 15/20 | step 2720 | loss 0.4603
15:30:24 INFO     Epoch 15/20 | step 2730 | loss 0.4616
15:30:25 INFO     Epoch 15/20 | step 2740 | loss 0.4002
15:30:25 INFO     Epoch 15/20 | step 2750 | loss 0.4204
15:30:25 INFO     Epoch 15/20 | step 2760 | loss 0.3974
15:30:26 INFO     Epoch 15/20 | step 2770 | loss 0.4542
15:30:26 INFO     Epoch 15/20 | step 2780 | loss 0.4893
15:30:26 INFO     Epoch 15/20 | step 2790 | loss 0.2291
15:30:26 INFO     Epoch 15/20 | step 2800 | loss 0.4814
15:30:27 INFO     Epoch 15/20 | step 2810 | loss 0.3382
15:30:27 INFO     Epoch 15/20 | step 2820 | loss 0.3691
15:30:27 INFO     Epoch 15/20 | step 2830 | loss 0.4415
15:30:28 INFO     Epoch 15/20 | step 2840 | loss 0.4356
15:30:28 INFO     Epoch 15/20 | step 2850 | loss 0.3876
15:30:28 INFO     Epoch 15/20 | step 2860 | loss 0.4711
15:30:29 INFO     Epoch 15/20 | step 2870 | loss 0.4795
15:30:29 INFO     Epoch 15/20 | step 2880 | loss 0.4207
15:30:29 INFO     Epoch 15/20 | step 2890 | loss 0.4125
15:30:29 INFO     Epoch 15/20 | step 2900 | loss 0.3915
15:30:30 INFO     Epoch 15/20 | step 2910 | loss 0.4120
15:30:30 INFO     Epoch 15/20 | step 2920 | loss 0.4097
15:30:30 INFO     Epoch 15/20 | step 2930 | loss 0.4126
15:30:31 INFO     Epoch 15/20 | step 2940 | loss 0.4639
15:30:31 INFO     Epoch 15/20 | step 2950 | loss 0.4184
15:30:31 INFO     Epoch 15/20 | step 2960 | loss 0.3522
15:30:32 INFO     Epoch 15/20 | step 2970 | loss 0.4553
15:30:32 INFO     Epoch 15/20 | step 2980 | loss 0.4848
15:30:32 INFO     Epoch 15/20 | step 2990 | loss 0.3835
15:30:32 INFO     Epoch 15/20 | step 3000 | loss 0.4419
15:30:33 INFO     Epoch 15/20 | step 3010 | loss 0.4236
15:30:33 INFO     Epoch 15/20 | step 3020 | loss 0.3675
15:30:33 INFO     Epoch 15/20 | step 3030 | loss 0.4200
15:30:34 INFO     Epoch 15/20 | step 3040 | loss 0.5060
15:30:34 INFO     Epoch 15/20 | step 3050 | loss 0.4390
15:30:34 INFO     Epoch 15/20 | step 3060 | loss 0.4612
15:30:35 INFO     Epoch 15/20 | step 3070 | loss 0.3768
15:30:35 INFO     Epoch 15/20 | step 3080 | loss 0.4375
15:30:35 INFO     Epoch 15/20 | step 3090 | loss 0.3537
15:30:35 INFO     Epoch 15/20 | step 3100 | loss 0.4207
15:30:36 INFO     Epoch 15/20 | step 3110 | loss 0.3425
15:30:36 INFO     Epoch 15/20 | step 3120 | loss 0.3962
15:30:36 INFO     Epoch 15/20 | step 3130 | loss 0.3883
15:30:37 INFO     Epoch 15/20 | step 3140 | loss 0.4277
15:30:37 INFO     Epoch 15/20 | step 3150 | loss 0.4918
15:30:37 INFO     Epoch 15/20 | step 3160 | loss 0.4191
15:30:38 INFO     Epoch 15/20 | step 3170 | loss 0.3755
15:30:38 INFO     Epoch 15/20 | step 3180 | loss 0.4675
15:30:38 INFO     Epoch 15/20 | step 3190 | loss 0.3853
15:30:39 INFO     Epoch 15/20 | step 3200 | loss 0.3640
15:30:39 INFO     Epoch 15/20 | step 3210 | loss 0.4555
15:30:39 INFO     Epoch 15/20 | step 3220 | loss 0.5011
15:30:39 INFO     Epoch 15/20 | step 3230 | loss 0.3495
15:30:40 INFO     Epoch 15/20 | step 3240 | loss 0.4271
15:30:40 INFO     Epoch 15/20 | step 3250 | loss 0.3665
15:30:40 INFO     Epoch 15/20 | step 3260 | loss 0.4296
15:30:41 INFO     Epoch 15/20 | step 3270 | loss 0.4092
15:30:41 INFO     Epoch 15/20 | step 3280 | loss 0.3658
15:30:41 INFO     Epoch 15/20 | step 3290 | loss 0.4217
15:30:42 INFO     Epoch 15/20 | step 3300 | loss 0.3546
15:30:42 INFO     Epoch 15/20 | step 3310 | loss 0.3994
15:30:42 INFO     Epoch 15/20 | step 3320 | loss 0.4263
15:30:42 INFO     Epoch 15/20 | step 3330 | loss 0.4593
15:30:43 INFO     Epoch 15/20 | step 3340 | loss 0.4499
15:30:43 INFO     Epoch 15/20 | step 3350 | loss 0.3855
15:30:43 INFO     Epoch 15/20 | step 3360 | loss 0.3731
15:30:44 INFO     Epoch 15/20 | step 3370 | loss 0.3624
15:30:44 INFO     Epoch 15/20 | step 3380 | loss 0.4026
15:30:44 INFO     Epoch 15/20 | step 3390 | loss 0.3031
15:30:45 INFO     Epoch 15/20 | step 3400 | loss 0.3752
15:30:45 INFO     Epoch 15/20 | step 3410 | loss 0.4402
15:30:45 INFO     Epoch 15/20 | step 3420 | loss 0.4377
15:30:45 INFO     Epoch 15/20 | step 3430 | loss 0.3885
15:30:46 INFO     Epoch 15/20 | step 3440 | loss 0.4314
15:30:46 INFO     Epoch 15/20 | step 3450 | loss 0.4091
15:30:46 INFO     Epoch 15/20 | step 3460 | loss 0.3434
15:30:47 INFO     Epoch 15/20 | step 3470 | loss 0.4662
15:30:47 INFO     Epoch 15/20 | step 3480 | loss 0.4763
15:30:47 INFO     Epoch 15/20 | step 3490 | loss 0.3638
15:30:48 INFO     Epoch 15/20 | step 3500 | loss 0.4639
15:30:48 INFO     Epoch 15/20 | step 3510 | loss 0.4294
15:30:48 INFO     Epoch 15/20 | step 3520 | loss 0.4698
15:30:48 INFO     Epoch 15/20 | step 3530 | loss 0.3883
15:30:49 INFO     Epoch 15/20 | step 3540 | loss 0.4632
15:30:49 INFO     Epoch 15/20 | step 3550 | loss 0.3551
15:30:49 INFO     Epoch 15/20 | step 3560 | loss 0.3600
15:30:50 INFO     Epoch 15/20 | step 3570 | loss 0.4546
15:30:50 INFO     Epoch 15/20 | step 3580 | loss 0.3419
15:30:50 INFO     Epoch 15/20 | step 3590 | loss 0.3903
15:30:51 INFO     Epoch 15/20 | step 3600 | loss 0.4215
15:30:51 INFO     Epoch 15/20 | step 3610 | loss 0.3951
15:30:51 INFO     Epoch 15/20 | step 3620 | loss 0.3914
15:30:51 INFO     Epoch 15/20 | step 3630 | loss 0.4923
15:30:52 INFO     Epoch 15/20 | step 3640 | loss 0.4513
15:30:52 INFO     Epoch 15/20 | step 3650 | loss 0.4076
15:30:52 INFO     Epoch 15/20 | step 3660 | loss 0.4479
15:30:53 INFO     Epoch 15/20 | step 3670 | loss 0.4579
15:30:53 INFO     Epoch 15/20 | step 3680 | loss 0.5002
15:30:53 INFO     Epoch 15/20 | step 3690 | loss 0.4498
15:30:54 INFO     Epoch 15/20 | step 3700 | loss 0.3533
15:30:54 INFO     Epoch 15/20 | step 3710 | loss 0.4976
15:30:54 INFO     Epoch 15/20 | step 3720 | loss 0.4946
15:30:55 INFO     Epoch 15/20 | step 3730 | loss 0.3612
15:30:55 INFO     Epoch 15/20 | step 3740 | loss 0.4894
15:30:55 INFO     Epoch 15/20 | step 3750 | loss 0.4287
15:30:55 INFO     Epoch 15/20 | step 3760 | loss 0.3905
15:30:56 INFO     Epoch 15/20 | step 3770 | loss 0.3763
15:30:56 INFO     Epoch 15/20 | step 3780 | loss 0.3587
15:30:56 INFO     Epoch 15/20 | step 3790 | loss 0.3757
15:30:57 INFO     Epoch 15/20 | step 3800 | loss 0.4490
15:30:57 INFO     Epoch 15/20 | step 3810 | loss 0.3578
15:30:57 INFO     Epoch 15/20 | step 3820 | loss 0.4192
15:30:58 INFO     Epoch 15/20 | step 3830 | loss 0.4038
15:30:58 INFO     Epoch 15/20 | step 3840 | loss 0.4198
15:30:58 INFO     Epoch 15/20 | step 3850 | loss 0.3272
15:30:58 INFO     Epoch 15/20 | step 3860 | loss 0.4531
15:30:59 INFO     Epoch 15/20 | step 3870 | loss 0.4066
15:30:59 INFO     Epoch 15/20 | step 3880 | loss 0.4515
15:30:59 INFO     Epoch 15/20 | step 3890 | loss 0.3943
15:31:00 INFO     Epoch 15/20 | step 3900 | loss 0.4918
15:31:00 INFO     Epoch 15/20 | step 3910 | loss 0.5289
15:31:00 INFO     Epoch 15/20 | step 3920 | loss 0.4045
15:31:01 INFO     Epoch 15/20 | step 3930 | loss 0.3829
15:31:01 INFO     Epoch 15/20 | step 3940 | loss 0.4266
15:31:01 INFO     Epoch 15/20 | step 3950 | loss 0.3868
15:31:01 INFO     Epoch 15/20 | step 3960 | loss 0.3519
15:31:02 INFO     Epoch 15/20 | step 3970 | loss 0.3544
15:31:02 INFO     Epoch 15/20 | step 3980 | loss 0.4397
15:31:02 INFO     Epoch 15/20 | step 3990 | loss 0.3810
15:31:03 INFO     Epoch 15/20 | step 4000 | loss 0.4165
15:31:03 INFO     Epoch 15/20 | step 4010 | loss 0.4769
15:31:03 INFO     Epoch 15/20 | step 4020 | loss 0.5037
15:31:04 INFO     Epoch 15/20 | step 4030 | loss 0.3474
15:31:04 INFO     Epoch 15/20 | step 4040 | loss 0.3879
15:31:04 INFO     Epoch 15/20 | step 4050 | loss 0.3623
15:31:04 INFO     Epoch 15/20 | step 4060 | loss 0.4879
15:31:05 INFO     Epoch 15/20 | step 4070 | loss 0.5098
15:31:05 INFO     Epoch 15/20 | step 4080 | loss 0.4447
15:31:05 INFO     Epoch 15/20 | step 4090 | loss 0.4134
15:31:06 INFO     Epoch 15/20 | step 4100 | loss 0.4213
15:31:06 INFO     Epoch 15/20 | step 4110 | loss 0.4988
15:31:06 INFO     Epoch 15/20 | step 4120 | loss 0.4656
15:31:07 INFO     Epoch 15/20 | step 4130 | loss 0.4190
15:31:07 INFO     Epoch 15/20 | step 4140 | loss 0.4035
15:31:07 INFO     Epoch 15/20 | step 4150 | loss 0.4482
15:31:08 INFO     Epoch 15/20 | step 4160 | loss 0.5223
15:31:08 INFO     Epoch 15/20 | step 4170 | loss 0.3278
15:31:08 INFO     Epoch 15/20 | step 4180 | loss 0.3468
15:31:08 INFO     Epoch 15/20 | step 4190 | loss 0.3521
15:31:09 INFO     Epoch 15/20 | step 4200 | loss 0.4014
15:31:09 INFO     Epoch 15/20 | step 4210 | loss 0.4523
15:31:09 INFO     Epoch 15/20 | step 4220 | loss 0.4414
15:31:10 INFO     Epoch 15/20 | step 4230 | loss 0.4969
15:31:10 INFO     Epoch 15/20 | step 4240 | loss 0.4326
15:31:10 INFO     Epoch 15/20 | step 4250 | loss 0.4515
15:31:11 INFO     Epoch 15/20 | step 4260 | loss 0.3816
15:31:11 INFO     Epoch 15/20 | step 4270 | loss 0.3929
15:31:11 INFO     Epoch 15/20 | step 4280 | loss 0.4338
15:31:11 INFO     Epoch 15/20 | step 4290 | loss 0.4103
15:31:12 INFO     Epoch 15/20 | step 4300 | loss 0.4609
15:31:12 INFO     Epoch 15/20 | step 4310 | loss 0.4741
15:31:12 INFO     Epoch 15/20 | step 4320 | loss 0.4610
15:31:13 INFO     Epoch 15/20 | step 4330 | loss 0.4064
15:31:13 INFO     Epoch 15/20 | step 4340 | loss 0.3064
15:31:13 INFO     Epoch 15/20 | step 4350 | loss 0.4283
15:31:14 INFO     Epoch 15/20 | step 4360 | loss 0.4804
15:31:14 INFO     Epoch 15/20 | step 4370 | loss 0.4516
15:31:14 INFO     Epoch 15/20 | step 4380 | loss 0.3518
15:31:14 INFO     Epoch 15/20 | step 4390 | loss 0.2843
15:31:15 INFO     Epoch 15/20 | step 4400 | loss 0.4453
15:31:15 INFO     Epoch 15/20 | step 4410 | loss 0.5407
15:31:15 INFO     Epoch 15/20 | step 4420 | loss 0.3918
15:31:16 INFO     Epoch 15/20 | step 4430 | loss 0.4591
15:31:16 INFO     Epoch 15/20 | step 4440 | loss 0.5529
15:31:16 INFO     Epoch 15/20 | step 4450 | loss 0.3431
15:31:17 INFO     Epoch 15/20 | step 4460 | loss 0.4466
15:31:17 INFO     Epoch 15/20 | step 4470 | loss 0.4607
15:31:17 INFO     Epoch 15/20 | step 4480 | loss 0.3789
15:31:17 INFO     Epoch 15/20 | step 4490 | loss 0.4338
15:31:18 INFO     Epoch 15/20 | step 4500 | loss 0.4673
15:31:18 INFO     Epoch 15/20 | step 4510 | loss 0.4711
15:31:18 INFO     Epoch 15/20 | step 4520 | loss 0.4729
15:31:19 INFO     Epoch 15/20 | step 4530 | loss 0.4323
15:31:19 INFO     Epoch 15/20 | step 4540 | loss 0.4685
15:31:19 INFO     Epoch 15/20 | step 4550 | loss 0.3893
15:31:20 INFO     Epoch 15/20 | step 4560 | loss 0.4768
15:31:20 INFO     Epoch 15/20 | step 4570 | loss 0.3909
15:31:20 INFO     Epoch 15/20 | step 4580 | loss 0.3593
15:31:21 INFO     Epoch 15/20 | step 4590 | loss 0.4873
15:31:21 INFO     Epoch 15/20 | step 4600 | loss 0.4316
15:31:21 INFO     Epoch 15/20 | step 4610 | loss 0.4246
15:31:21 INFO     Epoch 15/20 | step 4620 | loss 0.3891
15:31:22 INFO     Epoch 15/20 | step 4630 | loss 0.4256
15:31:22 INFO     Epoch 15/20 | step 4640 | loss 0.4091
15:31:22 INFO     Epoch 15/20 | step 4650 | loss 0.4730
15:31:23 INFO     Epoch 15/20 | step 4660 | loss 0.4391
15:31:23 INFO     Epoch 15/20 | step 4670 | loss 0.4562
15:31:23 INFO     Epoch 15/20 | step 4680 | loss 0.3836
15:31:24 INFO     Epoch 15/20 | step 4690 | loss 0.4638
15:31:24 INFO     Epoch 15/20 | step 4700 | loss 0.4436
15:31:24 INFO     Epoch 15/20 | step 4710 | loss 0.4874
15:31:24 INFO     Epoch 15/20 | step 4720 | loss 0.4392
15:31:25 INFO     Epoch 15/20 | step 4730 | loss 0.4317
15:31:25 INFO     Epoch 15/20 | step 4740 | loss 0.3796
15:31:25 INFO     Epoch 15/20 | step 4750 | loss 0.4158
15:31:26 INFO     Epoch 15/20 | step 4760 | loss 0.3954
15:31:26 INFO     Epoch 15/20 | step 4770 | loss 0.4489
15:31:26 INFO     Epoch 15/20 | step 4780 | loss 0.3880
15:31:27 INFO     Epoch 15/20 | step 4790 | loss 0.3460
15:31:27 INFO     Epoch 15/20 | step 4800 | loss 0.4478
15:31:27 INFO     Epoch 15/20 | step 4810 | loss 0.4138
15:31:27 INFO     Epoch 15/20 | step 4820 | loss 0.4699
15:31:28 INFO     Epoch 15/20 | step 4830 | loss 0.4174
15:31:28 INFO     Epoch 15/20 | step 4840 | loss 0.3777
15:31:28 INFO     Epoch 15/20 | step 4850 | loss 0.4139
15:31:29 INFO     Epoch 15/20 | step 4860 | loss 0.3878
15:31:29 INFO     Epoch 15/20 | step 4870 | loss 0.4054
15:31:29 INFO     Epoch 15/20 | step 4880 | loss 0.3555
15:31:30 INFO     Epoch 15/20 | step 4890 | loss 0.4093
15:31:30 INFO     Epoch 15/20 | step 4900 | loss 0.3081
15:31:30 INFO     Epoch 15/20 | step 4910 | loss 0.4072
15:31:30 INFO     Epoch 15/20 | step 4920 | loss 0.4508
15:31:31 INFO     Epoch 15/20 | step 4930 | loss 0.4136
15:31:31 INFO     Epoch 15/20 | step 4940 | loss 0.3558
15:31:31 INFO     Epoch 15/20 | step 4950 | loss 0.4630
15:31:32 INFO     Epoch 15/20 | step 4960 | loss 0.3392
15:31:32 INFO     Epoch 15/20 | step 4970 | loss 0.2864
15:31:32 INFO     Epoch 15/20 | step 4980 | loss 0.5043
15:31:33 INFO     Epoch 15/20 | step 4990 | loss 0.3821
15:31:33 INFO     Epoch 15/20 | step 5000 | loss 0.3852
15:31:33 INFO     Epoch 15/20 | step 5010 | loss 0.4302
15:31:33 INFO     Epoch 15/20 | step 5020 | loss 0.3940
15:31:34 INFO     Epoch 15/20 | step 5030 | loss 0.3438
15:31:34 INFO     Epoch 15/20 | step 5040 | loss 0.4614
15:31:34 INFO     Epoch 15/20 | step 5050 | loss 0.4212
15:31:35 INFO     Epoch 15/20 | step 5060 | loss 0.5345
15:31:35 INFO     Epoch 15/20 | step 5070 | loss 0.4704
15:31:35 INFO     Epoch 15/20 | step 5080 | loss 0.4097
15:31:36 INFO     Epoch 15/20 | step 5090 | loss 0.4255
15:31:36 INFO     Epoch 15/20 | step 5100 | loss 0.4015
15:31:36 INFO     Epoch 15/20 | step 5110 | loss 0.4128
15:31:37 INFO     Epoch 15/20 | step 5120 | loss 0.4892
15:31:37 INFO     Epoch 15/20 | step 5130 | loss 0.5012
15:31:37 INFO     Epoch 15/20 | step 5140 | loss 0.4228
15:31:37 INFO     Epoch 15/20 | step 5150 | loss 0.4477
15:31:38 INFO     Epoch 15/20 | step 5160 | loss 0.3710
15:31:38 INFO     Epoch 15/20 | step 5170 | loss 0.3529
15:31:38 INFO     Epoch 15/20 | step 5180 | loss 0.3544
15:31:39 INFO     Epoch 15/20 | step 5190 | loss 0.3937
15:31:39 INFO     Epoch 15/20 | step 5200 | loss 0.3954
15:31:39 INFO     Epoch 15/20 | step 5210 | loss 0.3990
15:31:40 INFO     Epoch 15/20 | step 5220 | loss 0.4699
15:31:40 INFO     Epoch 15/20 | step 5230 | loss 0.5717
15:31:40 INFO     Epoch 15/20 | step 5240 | loss 0.4116
15:31:40 INFO     Epoch 15/20 | step 5250 | loss 0.4343
15:31:41 INFO     Epoch 15/20 | step 5260 | loss 0.4349
15:31:41 INFO     Epoch 15/20 | step 5270 | loss 0.4173
15:31:41 INFO     Epoch 15/20 | step 5280 | loss 0.4446
15:31:42 INFO     Epoch 15/20 | step 5290 | loss 0.4105
15:31:42 INFO     Epoch 15/20 | step 5300 | loss 0.4059
15:31:42 INFO     Epoch 15/20 | step 5310 | loss 0.4509
15:31:43 INFO     Epoch 15/20 | step 5320 | loss 0.4436
15:31:43 INFO     Epoch 15/20 | step 5330 | loss 0.3716
15:31:43 INFO     Epoch 15/20 | step 5340 | loss 0.3553
15:31:43 INFO     Epoch 15/20 | step 5350 | loss 0.5362
15:31:44 INFO     Epoch 15/20 | step 5360 | loss 0.4595
15:31:44 INFO     Epoch 15/20 | step 5370 | loss 0.3547
15:31:44 INFO     Epoch 15/20 | step 5380 | loss 0.3646
15:31:45 INFO     Epoch 15/20 | step 5390 | loss 0.4405
15:31:45 INFO     Epoch 15/20 | step 5400 | loss 0.4501
15:31:45 INFO     Epoch 15/20 | step 5410 | loss 0.4235
15:31:46 INFO     Epoch 15/20 | step 5420 | loss 0.4119
15:31:46 INFO     Epoch 15/20 | step 5430 | loss 0.3718
15:31:46 INFO     Epoch 15/20 | step 5440 | loss 0.4679
15:31:46 INFO     Epoch 15/20 | step 5450 | loss 0.4453
15:31:47 INFO     Epoch 15/20 | step 5460 | loss 0.3913
15:31:47 INFO     Epoch 15/20 | step 5470 | loss 0.4557
15:31:47 INFO     Epoch 15/20 | step 5480 | loss 0.4223
15:31:48 INFO     Epoch 15/20 | step 5490 | loss 0.4471
15:31:48 INFO     Epoch 15/20 | step 5500 | loss 0.4491
15:31:48 INFO     Epoch 15/20 | step 5510 | loss 0.4093
15:31:49 INFO     Epoch 15/20 | step 5520 | loss 0.3724
15:31:49 INFO     Epoch 15/20 | step 5530 | loss 0.4641
15:31:49 INFO     Epoch 15/20 | step 5540 | loss 0.3979
15:31:50 INFO     Epoch 15/20 | step 5550 | loss 0.4074
15:31:50 INFO     Epoch 15/20 | step 5560 | loss 0.4126
15:31:50 INFO     Epoch 15/20 | step 5570 | loss 0.4658
15:31:50 INFO     Epoch 15/20 | step 5580 | loss 0.3791
15:31:51 INFO     Epoch 15/20 | step 5590 | loss 0.3954
15:31:51 INFO     Epoch 15/20 | step 5600 | loss 0.4498
15:31:51 INFO     Epoch 15/20 | step 5610 | loss 0.3427
15:31:52 INFO     Epoch 15/20 | step 5620 | loss 0.4201
15:31:52 INFO     Epoch 15/20 | step 5630 | loss 0.4222
15:31:52 INFO     Epoch 15/20 | step 5640 | loss 0.3725
15:31:53 INFO     Epoch 15/20 | step 5650 | loss 0.4216
15:31:53 INFO     Epoch 15/20 | avg loss 0.4249
15:31:53 INFO     Epoch 15/20 | new best loss 0.4249 — checkpoint saved
15:31:53 INFO     Epoch 16/20 | step   10 | loss 0.4537
15:31:53 INFO     Epoch 16/20 | step   20 | loss 0.4050
15:31:54 INFO     Epoch 16/20 | step   30 | loss 0.4215
15:31:54 INFO     Epoch 16/20 | step   40 | loss 0.4319
15:31:54 INFO     Epoch 16/20 | step   50 | loss 0.3621
15:31:54 INFO     Epoch 16/20 | step   60 | loss 0.4530
15:31:55 INFO     Epoch 16/20 | step   70 | loss 0.4027
15:31:55 INFO     Epoch 16/20 | step   80 | loss 0.3671
15:31:55 INFO     Epoch 16/20 | step   90 | loss 0.3979
15:31:56 INFO     Epoch 16/20 | step  100 | loss 0.3181
15:31:56 INFO     Epoch 16/20 | step  110 | loss 0.5275
15:31:56 INFO     Epoch 16/20 | step  120 | loss 0.3626
15:31:57 INFO     Epoch 16/20 | step  130 | loss 0.3975
15:31:57 INFO     Epoch 16/20 | step  140 | loss 0.3855
15:31:57 INFO     Epoch 16/20 | step  150 | loss 0.4064
15:31:57 INFO     Epoch 16/20 | step  160 | loss 0.3412
15:31:58 INFO     Epoch 16/20 | step  170 | loss 0.4000
15:31:58 INFO     Epoch 16/20 | step  180 | loss 0.3200
15:31:58 INFO     Epoch 16/20 | step  190 | loss 0.3543
15:31:59 INFO     Epoch 16/20 | step  200 | loss 0.4109
15:31:59 INFO     Epoch 16/20 | step  210 | loss 0.3672
15:31:59 INFO     Epoch 16/20 | step  220 | loss 0.4372
15:32:00 INFO     Epoch 16/20 | step  230 | loss 0.3796
15:32:00 INFO     Epoch 16/20 | step  240 | loss 0.4312
15:32:00 INFO     Epoch 16/20 | step  250 | loss 0.3392
15:32:01 INFO     Epoch 16/20 | step  260 | loss 0.4930
15:32:01 INFO     Epoch 16/20 | step  270 | loss 0.3692
15:32:01 INFO     Epoch 16/20 | step  280 | loss 0.5296
15:32:01 INFO     Epoch 16/20 | step  290 | loss 0.3578
15:32:02 INFO     Epoch 16/20 | step  300 | loss 0.3829
15:32:02 INFO     Epoch 16/20 | step  310 | loss 0.4151
15:32:02 INFO     Epoch 16/20 | step  320 | loss 0.3768
15:32:03 INFO     Epoch 16/20 | step  330 | loss 0.4494
15:32:03 INFO     Epoch 16/20 | step  340 | loss 0.4053
15:32:03 INFO     Epoch 16/20 | step  350 | loss 0.4467
15:32:04 INFO     Epoch 16/20 | step  360 | loss 0.5065
15:32:04 INFO     Epoch 16/20 | step  370 | loss 0.3692
15:32:04 INFO     Epoch 16/20 | step  380 | loss 0.4339
15:32:04 INFO     Epoch 16/20 | step  390 | loss 0.3993
15:32:05 INFO     Epoch 16/20 | step  400 | loss 0.3453
15:32:05 INFO     Epoch 16/20 | step  410 | loss 0.5007
15:32:05 INFO     Epoch 16/20 | step  420 | loss 0.4474
15:32:06 INFO     Epoch 16/20 | step  430 | loss 0.4080
15:32:06 INFO     Epoch 16/20 | step  440 | loss 0.4136
15:32:06 INFO     Epoch 16/20 | step  450 | loss 0.3981
15:32:07 INFO     Epoch 16/20 | step  460 | loss 0.3909
15:32:07 INFO     Epoch 16/20 | step  470 | loss 0.4094
15:32:07 INFO     Epoch 16/20 | step  480 | loss 0.3789
15:32:07 INFO     Epoch 16/20 | step  490 | loss 0.3617
15:32:08 INFO     Epoch 16/20 | step  500 | loss 0.3823
15:32:08 INFO     Epoch 16/20 | step  510 | loss 0.4475
15:32:08 INFO     Epoch 16/20 | step  520 | loss 0.4143
15:32:09 INFO     Epoch 16/20 | step  530 | loss 0.3595
15:32:09 INFO     Epoch 16/20 | step  540 | loss 0.3379
15:32:09 INFO     Epoch 16/20 | step  550 | loss 0.5120
15:32:10 INFO     Epoch 16/20 | step  560 | loss 0.4508
15:32:10 INFO     Epoch 16/20 | step  570 | loss 0.4749
15:32:10 INFO     Epoch 16/20 | step  580 | loss 0.3611
15:32:10 INFO     Epoch 16/20 | step  590 | loss 0.4269
15:32:11 INFO     Epoch 16/20 | step  600 | loss 0.3073
15:32:11 INFO     Epoch 16/20 | step  610 | loss 0.5164
15:32:11 INFO     Epoch 16/20 | step  620 | loss 0.3706
15:32:12 INFO     Epoch 16/20 | step  630 | loss 0.3979
15:32:12 INFO     Epoch 16/20 | step  640 | loss 0.3286
15:32:12 INFO     Epoch 16/20 | step  650 | loss 0.3890
15:32:13 INFO     Epoch 16/20 | step  660 | loss 0.4140
15:32:13 INFO     Epoch 16/20 | step  670 | loss 0.5352
15:32:13 INFO     Epoch 16/20 | step  680 | loss 0.3558
15:32:13 INFO     Epoch 16/20 | step  690 | loss 0.5069
15:32:14 INFO     Epoch 16/20 | step  700 | loss 0.3891
15:32:14 INFO     Epoch 16/20 | step  710 | loss 0.4850
15:32:14 INFO     Epoch 16/20 | step  720 | loss 0.4277
15:32:15 INFO     Epoch 16/20 | step  730 | loss 0.4501
15:32:15 INFO     Epoch 16/20 | step  740 | loss 0.4232
15:32:15 INFO     Epoch 16/20 | step  750 | loss 0.3885
15:32:16 INFO     Epoch 16/20 | step  760 | loss 0.4151
15:32:16 INFO     Epoch 16/20 | step  770 | loss 0.3974
15:32:16 INFO     Epoch 16/20 | step  780 | loss 0.3769
15:32:17 INFO     Epoch 16/20 | step  790 | loss 0.4378
15:32:17 INFO     Epoch 16/20 | step  800 | loss 0.3998
15:32:17 INFO     Epoch 16/20 | step  810 | loss 0.4420
15:32:17 INFO     Epoch 16/20 | step  820 | loss 0.3812
15:32:18 INFO     Epoch 16/20 | step  830 | loss 0.4870
15:32:18 INFO     Epoch 16/20 | step  840 | loss 0.3737
15:32:18 INFO     Epoch 16/20 | step  850 | loss 0.3974
15:32:19 INFO     Epoch 16/20 | step  860 | loss 0.4072
15:32:19 INFO     Epoch 16/20 | step  870 | loss 0.4657
15:32:19 INFO     Epoch 16/20 | step  880 | loss 0.4100
15:32:20 INFO     Epoch 16/20 | step  890 | loss 0.4380
15:32:20 INFO     Epoch 16/20 | step  900 | loss 0.4263
15:32:20 INFO     Epoch 16/20 | step  910 | loss 0.4245
15:32:20 INFO     Epoch 16/20 | step  920 | loss 0.3920
15:32:21 INFO     Epoch 16/20 | step  930 | loss 0.3859
15:32:21 INFO     Epoch 16/20 | step  940 | loss 0.4332
15:32:21 INFO     Epoch 16/20 | step  950 | loss 0.4436
15:32:22 INFO     Epoch 16/20 | step  960 | loss 0.3780
15:32:22 INFO     Epoch 16/20 | step  970 | loss 0.4374
15:32:22 INFO     Epoch 16/20 | step  980 | loss 0.4040
15:32:23 INFO     Epoch 16/20 | step  990 | loss 0.4670
15:32:23 INFO     Epoch 16/20 | step 1000 | loss 0.4131
15:32:23 INFO     Epoch 16/20 | step 1010 | loss 0.4043
15:32:23 INFO     Epoch 16/20 | step 1020 | loss 0.4288
15:32:24 INFO     Epoch 16/20 | step 1030 | loss 0.4476
15:32:24 INFO     Epoch 16/20 | step 1040 | loss 0.4639
15:32:24 INFO     Epoch 16/20 | step 1050 | loss 0.3731
15:32:25 INFO     Epoch 16/20 | step 1060 | loss 0.3478
15:32:25 INFO     Epoch 16/20 | step 1070 | loss 0.3560
15:32:25 INFO     Epoch 16/20 | step 1080 | loss 0.4169
15:32:26 INFO     Epoch 16/20 | step 1090 | loss 0.3785
15:32:26 INFO     Epoch 16/20 | step 1100 | loss 0.4647
15:32:26 INFO     Epoch 16/20 | step 1110 | loss 0.4176
15:32:26 INFO     Epoch 16/20 | step 1120 | loss 0.3651
15:32:27 INFO     Epoch 16/20 | step 1130 | loss 0.4448
15:32:27 INFO     Epoch 16/20 | step 1140 | loss 0.4645
15:32:27 INFO     Epoch 16/20 | step 1150 | loss 0.3994
15:32:28 INFO     Epoch 16/20 | step 1160 | loss 0.4894
15:32:28 INFO     Epoch 16/20 | step 1170 | loss 0.4417
15:32:28 INFO     Epoch 16/20 | step 1180 | loss 0.3925
15:32:29 INFO     Epoch 16/20 | step 1190 | loss 0.4709
15:32:29 INFO     Epoch 16/20 | step 1200 | loss 0.3672
15:32:29 INFO     Epoch 16/20 | step 1210 | loss 0.4305
15:32:30 INFO     Epoch 16/20 | step 1220 | loss 0.4824
15:32:30 INFO     Epoch 16/20 | step 1230 | loss 0.3980
15:32:30 INFO     Epoch 16/20 | step 1240 | loss 0.4460
15:32:30 INFO     Epoch 16/20 | step 1250 | loss 0.4754
15:32:31 INFO     Epoch 16/20 | step 1260 | loss 0.4093
15:32:31 INFO     Epoch 16/20 | step 1270 | loss 0.3790
15:32:31 INFO     Epoch 16/20 | step 1280 | loss 0.4312
15:32:32 INFO     Epoch 16/20 | step 1290 | loss 0.4760
15:32:32 INFO     Epoch 16/20 | step 1300 | loss 0.4900
15:32:32 INFO     Epoch 16/20 | step 1310 | loss 0.3049
15:32:33 INFO     Epoch 16/20 | step 1320 | loss 0.3823
15:32:33 INFO     Epoch 16/20 | step 1330 | loss 0.4066
15:32:33 INFO     Epoch 16/20 | step 1340 | loss 0.4183
15:32:33 INFO     Epoch 16/20 | step 1350 | loss 0.3333
15:32:34 INFO     Epoch 16/20 | step 1360 | loss 0.3568
15:32:34 INFO     Epoch 16/20 | step 1370 | loss 0.4159
15:32:34 INFO     Epoch 16/20 | step 1380 | loss 0.4189
15:32:35 INFO     Epoch 16/20 | step 1390 | loss 0.3851
15:32:35 INFO     Epoch 16/20 | step 1400 | loss 0.3286
15:32:35 INFO     Epoch 16/20 | step 1410 | loss 0.3906
15:32:36 INFO     Epoch 16/20 | step 1420 | loss 0.3220
15:32:36 INFO     Epoch 16/20 | step 1430 | loss 0.4002
15:32:36 INFO     Epoch 16/20 | step 1440 | loss 0.4804
15:32:36 INFO     Epoch 16/20 | step 1450 | loss 0.3613
15:32:37 INFO     Epoch 16/20 | step 1460 | loss 0.4234
15:32:37 INFO     Epoch 16/20 | step 1470 | loss 0.3103
15:32:37 INFO     Epoch 16/20 | step 1480 | loss 0.5110
15:32:38 INFO     Epoch 16/20 | step 1490 | loss 0.4145
15:32:38 INFO     Epoch 16/20 | step 1500 | loss 0.4342
15:32:38 INFO     Epoch 16/20 | step 1510 | loss 0.4678
15:32:39 INFO     Epoch 16/20 | step 1520 | loss 0.5353
15:32:39 INFO     Epoch 16/20 | step 1530 | loss 0.4442
15:32:39 INFO     Epoch 16/20 | step 1540 | loss 0.4535
15:32:39 INFO     Epoch 16/20 | step 1550 | loss 0.4734
15:32:40 INFO     Epoch 16/20 | step 1560 | loss 0.4822
15:32:40 INFO     Epoch 16/20 | step 1570 | loss 0.4231
15:32:40 INFO     Epoch 16/20 | step 1580 | loss 0.3309
15:32:41 INFO     Epoch 16/20 | step 1590 | loss 0.4499
15:32:41 INFO     Epoch 16/20 | step 1600 | loss 0.5107
15:32:41 INFO     Epoch 16/20 | step 1610 | loss 0.4186
15:32:42 INFO     Epoch 16/20 | step 1620 | loss 0.3670
15:32:42 INFO     Epoch 16/20 | step 1630 | loss 0.3414
15:32:42 INFO     Epoch 16/20 | step 1640 | loss 0.4149
15:32:43 INFO     Epoch 16/20 | step 1650 | loss 0.4560
15:32:43 INFO     Epoch 16/20 | step 1660 | loss 0.3938
15:32:43 INFO     Epoch 16/20 | step 1670 | loss 0.4329
15:32:43 INFO     Epoch 16/20 | step 1680 | loss 0.3209
15:32:44 INFO     Epoch 16/20 | step 1690 | loss 0.4125
15:32:44 INFO     Epoch 16/20 | step 1700 | loss 0.3867
15:32:44 INFO     Epoch 16/20 | step 1710 | loss 0.3891
15:32:45 INFO     Epoch 16/20 | step 1720 | loss 0.4899
15:32:45 INFO     Epoch 16/20 | step 1730 | loss 0.4175
15:32:45 INFO     Epoch 16/20 | step 1740 | loss 0.4554
15:32:46 INFO     Epoch 16/20 | step 1750 | loss 0.4563
15:32:46 INFO     Epoch 16/20 | step 1760 | loss 0.4018
15:32:46 INFO     Epoch 16/20 | step 1770 | loss 0.4810
15:32:46 INFO     Epoch 16/20 | step 1780 | loss 0.4601
15:32:47 INFO     Epoch 16/20 | step 1790 | loss 0.3820
15:32:47 INFO     Epoch 16/20 | step 1800 | loss 0.4593
15:32:47 INFO     Epoch 16/20 | step 1810 | loss 0.4268
15:32:48 INFO     Epoch 16/20 | step 1820 | loss 0.3110
15:32:48 INFO     Epoch 16/20 | step 1830 | loss 0.4019
15:32:48 INFO     Epoch 16/20 | step 1840 | loss 0.3383
15:32:49 INFO     Epoch 16/20 | step 1850 | loss 0.4605
15:32:49 INFO     Epoch 16/20 | step 1860 | loss 0.4632
15:32:49 INFO     Epoch 16/20 | step 1870 | loss 0.4340
15:32:49 INFO     Epoch 16/20 | step 1880 | loss 0.3733
15:32:50 INFO     Epoch 16/20 | step 1890 | loss 0.3980
15:32:50 INFO     Epoch 16/20 | step 1900 | loss 0.4255
15:32:50 INFO     Epoch 16/20 | step 1910 | loss 0.4353
15:32:51 INFO     Epoch 16/20 | step 1920 | loss 0.4047
15:32:51 INFO     Epoch 16/20 | step 1930 | loss 0.3748
15:32:51 INFO     Epoch 16/20 | step 1940 | loss 0.3643
15:32:52 INFO     Epoch 16/20 | step 1950 | loss 0.4550
15:32:52 INFO     Epoch 16/20 | step 1960 | loss 0.4014
15:32:52 INFO     Epoch 16/20 | step 1970 | loss 0.4547
15:32:52 INFO     Epoch 16/20 | step 1980 | loss 0.3656
15:32:53 INFO     Epoch 16/20 | step 1990 | loss 0.4616
15:32:53 INFO     Epoch 16/20 | step 2000 | loss 0.4649
15:32:53 INFO     Epoch 16/20 | step 2010 | loss 0.3674
15:32:54 INFO     Epoch 16/20 | step 2020 | loss 0.4524
15:32:54 INFO     Epoch 16/20 | step 2030 | loss 0.4631
15:32:54 INFO     Epoch 16/20 | step 2040 | loss 0.3569
15:32:55 INFO     Epoch 16/20 | step 2050 | loss 0.4597
15:32:55 INFO     Epoch 16/20 | step 2060 | loss 0.4491
15:32:55 INFO     Epoch 16/20 | step 2070 | loss 0.4037
15:32:55 INFO     Epoch 16/20 | step 2080 | loss 0.3723
15:32:56 INFO     Epoch 16/20 | step 2090 | loss 0.5018
15:32:56 INFO     Epoch 16/20 | step 2100 | loss 0.4442
15:32:56 INFO     Epoch 16/20 | step 2110 | loss 0.5025
15:32:57 INFO     Epoch 16/20 | step 2120 | loss 0.3551
15:32:57 INFO     Epoch 16/20 | step 2130 | loss 0.4508
15:32:57 INFO     Epoch 16/20 | step 2140 | loss 0.3058
15:32:58 INFO     Epoch 16/20 | step 2150 | loss 0.4955
15:32:58 INFO     Epoch 16/20 | step 2160 | loss 0.3388
15:32:58 INFO     Epoch 16/20 | step 2170 | loss 0.4635
15:32:59 INFO     Epoch 16/20 | step 2180 | loss 0.3304
15:32:59 INFO     Epoch 16/20 | step 2190 | loss 0.4363
15:32:59 INFO     Epoch 16/20 | step 2200 | loss 0.4236
15:32:59 INFO     Epoch 16/20 | step 2210 | loss 0.4828
15:33:00 INFO     Epoch 16/20 | step 2220 | loss 0.3943
15:33:00 INFO     Epoch 16/20 | step 2230 | loss 0.3587
15:33:00 INFO     Epoch 16/20 | step 2240 | loss 0.4480
15:33:01 INFO     Epoch 16/20 | step 2250 | loss 0.5071
15:33:01 INFO     Epoch 16/20 | step 2260 | loss 0.4028
15:33:01 INFO     Epoch 16/20 | step 2270 | loss 0.3226
15:33:02 INFO     Epoch 16/20 | step 2280 | loss 0.4513
15:33:02 INFO     Epoch 16/20 | step 2290 | loss 0.4542
15:33:02 INFO     Epoch 16/20 | step 2300 | loss 0.4940
15:33:02 INFO     Epoch 16/20 | step 2310 | loss 0.4937
15:33:03 INFO     Epoch 16/20 | step 2320 | loss 0.4559
15:33:03 INFO     Epoch 16/20 | step 2330 | loss 0.3944
15:33:03 INFO     Epoch 16/20 | step 2340 | loss 0.5090
15:33:04 INFO     Epoch 16/20 | step 2350 | loss 0.4096
15:33:04 INFO     Epoch 16/20 | step 2360 | loss 0.4314
15:33:04 INFO     Epoch 16/20 | step 2370 | loss 0.4028
15:33:05 INFO     Epoch 16/20 | step 2380 | loss 0.4452
15:33:05 INFO     Epoch 16/20 | step 2390 | loss 0.3159
15:33:05 INFO     Epoch 16/20 | step 2400 | loss 0.2884
15:33:05 INFO     Epoch 16/20 | step 2410 | loss 0.3809
15:33:06 INFO     Epoch 16/20 | step 2420 | loss 0.3466
15:33:06 INFO     Epoch 16/20 | step 2430 | loss 0.4393
15:33:06 INFO     Epoch 16/20 | step 2440 | loss 0.3763
15:33:07 INFO     Epoch 16/20 | step 2450 | loss 0.3723
15:33:07 INFO     Epoch 16/20 | step 2460 | loss 0.3453
15:33:07 INFO     Epoch 16/20 | step 2470 | loss 0.4198
15:33:08 INFO     Epoch 16/20 | step 2480 | loss 0.4171
15:33:08 INFO     Epoch 16/20 | step 2490 | loss 0.4213
15:33:08 INFO     Epoch 16/20 | step 2500 | loss 0.3674
15:33:08 INFO     Epoch 16/20 | step 2510 | loss 0.3579
15:33:09 INFO     Epoch 16/20 | step 2520 | loss 0.4204
15:33:09 INFO     Epoch 16/20 | step 2530 | loss 0.4215
15:33:09 INFO     Epoch 16/20 | step 2540 | loss 0.4027
15:33:10 INFO     Epoch 16/20 | step 2550 | loss 0.3856
15:33:10 INFO     Epoch 16/20 | step 2560 | loss 0.4113
15:33:10 INFO     Epoch 16/20 | step 2570 | loss 0.5295
15:33:11 INFO     Epoch 16/20 | step 2580 | loss 0.4730
15:33:11 INFO     Epoch 16/20 | step 2590 | loss 0.3771
15:33:11 INFO     Epoch 16/20 | step 2600 | loss 0.3177
15:33:11 INFO     Epoch 16/20 | step 2610 | loss 0.4482
15:33:12 INFO     Epoch 16/20 | step 2620 | loss 0.3430
15:33:12 INFO     Epoch 16/20 | step 2630 | loss 0.3378
15:33:12 INFO     Epoch 16/20 | step 2640 | loss 0.3924
15:33:13 INFO     Epoch 16/20 | step 2650 | loss 0.3541
15:33:13 INFO     Epoch 16/20 | step 2660 | loss 0.4078
15:33:13 INFO     Epoch 16/20 | step 2670 | loss 0.4370
15:33:14 INFO     Epoch 16/20 | step 2680 | loss 0.3299
15:33:14 INFO     Epoch 16/20 | step 2690 | loss 0.3625
15:33:14 INFO     Epoch 16/20 | step 2700 | loss 0.4412
15:33:15 INFO     Epoch 16/20 | step 2710 | loss 0.3914
15:33:15 INFO     Epoch 16/20 | step 2720 | loss 0.3256
15:33:15 INFO     Epoch 16/20 | step 2730 | loss 0.3874
15:33:15 INFO     Epoch 16/20 | step 2740 | loss 0.4031
15:33:16 INFO     Epoch 16/20 | step 2750 | loss 0.4503
15:33:16 INFO     Epoch 16/20 | step 2760 | loss 0.4570
15:33:16 INFO     Epoch 16/20 | step 2770 | loss 0.3873
15:33:17 INFO     Epoch 16/20 | step 2780 | loss 0.3990
15:33:17 INFO     Epoch 16/20 | step 2790 | loss 0.4758
15:33:17 INFO     Epoch 16/20 | step 2800 | loss 0.3665
15:33:18 INFO     Epoch 16/20 | step 2810 | loss 0.3937
15:33:18 INFO     Epoch 16/20 | step 2820 | loss 0.4040
15:33:18 INFO     Epoch 16/20 | step 2830 | loss 0.3913
15:33:18 INFO     Epoch 16/20 | step 2840 | loss 0.3441
15:33:19 INFO     Epoch 16/20 | step 2850 | loss 0.4038
15:33:19 INFO     Epoch 16/20 | step 2860 | loss 0.4716
15:33:19 INFO     Epoch 16/20 | step 2870 | loss 0.3701
15:33:20 INFO     Epoch 16/20 | step 2880 | loss 0.4467
15:33:20 INFO     Epoch 16/20 | step 2890 | loss 0.3992
15:33:20 INFO     Epoch 16/20 | step 2900 | loss 0.3930
15:33:21 INFO     Epoch 16/20 | step 2910 | loss 0.3035
15:33:21 INFO     Epoch 16/20 | step 2920 | loss 0.3731
15:33:21 INFO     Epoch 16/20 | step 2930 | loss 0.5009
15:33:21 INFO     Epoch 16/20 | step 2940 | loss 0.4206
15:33:22 INFO     Epoch 16/20 | step 2950 | loss 0.3733
15:33:22 INFO     Epoch 16/20 | step 2960 | loss 0.3385
15:33:22 INFO     Epoch 16/20 | step 2970 | loss 0.3990
15:33:23 INFO     Epoch 16/20 | step 2980 | loss 0.4104
15:33:23 INFO     Epoch 16/20 | step 2990 | loss 0.4216
15:33:23 INFO     Epoch 16/20 | step 3000 | loss 0.3720
15:33:24 INFO     Epoch 16/20 | step 3010 | loss 0.4031
15:33:24 INFO     Epoch 16/20 | step 3020 | loss 0.4076
15:33:24 INFO     Epoch 16/20 | step 3030 | loss 0.4511
15:33:24 INFO     Epoch 16/20 | step 3040 | loss 0.4800
15:33:25 INFO     Epoch 16/20 | step 3050 | loss 0.3978
15:33:25 INFO     Epoch 16/20 | step 3060 | loss 0.3815
15:33:25 INFO     Epoch 16/20 | step 3070 | loss 0.4035
15:33:26 INFO     Epoch 16/20 | step 3080 | loss 0.3881
15:33:26 INFO     Epoch 16/20 | step 3090 | loss 0.4066
15:33:26 INFO     Epoch 16/20 | step 3100 | loss 0.3624
15:33:27 INFO     Epoch 16/20 | step 3110 | loss 0.4519
15:33:27 INFO     Epoch 16/20 | step 3120 | loss 0.3350
15:33:27 INFO     Epoch 16/20 | step 3130 | loss 0.3755
15:33:27 INFO     Epoch 16/20 | step 3140 | loss 0.3302
15:33:28 INFO     Epoch 16/20 | step 3150 | loss 0.4574
15:33:28 INFO     Epoch 16/20 | step 3160 | loss 0.4835
15:33:28 INFO     Epoch 16/20 | step 3170 | loss 0.5952
15:33:29 INFO     Epoch 16/20 | step 3180 | loss 0.2841
15:33:29 INFO     Epoch 16/20 | step 3190 | loss 0.3633
15:33:29 INFO     Epoch 16/20 | step 3200 | loss 0.4033
15:33:30 INFO     Epoch 16/20 | step 3210 | loss 0.3995
15:33:30 INFO     Epoch 16/20 | step 3220 | loss 0.3633
15:33:30 INFO     Epoch 16/20 | step 3230 | loss 0.4773
15:33:31 INFO     Epoch 16/20 | step 3240 | loss 0.3718
15:33:31 INFO     Epoch 16/20 | step 3250 | loss 0.3825
15:33:31 INFO     Epoch 16/20 | step 3260 | loss 0.4778
15:33:31 INFO     Epoch 16/20 | step 3270 | loss 0.4525
15:33:32 INFO     Epoch 16/20 | step 3280 | loss 0.3920
15:33:32 INFO     Epoch 16/20 | step 3290 | loss 0.4275
15:33:32 INFO     Epoch 16/20 | step 3300 | loss 0.4994
15:33:33 INFO     Epoch 16/20 | step 3310 | loss 0.3132
15:33:33 INFO     Epoch 16/20 | step 3320 | loss 0.4253
15:33:33 INFO     Epoch 16/20 | step 3330 | loss 0.4305
15:33:34 INFO     Epoch 16/20 | step 3340 | loss 0.3610
15:33:34 INFO     Epoch 16/20 | step 3350 | loss 0.3827
15:33:34 INFO     Epoch 16/20 | step 3360 | loss 0.4403
15:33:34 INFO     Epoch 16/20 | step 3370 | loss 0.3669
15:33:35 INFO     Epoch 16/20 | step 3380 | loss 0.4303
15:33:35 INFO     Epoch 16/20 | step 3390 | loss 0.5047
15:33:35 INFO     Epoch 16/20 | step 3400 | loss 0.4473
15:33:36 INFO     Epoch 16/20 | step 3410 | loss 0.4626
15:33:36 INFO     Epoch 16/20 | step 3420 | loss 0.3798
15:33:36 INFO     Epoch 16/20 | step 3430 | loss 0.4397
15:33:37 INFO     Epoch 16/20 | step 3440 | loss 0.3503
15:33:37 INFO     Epoch 16/20 | step 3450 | loss 0.3530
15:33:37 INFO     Epoch 16/20 | step 3460 | loss 0.3704
15:33:37 INFO     Epoch 16/20 | step 3470 | loss 0.3352
15:33:38 INFO     Epoch 16/20 | step 3480 | loss 0.4077
15:33:38 INFO     Epoch 16/20 | step 3490 | loss 0.3727
15:33:38 INFO     Epoch 16/20 | step 3500 | loss 0.3879
15:33:39 INFO     Epoch 16/20 | step 3510 | loss 0.4658
15:33:39 INFO     Epoch 16/20 | step 3520 | loss 0.4157
15:33:39 INFO     Epoch 16/20 | step 3530 | loss 0.2760
15:33:40 INFO     Epoch 16/20 | step 3540 | loss 0.4078
15:33:40 INFO     Epoch 16/20 | step 3550 | loss 0.4262
15:33:40 INFO     Epoch 16/20 | step 3560 | loss 0.4585
15:33:40 INFO     Epoch 16/20 | step 3570 | loss 0.4305
15:33:41 INFO     Epoch 16/20 | step 3580 | loss 0.4095
15:33:41 INFO     Epoch 16/20 | step 3590 | loss 0.4808
15:33:41 INFO     Epoch 16/20 | step 3600 | loss 0.4281
15:33:42 INFO     Epoch 16/20 | step 3610 | loss 0.3967
15:33:42 INFO     Epoch 16/20 | step 3620 | loss 0.4742
15:33:42 INFO     Epoch 16/20 | step 3630 | loss 0.3610
15:33:43 INFO     Epoch 16/20 | step 3640 | loss 0.3827
15:33:43 INFO     Epoch 16/20 | step 3650 | loss 0.3980
15:33:43 INFO     Epoch 16/20 | step 3660 | loss 0.3740
15:33:44 INFO     Epoch 16/20 | step 3670 | loss 0.3724
15:33:44 INFO     Epoch 16/20 | step 3680 | loss 0.4249
15:33:44 INFO     Epoch 16/20 | step 3690 | loss 0.5035
15:33:44 INFO     Epoch 16/20 | step 3700 | loss 0.3963
15:33:45 INFO     Epoch 16/20 | step 3710 | loss 0.3904
15:33:45 INFO     Epoch 16/20 | step 3720 | loss 0.3725
15:33:45 INFO     Epoch 16/20 | step 3730 | loss 0.4376
15:33:46 INFO     Epoch 16/20 | step 3740 | loss 0.3755
15:33:46 INFO     Epoch 16/20 | step 3750 | loss 0.4483
15:33:46 INFO     Epoch 16/20 | step 3760 | loss 0.3895
15:33:47 INFO     Epoch 16/20 | step 3770 | loss 0.5033
15:33:47 INFO     Epoch 16/20 | step 3780 | loss 0.4142
15:33:47 INFO     Epoch 16/20 | step 3790 | loss 0.4194
15:33:47 INFO     Epoch 16/20 | step 3800 | loss 0.3665
15:33:48 INFO     Epoch 16/20 | step 3810 | loss 0.4366
15:33:48 INFO     Epoch 16/20 | step 3820 | loss 0.3497
15:33:48 INFO     Epoch 16/20 | step 3830 | loss 0.4197
15:33:49 INFO     Epoch 16/20 | step 3840 | loss 0.3708
15:33:49 INFO     Epoch 16/20 | step 3850 | loss 0.3830
15:33:49 INFO     Epoch 16/20 | step 3860 | loss 0.4291
15:33:50 INFO     Epoch 16/20 | step 3870 | loss 0.3623
15:33:50 INFO     Epoch 16/20 | step 3880 | loss 0.4094
15:33:50 INFO     Epoch 16/20 | step 3890 | loss 0.4842
15:33:50 INFO     Epoch 16/20 | step 3900 | loss 0.3855
15:33:51 INFO     Epoch 16/20 | step 3910 | loss 0.3571
15:33:51 INFO     Epoch 16/20 | step 3920 | loss 0.3267
15:33:51 INFO     Epoch 16/20 | step 3930 | loss 0.4328
15:33:52 INFO     Epoch 16/20 | step 3940 | loss 0.4221
15:33:52 INFO     Epoch 16/20 | step 3950 | loss 0.3377
15:33:52 INFO     Epoch 16/20 | step 3960 | loss 0.3505
15:33:53 INFO     Epoch 16/20 | step 3970 | loss 0.3798
15:33:53 INFO     Epoch 16/20 | step 3980 | loss 0.4298
15:33:53 INFO     Epoch 16/20 | step 3990 | loss 0.3916
15:33:53 INFO     Epoch 16/20 | step 4000 | loss 0.4443
15:33:54 INFO     Epoch 16/20 | step 4010 | loss 0.3759
15:33:54 INFO     Epoch 16/20 | step 4020 | loss 0.3929
15:33:54 INFO     Epoch 16/20 | step 4030 | loss 0.3646
15:33:55 INFO     Epoch 16/20 | step 4040 | loss 0.5098
15:33:55 INFO     Epoch 16/20 | step 4050 | loss 0.4190
15:33:55 INFO     Epoch 16/20 | step 4060 | loss 0.3807
15:33:56 INFO     Epoch 16/20 | step 4070 | loss 0.3547
15:33:56 INFO     Epoch 16/20 | step 4080 | loss 0.4323
15:33:56 INFO     Epoch 16/20 | step 4090 | loss 0.3480
15:33:57 INFO     Epoch 16/20 | step 4100 | loss 0.4340
15:33:57 INFO     Epoch 16/20 | step 4110 | loss 0.4017
15:33:57 INFO     Epoch 16/20 | step 4120 | loss 0.3910
15:33:57 INFO     Epoch 16/20 | step 4130 | loss 0.3633
15:33:58 INFO     Epoch 16/20 | step 4140 | loss 0.4151
15:33:58 INFO     Epoch 16/20 | step 4150 | loss 0.3552
15:33:58 INFO     Epoch 16/20 | step 4160 | loss 0.4517
15:33:59 INFO     Epoch 16/20 | step 4170 | loss 0.4102
15:33:59 INFO     Epoch 16/20 | step 4180 | loss 0.4340
15:33:59 INFO     Epoch 16/20 | step 4190 | loss 0.5056
15:34:00 INFO     Epoch 16/20 | step 4200 | loss 0.4014
15:34:00 INFO     Epoch 16/20 | step 4210 | loss 0.4010
15:34:00 INFO     Epoch 16/20 | step 4220 | loss 0.4325
15:34:00 INFO     Epoch 16/20 | step 4230 | loss 0.4100
15:34:01 INFO     Epoch 16/20 | step 4240 | loss 0.4072
15:34:01 INFO     Epoch 16/20 | step 4250 | loss 0.3101
15:34:01 INFO     Epoch 16/20 | step 4260 | loss 0.4501
15:34:02 INFO     Epoch 16/20 | step 4270 | loss 0.3875
15:34:02 INFO     Epoch 16/20 | step 4280 | loss 0.3914
15:34:02 INFO     Epoch 16/20 | step 4290 | loss 0.4205
15:34:03 INFO     Epoch 16/20 | step 4300 | loss 0.4330
15:34:03 INFO     Epoch 16/20 | step 4310 | loss 0.4716
15:34:03 INFO     Epoch 16/20 | step 4320 | loss 0.5123
15:34:03 INFO     Epoch 16/20 | step 4330 | loss 0.3928
15:34:04 INFO     Epoch 16/20 | step 4340 | loss 0.5272
15:34:04 INFO     Epoch 16/20 | step 4350 | loss 0.4576
15:34:04 INFO     Epoch 16/20 | step 4360 | loss 0.3866
15:34:05 INFO     Epoch 16/20 | step 4370 | loss 0.4766
15:34:05 INFO     Epoch 16/20 | step 4380 | loss 0.3578
15:34:05 INFO     Epoch 16/20 | step 4390 | loss 0.3935
15:34:06 INFO     Epoch 16/20 | step 4400 | loss 0.3853
15:34:06 INFO     Epoch 16/20 | step 4410 | loss 0.4372
15:34:06 INFO     Epoch 16/20 | step 4420 | loss 0.3427
15:34:06 INFO     Epoch 16/20 | step 4430 | loss 0.3808
15:34:07 INFO     Epoch 16/20 | step 4440 | loss 0.3625
15:34:07 INFO     Epoch 16/20 | step 4450 | loss 0.2801
15:34:07 INFO     Epoch 16/20 | step 4460 | loss 0.3777
15:34:08 INFO     Epoch 16/20 | step 4470 | loss 0.4209
15:34:08 INFO     Epoch 16/20 | step 4480 | loss 0.4109
15:34:08 INFO     Epoch 16/20 | step 4490 | loss 0.3827
15:34:09 INFO     Epoch 16/20 | step 4500 | loss 0.4340
15:34:09 INFO     Epoch 16/20 | step 4510 | loss 0.4309
15:34:09 INFO     Epoch 16/20 | step 4520 | loss 0.3786
15:34:09 INFO     Epoch 16/20 | step 4530 | loss 0.5000
15:34:10 INFO     Epoch 16/20 | step 4540 | loss 0.4041
15:34:10 INFO     Epoch 16/20 | step 4550 | loss 0.3868
15:34:10 INFO     Epoch 16/20 | step 4560 | loss 0.4219
15:34:11 INFO     Epoch 16/20 | step 4570 | loss 0.4456
15:34:11 INFO     Epoch 16/20 | step 4580 | loss 0.3869
15:34:11 INFO     Epoch 16/20 | step 4590 | loss 0.4292
15:34:12 INFO     Epoch 16/20 | step 4600 | loss 0.3805
15:34:12 INFO     Epoch 16/20 | step 4610 | loss 0.4027
15:34:12 INFO     Epoch 16/20 | step 4620 | loss 0.4544
15:34:13 INFO     Epoch 16/20 | step 4630 | loss 0.4734
15:34:13 INFO     Epoch 16/20 | step 4640 | loss 0.4896
15:34:13 INFO     Epoch 16/20 | step 4650 | loss 0.5169
15:34:13 INFO     Epoch 16/20 | step 4660 | loss 0.4225
15:34:14 INFO     Epoch 16/20 | step 4670 | loss 0.4856
15:34:14 INFO     Epoch 16/20 | step 4680 | loss 0.4265
15:34:14 INFO     Epoch 16/20 | step 4690 | loss 0.4144
15:34:15 INFO     Epoch 16/20 | step 4700 | loss 0.3768
15:34:15 INFO     Epoch 16/20 | step 4710 | loss 0.4050
15:34:15 INFO     Epoch 16/20 | step 4720 | loss 0.4846
15:34:16 INFO     Epoch 16/20 | step 4730 | loss 0.3708
15:34:16 INFO     Epoch 16/20 | step 4740 | loss 0.4327
15:34:16 INFO     Epoch 16/20 | step 4750 | loss 0.4749
15:34:16 INFO     Epoch 16/20 | step 4760 | loss 0.5407
15:34:17 INFO     Epoch 16/20 | step 4770 | loss 0.4052
15:34:17 INFO     Epoch 16/20 | step 4780 | loss 0.4020
15:34:17 INFO     Epoch 16/20 | step 4790 | loss 0.3528
15:34:18 INFO     Epoch 16/20 | step 4800 | loss 0.3827
15:34:18 INFO     Epoch 16/20 | step 4810 | loss 0.3014
15:34:18 INFO     Epoch 16/20 | step 4820 | loss 0.3534
15:34:19 INFO     Epoch 16/20 | step 4830 | loss 0.4620
15:34:19 INFO     Epoch 16/20 | step 4840 | loss 0.3816
15:34:19 INFO     Epoch 16/20 | step 4850 | loss 0.4324
15:34:19 INFO     Epoch 16/20 | step 4860 | loss 0.3763
15:34:20 INFO     Epoch 16/20 | step 4870 | loss 0.4672
15:34:20 INFO     Epoch 16/20 | step 4880 | loss 0.4320
15:34:20 INFO     Epoch 16/20 | step 4890 | loss 0.4533
15:34:21 INFO     Epoch 16/20 | step 4900 | loss 0.4272
15:34:21 INFO     Epoch 16/20 | step 4910 | loss 0.3769
15:34:21 INFO     Epoch 16/20 | step 4920 | loss 0.3664
15:34:22 INFO     Epoch 16/20 | step 4930 | loss 0.4005
15:34:22 INFO     Epoch 16/20 | step 4940 | loss 0.4391
15:34:22 INFO     Epoch 16/20 | step 4950 | loss 0.3924
15:34:22 INFO     Epoch 16/20 | step 4960 | loss 0.3876
15:34:23 INFO     Epoch 16/20 | step 4970 | loss 0.3415
15:34:23 INFO     Epoch 16/20 | step 4980 | loss 0.5103
15:34:23 INFO     Epoch 16/20 | step 4990 | loss 0.3825
15:34:24 INFO     Epoch 16/20 | step 5000 | loss 0.4550
15:34:24 INFO     Epoch 16/20 | step 5010 | loss 0.3525
15:34:24 INFO     Epoch 16/20 | step 5020 | loss 0.4842
15:34:25 INFO     Epoch 16/20 | step 5030 | loss 0.4675
15:34:25 INFO     Epoch 16/20 | step 5040 | loss 0.3964
15:34:25 INFO     Epoch 16/20 | step 5050 | loss 0.4957
15:34:25 INFO     Epoch 16/20 | step 5060 | loss 0.3511
15:34:26 INFO     Epoch 16/20 | step 5070 | loss 0.4403
15:34:26 INFO     Epoch 16/20 | step 5080 | loss 0.4194
15:34:26 INFO     Epoch 16/20 | step 5090 | loss 0.4148
15:34:27 INFO     Epoch 16/20 | step 5100 | loss 0.4257
15:34:27 INFO     Epoch 16/20 | step 5110 | loss 0.4720
15:34:27 INFO     Epoch 16/20 | step 5120 | loss 0.4406
15:34:28 INFO     Epoch 16/20 | step 5130 | loss 0.4594
15:34:28 INFO     Epoch 16/20 | step 5140 | loss 0.4226
15:34:28 INFO     Epoch 16/20 | step 5150 | loss 0.3671
15:34:29 INFO     Epoch 16/20 | step 5160 | loss 0.4820
15:34:29 INFO     Epoch 16/20 | step 5170 | loss 0.4477
15:34:29 INFO     Epoch 16/20 | step 5180 | loss 0.4595
15:34:29 INFO     Epoch 16/20 | step 5190 | loss 0.3244
15:34:30 INFO     Epoch 16/20 | step 5200 | loss 0.4251
15:34:30 INFO     Epoch 16/20 | step 5210 | loss 0.4544
15:34:30 INFO     Epoch 16/20 | step 5220 | loss 0.3094
15:34:31 INFO     Epoch 16/20 | step 5230 | loss 0.3718
15:34:31 INFO     Epoch 16/20 | step 5240 | loss 0.4702
15:34:31 INFO     Epoch 16/20 | step 5250 | loss 0.5365
15:34:32 INFO     Epoch 16/20 | step 5260 | loss 0.4266
15:34:32 INFO     Epoch 16/20 | step 5270 | loss 0.5200
15:34:32 INFO     Epoch 16/20 | step 5280 | loss 0.3867
15:34:32 INFO     Epoch 16/20 | step 5290 | loss 0.3240
15:34:33 INFO     Epoch 16/20 | step 5300 | loss 0.4404
15:34:33 INFO     Epoch 16/20 | step 5310 | loss 0.3846
15:34:33 INFO     Epoch 16/20 | step 5320 | loss 0.3648
15:34:34 INFO     Epoch 16/20 | step 5330 | loss 0.3762
15:34:34 INFO     Epoch 16/20 | step 5340 | loss 0.4016
15:34:34 INFO     Epoch 16/20 | step 5350 | loss 0.3449
15:34:35 INFO     Epoch 16/20 | step 5360 | loss 0.3603
15:34:35 INFO     Epoch 16/20 | step 5370 | loss 0.4113
15:34:35 INFO     Epoch 16/20 | step 5380 | loss 0.4048
15:34:35 INFO     Epoch 16/20 | step 5390 | loss 0.5460
15:34:36 INFO     Epoch 16/20 | step 5400 | loss 0.4390
15:34:36 INFO     Epoch 16/20 | step 5410 | loss 0.3900
15:34:36 INFO     Epoch 16/20 | step 5420 | loss 0.4485
15:34:37 INFO     Epoch 16/20 | step 5430 | loss 0.4421
15:34:37 INFO     Epoch 16/20 | step 5440 | loss 0.3813
15:34:37 INFO     Epoch 16/20 | step 5450 | loss 0.3845
15:34:38 INFO     Epoch 16/20 | step 5460 | loss 0.3828
15:34:38 INFO     Epoch 16/20 | step 5470 | loss 0.4001
15:34:38 INFO     Epoch 16/20 | step 5480 | loss 0.4026
15:34:38 INFO     Epoch 16/20 | step 5490 | loss 0.3882
15:34:39 INFO     Epoch 16/20 | step 5500 | loss 0.4861
15:34:39 INFO     Epoch 16/20 | step 5510 | loss 0.4346
15:34:39 INFO     Epoch 16/20 | step 5520 | loss 0.4308
15:34:40 INFO     Epoch 16/20 | step 5530 | loss 0.4493
15:34:40 INFO     Epoch 16/20 | step 5540 | loss 0.3816
15:34:40 INFO     Epoch 16/20 | step 5550 | loss 0.4050
15:34:41 INFO     Epoch 16/20 | step 5560 | loss 0.4976
15:34:41 INFO     Epoch 16/20 | step 5570 | loss 0.4272
15:34:41 INFO     Epoch 16/20 | step 5580 | loss 0.4097
15:34:42 INFO     Epoch 16/20 | step 5590 | loss 0.4387
15:34:42 INFO     Epoch 16/20 | step 5600 | loss 0.3817
15:34:42 INFO     Epoch 16/20 | step 5610 | loss 0.3794
15:34:42 INFO     Epoch 16/20 | step 5620 | loss 0.3626
15:34:43 INFO     Epoch 16/20 | step 5630 | loss 0.3870
15:34:43 INFO     Epoch 16/20 | step 5640 | loss 0.4355
15:34:43 INFO     Epoch 16/20 | step 5650 | loss 0.4449
15:34:43 INFO     Epoch 16/20 | avg loss 0.4112
15:34:43 INFO     Epoch 16/20 | new best loss 0.4112 — checkpoint saved
15:34:44 INFO     Epoch 17/20 | step   10 | loss 0.4428
15:34:44 INFO     Epoch 17/20 | step   20 | loss 0.4219
15:34:44 INFO     Epoch 17/20 | step   30 | loss 0.3887
15:34:45 INFO     Epoch 17/20 | step   40 | loss 0.3477
15:34:45 INFO     Epoch 17/20 | step   50 | loss 0.3735
15:34:45 INFO     Epoch 17/20 | step   60 | loss 0.3974
15:34:46 INFO     Epoch 17/20 | step   70 | loss 0.3573
15:34:46 INFO     Epoch 17/20 | step   80 | loss 0.4007
15:34:46 INFO     Epoch 17/20 | step   90 | loss 0.4456
15:34:46 INFO     Epoch 17/20 | step  100 | loss 0.3703
15:34:47 INFO     Epoch 17/20 | step  110 | loss 0.4807
15:34:47 INFO     Epoch 17/20 | step  120 | loss 0.4458
15:34:47 INFO     Epoch 17/20 | step  130 | loss 0.4618
15:34:48 INFO     Epoch 17/20 | step  140 | loss 0.4469
15:34:48 INFO     Epoch 17/20 | step  150 | loss 0.4326
15:34:48 INFO     Epoch 17/20 | step  160 | loss 0.3685
15:34:49 INFO     Epoch 17/20 | step  170 | loss 0.4625
15:34:49 INFO     Epoch 17/20 | step  180 | loss 0.3875
15:34:49 INFO     Epoch 17/20 | step  190 | loss 0.2935
15:34:49 INFO     Epoch 17/20 | step  200 | loss 0.4931
15:34:50 INFO     Epoch 17/20 | step  210 | loss 0.3228
15:34:50 INFO     Epoch 17/20 | step  220 | loss 0.3472
15:34:50 INFO     Epoch 17/20 | step  230 | loss 0.3987
15:34:51 INFO     Epoch 17/20 | step  240 | loss 0.3503
15:34:51 INFO     Epoch 17/20 | step  250 | loss 0.4393
15:34:51 INFO     Epoch 17/20 | step  260 | loss 0.4113
15:34:52 INFO     Epoch 17/20 | step  270 | loss 0.4204
15:34:52 INFO     Epoch 17/20 | step  280 | loss 0.4238
15:34:52 INFO     Epoch 17/20 | step  290 | loss 0.4166
15:34:52 INFO     Epoch 17/20 | step  300 | loss 0.5143
15:34:53 INFO     Epoch 17/20 | step  310 | loss 0.4151
15:34:53 INFO     Epoch 17/20 | step  320 | loss 0.3342
15:34:53 INFO     Epoch 17/20 | step  330 | loss 0.4904
15:34:54 INFO     Epoch 17/20 | step  340 | loss 0.3629
15:34:54 INFO     Epoch 17/20 | step  350 | loss 0.4111
15:34:54 INFO     Epoch 17/20 | step  360 | loss 0.4053
15:34:55 INFO     Epoch 17/20 | step  370 | loss 0.4292
15:34:55 INFO     Epoch 17/20 | step  380 | loss 0.4033
15:34:55 INFO     Epoch 17/20 | step  390 | loss 0.4400
15:34:56 INFO     Epoch 17/20 | step  400 | loss 0.3771
15:34:56 INFO     Epoch 17/20 | step  410 | loss 0.4131
15:34:56 INFO     Epoch 17/20 | step  420 | loss 0.4758
15:34:56 INFO     Epoch 17/20 | step  430 | loss 0.3398
15:34:57 INFO     Epoch 17/20 | step  440 | loss 0.4418
15:34:57 INFO     Epoch 17/20 | step  450 | loss 0.4429
15:34:57 INFO     Epoch 17/20 | step  460 | loss 0.3335
15:34:58 INFO     Epoch 17/20 | step  470 | loss 0.4779
15:34:58 INFO     Epoch 17/20 | step  480 | loss 0.4031
15:34:58 INFO     Epoch 17/20 | step  490 | loss 0.3502
15:34:59 INFO     Epoch 17/20 | step  500 | loss 0.4143
15:34:59 INFO     Epoch 17/20 | step  510 | loss 0.3927
15:34:59 INFO     Epoch 17/20 | step  520 | loss 0.4491
15:34:59 INFO     Epoch 17/20 | step  530 | loss 0.4641
15:35:00 INFO     Epoch 17/20 | step  540 | loss 0.4402
15:35:00 INFO     Epoch 17/20 | step  550 | loss 0.4015
15:35:00 INFO     Epoch 17/20 | step  560 | loss 0.3640
15:35:01 INFO     Epoch 17/20 | step  570 | loss 0.3535
15:35:01 INFO     Epoch 17/20 | step  580 | loss 0.4786
15:35:01 INFO     Epoch 17/20 | step  590 | loss 0.4367
15:35:02 INFO     Epoch 17/20 | step  600 | loss 0.3863
15:35:02 INFO     Epoch 17/20 | step  610 | loss 0.4121
15:35:02 INFO     Epoch 17/20 | step  620 | loss 0.4518
15:35:02 INFO     Epoch 17/20 | step  630 | loss 0.3479
15:35:03 INFO     Epoch 17/20 | step  640 | loss 0.3771
15:35:03 INFO     Epoch 17/20 | step  650 | loss 0.5033
15:35:03 INFO     Epoch 17/20 | step  660 | loss 0.4164
15:35:04 INFO     Epoch 17/20 | step  670 | loss 0.3670
15:35:04 INFO     Epoch 17/20 | step  680 | loss 0.4194
15:35:04 INFO     Epoch 17/20 | step  690 | loss 0.4041
15:35:05 INFO     Epoch 17/20 | step  700 | loss 0.4032
15:35:05 INFO     Epoch 17/20 | step  710 | loss 0.4805
15:35:05 INFO     Epoch 17/20 | step  720 | loss 0.3399
15:35:05 INFO     Epoch 17/20 | step  730 | loss 0.4050
15:35:06 INFO     Epoch 17/20 | step  740 | loss 0.4179
15:35:06 INFO     Epoch 17/20 | step  750 | loss 0.3646
15:35:06 INFO     Epoch 17/20 | step  760 | loss 0.4299
15:35:07 INFO     Epoch 17/20 | step  770 | loss 0.3488
15:35:07 INFO     Epoch 17/20 | step  780 | loss 0.3374
15:35:07 INFO     Epoch 17/20 | step  790 | loss 0.3795
15:35:08 INFO     Epoch 17/20 | step  800 | loss 0.3625
15:35:08 INFO     Epoch 17/20 | step  810 | loss 0.4195
15:35:08 INFO     Epoch 17/20 | step  820 | loss 0.3521
15:35:09 INFO     Epoch 17/20 | step  830 | loss 0.3669
15:35:09 INFO     Epoch 17/20 | step  840 | loss 0.3342
15:35:09 INFO     Epoch 17/20 | step  850 | loss 0.3369
15:35:09 INFO     Epoch 17/20 | step  860 | loss 0.3159
15:35:10 INFO     Epoch 17/20 | step  870 | loss 0.4586
15:35:10 INFO     Epoch 17/20 | step  880 | loss 0.4300
15:35:10 INFO     Epoch 17/20 | step  890 | loss 0.4555
15:35:11 INFO     Epoch 17/20 | step  900 | loss 0.4902
15:35:11 INFO     Epoch 17/20 | step  910 | loss 0.3797
15:35:11 INFO     Epoch 17/20 | step  920 | loss 0.3479
15:35:12 INFO     Epoch 17/20 | step  930 | loss 0.3653
15:35:12 INFO     Epoch 17/20 | step  940 | loss 0.4187
15:35:12 INFO     Epoch 17/20 | step  950 | loss 0.4258
15:35:12 INFO     Epoch 17/20 | step  960 | loss 0.4857
15:35:13 INFO     Epoch 17/20 | step  970 | loss 0.4718
15:35:13 INFO     Epoch 17/20 | step  980 | loss 0.4556
15:35:13 INFO     Epoch 17/20 | step  990 | loss 0.3978
15:35:14 INFO     Epoch 17/20 | step 1000 | loss 0.4277
15:35:14 INFO     Epoch 17/20 | step 1010 | loss 0.4242
15:35:14 INFO     Epoch 17/20 | step 1020 | loss 0.5027
15:35:15 INFO     Epoch 17/20 | step 1030 | loss 0.3962
15:35:15 INFO     Epoch 17/20 | step 1040 | loss 0.3922
15:35:15 INFO     Epoch 17/20 | step 1050 | loss 0.4289
15:35:15 INFO     Epoch 17/20 | step 1060 | loss 0.3990
15:35:16 INFO     Epoch 17/20 | step 1070 | loss 0.4404
15:35:16 INFO     Epoch 17/20 | step 1080 | loss 0.3926
15:35:16 INFO     Epoch 17/20 | step 1090 | loss 0.3338
15:35:17 INFO     Epoch 17/20 | step 1100 | loss 0.3893
15:35:17 INFO     Epoch 17/20 | step 1110 | loss 0.3481
15:35:17 INFO     Epoch 17/20 | step 1120 | loss 0.4295
15:35:18 INFO     Epoch 17/20 | step 1130 | loss 0.3716
15:35:18 INFO     Epoch 17/20 | step 1140 | loss 0.4440
15:35:18 INFO     Epoch 17/20 | step 1150 | loss 0.3954
15:35:18 INFO     Epoch 17/20 | step 1160 | loss 0.4697
15:35:19 INFO     Epoch 17/20 | step 1170 | loss 0.3597
15:35:19 INFO     Epoch 17/20 | step 1180 | loss 0.3875
15:35:19 INFO     Epoch 17/20 | step 1190 | loss 0.5187
15:35:20 INFO     Epoch 17/20 | step 1200 | loss 0.4655
15:35:20 INFO     Epoch 17/20 | step 1210 | loss 0.3616
15:35:20 INFO     Epoch 17/20 | step 1220 | loss 0.4064
15:35:21 INFO     Epoch 17/20 | step 1230 | loss 0.3882
15:35:21 INFO     Epoch 17/20 | step 1240 | loss 0.4873
15:35:21 INFO     Epoch 17/20 | step 1250 | loss 0.3037
15:35:21 INFO     Epoch 17/20 | step 1260 | loss 0.3933
15:35:22 INFO     Epoch 17/20 | step 1270 | loss 0.4411
15:35:22 INFO     Epoch 17/20 | step 1280 | loss 0.4600
15:35:22 INFO     Epoch 17/20 | step 1290 | loss 0.4716
15:35:23 INFO     Epoch 17/20 | step 1300 | loss 0.5028
15:35:23 INFO     Epoch 17/20 | step 1310 | loss 0.3997
15:35:23 INFO     Epoch 17/20 | step 1320 | loss 0.3723
15:35:24 INFO     Epoch 17/20 | step 1330 | loss 0.3638
15:35:24 INFO     Epoch 17/20 | step 1340 | loss 0.3684
15:35:24 INFO     Epoch 17/20 | step 1350 | loss 0.4486
15:35:25 INFO     Epoch 17/20 | step 1360 | loss 0.4230
15:35:25 INFO     Epoch 17/20 | step 1370 | loss 0.3258
15:35:25 INFO     Epoch 17/20 | step 1380 | loss 0.3751
15:35:25 INFO     Epoch 17/20 | step 1390 | loss 0.4227
15:35:26 INFO     Epoch 17/20 | step 1400 | loss 0.4390
15:35:26 INFO     Epoch 17/20 | step 1410 | loss 0.3776
15:35:26 INFO     Epoch 17/20 | step 1420 | loss 0.3931
15:35:27 INFO     Epoch 17/20 | step 1430 | loss 0.4025
15:35:27 INFO     Epoch 17/20 | step 1440 | loss 0.3586
15:35:27 INFO     Epoch 17/20 | step 1450 | loss 0.4222
15:35:28 INFO     Epoch 17/20 | step 1460 | loss 0.4721
15:35:28 INFO     Epoch 17/20 | step 1470 | loss 0.5056
15:35:28 INFO     Epoch 17/20 | step 1480 | loss 0.5003
15:35:28 INFO     Epoch 17/20 | step 1490 | loss 0.3487
15:35:29 INFO     Epoch 17/20 | step 1500 | loss 0.3645
15:35:29 INFO     Epoch 17/20 | step 1510 | loss 0.4508
15:35:29 INFO     Epoch 17/20 | step 1520 | loss 0.3704
15:35:30 INFO     Epoch 17/20 | step 1530 | loss 0.3629
15:35:30 INFO     Epoch 17/20 | step 1540 | loss 0.3912
15:35:30 INFO     Epoch 17/20 | step 1550 | loss 0.3951
15:35:31 INFO     Epoch 17/20 | step 1560 | loss 0.4438
15:35:31 INFO     Epoch 17/20 | step 1570 | loss 0.3887
15:35:31 INFO     Epoch 17/20 | step 1580 | loss 0.4431
15:35:31 INFO     Epoch 17/20 | step 1590 | loss 0.4539
15:35:32 INFO     Epoch 17/20 | step 1600 | loss 0.3847
15:35:32 INFO     Epoch 17/20 | step 1610 | loss 0.3800
15:35:32 INFO     Epoch 17/20 | step 1620 | loss 0.3391
15:35:33 INFO     Epoch 17/20 | step 1630 | loss 0.3899
15:35:33 INFO     Epoch 17/20 | step 1640 | loss 0.4725
15:35:33 INFO     Epoch 17/20 | step 1650 | loss 0.5437
15:35:34 INFO     Epoch 17/20 | step 1660 | loss 0.5280
15:35:34 INFO     Epoch 17/20 | step 1670 | loss 0.3522
15:35:34 INFO     Epoch 17/20 | step 1680 | loss 0.4349
15:35:34 INFO     Epoch 17/20 | step 1690 | loss 0.2913
15:35:35 INFO     Epoch 17/20 | step 1700 | loss 0.4534
15:35:35 INFO     Epoch 17/20 | step 1710 | loss 0.4388
15:35:35 INFO     Epoch 17/20 | step 1720 | loss 0.4882
15:35:36 INFO     Epoch 17/20 | step 1730 | loss 0.4670
15:35:36 INFO     Epoch 17/20 | step 1740 | loss 0.3257
15:35:36 INFO     Epoch 17/20 | step 1750 | loss 0.4002
15:35:37 INFO     Epoch 17/20 | step 1760 | loss 0.4002
15:35:37 INFO     Epoch 17/20 | step 1770 | loss 0.4627
15:35:37 INFO     Epoch 17/20 | step 1780 | loss 0.4498
15:35:38 INFO     Epoch 17/20 | step 1790 | loss 0.3351
15:35:38 INFO     Epoch 17/20 | step 1800 | loss 0.3992
15:35:38 INFO     Epoch 17/20 | step 1810 | loss 0.3583
15:35:38 INFO     Epoch 17/20 | step 1820 | loss 0.3536
15:35:39 INFO     Epoch 17/20 | step 1830 | loss 0.4429
15:35:39 INFO     Epoch 17/20 | step 1840 | loss 0.4149
15:35:39 INFO     Epoch 17/20 | step 1850 | loss 0.4459
15:35:40 INFO     Epoch 17/20 | step 1860 | loss 0.3497
15:35:40 INFO     Epoch 17/20 | step 1870 | loss 0.3643
15:35:40 INFO     Epoch 17/20 | step 1880 | loss 0.4075
15:35:41 INFO     Epoch 17/20 | step 1890 | loss 0.4167
15:35:41 INFO     Epoch 17/20 | step 1900 | loss 0.3068
15:35:41 INFO     Epoch 17/20 | step 1910 | loss 0.4507
15:35:41 INFO     Epoch 17/20 | step 1920 | loss 0.3335
15:35:42 INFO     Epoch 17/20 | step 1930 | loss 0.3959
15:35:42 INFO     Epoch 17/20 | step 1940 | loss 0.3403
15:35:42 INFO     Epoch 17/20 | step 1950 | loss 0.3604
15:35:43 INFO     Epoch 17/20 | step 1960 | loss 0.3143
15:35:43 INFO     Epoch 17/20 | step 1970 | loss 0.4221
15:35:43 INFO     Epoch 17/20 | step 1980 | loss 0.4405
15:35:44 INFO     Epoch 17/20 | step 1990 | loss 0.4186
15:35:44 INFO     Epoch 17/20 | step 2000 | loss 0.4072
15:35:44 INFO     Epoch 17/20 | step 2010 | loss 0.4114
15:35:44 INFO     Epoch 17/20 | step 2020 | loss 0.3786
15:35:45 INFO     Epoch 17/20 | step 2030 | loss 0.4581
15:35:45 INFO     Epoch 17/20 | step 2040 | loss 0.3236
15:35:45 INFO     Epoch 17/20 | step 2050 | loss 0.3295
15:35:46 INFO     Epoch 17/20 | step 2060 | loss 0.4724
15:35:46 INFO     Epoch 17/20 | step 2070 | loss 0.4375
15:35:46 INFO     Epoch 17/20 | step 2080 | loss 0.3557
15:35:47 INFO     Epoch 17/20 | step 2090 | loss 0.3433
15:35:47 INFO     Epoch 17/20 | step 2100 | loss 0.4185
15:35:47 INFO     Epoch 17/20 | step 2110 | loss 0.3767
15:35:47 INFO     Epoch 17/20 | step 2120 | loss 0.4044
15:35:48 INFO     Epoch 17/20 | step 2130 | loss 0.3775
15:35:48 INFO     Epoch 17/20 | step 2140 | loss 0.3713
15:35:48 INFO     Epoch 17/20 | step 2150 | loss 0.3696
15:35:49 INFO     Epoch 17/20 | step 2160 | loss 0.4034
15:35:49 INFO     Epoch 17/20 | step 2170 | loss 0.3689
15:35:49 INFO     Epoch 17/20 | step 2180 | loss 0.3523
15:35:50 INFO     Epoch 17/20 | step 2190 | loss 0.4250
15:35:50 INFO     Epoch 17/20 | step 2200 | loss 0.4047
15:35:50 INFO     Epoch 17/20 | step 2210 | loss 0.3574
15:35:50 INFO     Epoch 17/20 | step 2220 | loss 0.4209
15:35:51 INFO     Epoch 17/20 | step 2230 | loss 0.4277
15:35:51 INFO     Epoch 17/20 | step 2240 | loss 0.4958
15:35:51 INFO     Epoch 17/20 | step 2250 | loss 0.4383
15:35:52 INFO     Epoch 17/20 | step 2260 | loss 0.4126
15:35:52 INFO     Epoch 17/20 | step 2270 | loss 0.3640
15:35:52 INFO     Epoch 17/20 | step 2280 | loss 0.3881
15:35:53 INFO     Epoch 17/20 | step 2290 | loss 0.3313
15:35:53 INFO     Epoch 17/20 | step 2300 | loss 0.3719
15:35:53 INFO     Epoch 17/20 | step 2310 | loss 0.5111
15:35:54 INFO     Epoch 17/20 | step 2320 | loss 0.3943
15:35:54 INFO     Epoch 17/20 | step 2330 | loss 0.3854
15:35:54 INFO     Epoch 17/20 | step 2340 | loss 0.3255
15:35:54 INFO     Epoch 17/20 | step 2350 | loss 0.4244
15:35:55 INFO     Epoch 17/20 | step 2360 | loss 0.3880
15:35:55 INFO     Epoch 17/20 | step 2370 | loss 0.3950
15:35:55 INFO     Epoch 17/20 | step 2380 | loss 0.3876
15:35:56 INFO     Epoch 17/20 | step 2390 | loss 0.4166
15:35:56 INFO     Epoch 17/20 | step 2400 | loss 0.4475
15:35:56 INFO     Epoch 17/20 | step 2410 | loss 0.3631
15:35:57 INFO     Epoch 17/20 | step 2420 | loss 0.4083
15:35:57 INFO     Epoch 17/20 | step 2430 | loss 0.4274
15:35:57 INFO     Epoch 17/20 | step 2440 | loss 0.3622
15:35:57 INFO     Epoch 17/20 | step 2450 | loss 0.4553
15:35:58 INFO     Epoch 17/20 | step 2460 | loss 0.3647
15:35:58 INFO     Epoch 17/20 | step 2470 | loss 0.3791
15:35:58 INFO     Epoch 17/20 | step 2480 | loss 0.4304
15:35:59 INFO     Epoch 17/20 | step 2490 | loss 0.3922
15:35:59 INFO     Epoch 17/20 | step 2500 | loss 0.3660
15:35:59 INFO     Epoch 17/20 | step 2510 | loss 0.4263
15:36:00 INFO     Epoch 17/20 | step 2520 | loss 0.3746
15:36:00 INFO     Epoch 17/20 | step 2530 | loss 0.4793
15:36:00 INFO     Epoch 17/20 | step 2540 | loss 0.3642
15:36:00 INFO     Epoch 17/20 | step 2550 | loss 0.4099
15:36:01 INFO     Epoch 17/20 | step 2560 | loss 0.3311
15:36:01 INFO     Epoch 17/20 | step 2570 | loss 0.3889
15:36:01 INFO     Epoch 17/20 | step 2580 | loss 0.3617
15:36:02 INFO     Epoch 17/20 | step 2590 | loss 0.3485
15:36:02 INFO     Epoch 17/20 | step 2600 | loss 0.3635
15:36:02 INFO     Epoch 17/20 | step 2610 | loss 0.4256
15:36:03 INFO     Epoch 17/20 | step 2620 | loss 0.5063
15:36:03 INFO     Epoch 17/20 | step 2630 | loss 0.3864
15:36:03 INFO     Epoch 17/20 | step 2640 | loss 0.3407
15:36:03 INFO     Epoch 17/20 | step 2650 | loss 0.4791
15:36:04 INFO     Epoch 17/20 | step 2660 | loss 0.3834
15:36:04 INFO     Epoch 17/20 | step 2670 | loss 0.3836
15:36:04 INFO     Epoch 17/20 | step 2680 | loss 0.3264
15:36:05 INFO     Epoch 17/20 | step 2690 | loss 0.3811
15:36:05 INFO     Epoch 17/20 | step 2700 | loss 0.4990
15:36:05 INFO     Epoch 17/20 | step 2710 | loss 0.3573
15:36:06 INFO     Epoch 17/20 | step 2720 | loss 0.4126
15:36:06 INFO     Epoch 17/20 | step 2730 | loss 0.4152
15:36:06 INFO     Epoch 17/20 | step 2740 | loss 0.3195
15:36:06 INFO     Epoch 17/20 | step 2750 | loss 0.3863
15:36:07 INFO     Epoch 17/20 | step 2760 | loss 0.3255
15:36:07 INFO     Epoch 17/20 | step 2770 | loss 0.3201
15:36:07 INFO     Epoch 17/20 | step 2780 | loss 0.3397
15:36:08 INFO     Epoch 17/20 | step 2790 | loss 0.4048
15:36:08 INFO     Epoch 17/20 | step 2800 | loss 0.4454
15:36:08 INFO     Epoch 17/20 | step 2810 | loss 0.3797
15:36:09 INFO     Epoch 17/20 | step 2820 | loss 0.4687
15:36:09 INFO     Epoch 17/20 | step 2830 | loss 0.4450
15:36:09 INFO     Epoch 17/20 | step 2840 | loss 0.3684
15:36:10 INFO     Epoch 17/20 | step 2850 | loss 0.4092
15:36:10 INFO     Epoch 17/20 | step 2860 | loss 0.4219
15:36:10 INFO     Epoch 17/20 | step 2870 | loss 0.4516
15:36:10 INFO     Epoch 17/20 | step 2880 | loss 0.3183
15:36:11 INFO     Epoch 17/20 | step 2890 | loss 0.3163
15:36:11 INFO     Epoch 17/20 | step 2900 | loss 0.4104
15:36:11 INFO     Epoch 17/20 | step 2910 | loss 0.3381
15:36:12 INFO     Epoch 17/20 | step 2920 | loss 0.3539
15:36:12 INFO     Epoch 17/20 | step 2930 | loss 0.3106
15:36:12 INFO     Epoch 17/20 | step 2940 | loss 0.4296
15:36:13 INFO     Epoch 17/20 | step 2950 | loss 0.3667
15:36:13 INFO     Epoch 17/20 | step 2960 | loss 0.3624
15:36:13 INFO     Epoch 17/20 | step 2970 | loss 0.4612
15:36:13 INFO     Epoch 17/20 | step 2980 | loss 0.3627
15:36:14 INFO     Epoch 17/20 | step 2990 | loss 0.3389
15:36:14 INFO     Epoch 17/20 | step 3000 | loss 0.4004
15:36:14 INFO     Epoch 17/20 | step 3010 | loss 0.3743
15:36:15 INFO     Epoch 17/20 | step 3020 | loss 0.4621
15:36:15 INFO     Epoch 17/20 | step 3030 | loss 0.4414
15:36:15 INFO     Epoch 17/20 | step 3040 | loss 0.4152
15:36:16 INFO     Epoch 17/20 | step 3050 | loss 0.4111
15:36:16 INFO     Epoch 17/20 | step 3060 | loss 0.4468
15:36:16 INFO     Epoch 17/20 | step 3070 | loss 0.4422
15:36:16 INFO     Epoch 17/20 | step 3080 | loss 0.4629
15:36:17 INFO     Epoch 17/20 | step 3090 | loss 0.3608
15:36:17 INFO     Epoch 17/20 | step 3100 | loss 0.3976
15:36:17 INFO     Epoch 17/20 | step 3110 | loss 0.3914
15:36:18 INFO     Epoch 17/20 | step 3120 | loss 0.4621
15:36:18 INFO     Epoch 17/20 | step 3130 | loss 0.3611
15:36:18 INFO     Epoch 17/20 | step 3140 | loss 0.4746
15:36:19 INFO     Epoch 17/20 | step 3150 | loss 0.4149
15:36:19 INFO     Epoch 17/20 | step 3160 | loss 0.3916
15:36:19 INFO     Epoch 17/20 | step 3170 | loss 0.4436
15:36:19 INFO     Epoch 17/20 | step 3180 | loss 0.3618
15:36:20 INFO     Epoch 17/20 | step 3190 | loss 0.4277
15:36:20 INFO     Epoch 17/20 | step 3200 | loss 0.3704
15:36:20 INFO     Epoch 17/20 | step 3210 | loss 0.3843
15:36:21 INFO     Epoch 17/20 | step 3220 | loss 0.3742
15:36:21 INFO     Epoch 17/20 | step 3230 | loss 0.4719
15:36:21 INFO     Epoch 17/20 | step 3240 | loss 0.2723
15:36:22 INFO     Epoch 17/20 | step 3250 | loss 0.4431
15:36:22 INFO     Epoch 17/20 | step 3260 | loss 0.3511
15:36:22 INFO     Epoch 17/20 | step 3270 | loss 0.4121
15:36:22 INFO     Epoch 17/20 | step 3280 | loss 0.3973
15:36:23 INFO     Epoch 17/20 | step 3290 | loss 0.3286
15:36:23 INFO     Epoch 17/20 | step 3300 | loss 0.4377
15:36:23 INFO     Epoch 17/20 | step 3310 | loss 0.4161
15:36:24 INFO     Epoch 17/20 | step 3320 | loss 0.4936
15:36:24 INFO     Epoch 17/20 | step 3330 | loss 0.3754
15:36:24 INFO     Epoch 17/20 | step 3340 | loss 0.4260
15:36:25 INFO     Epoch 17/20 | step 3350 | loss 0.3617
15:36:25 INFO     Epoch 17/20 | step 3360 | loss 0.4730
15:36:25 INFO     Epoch 17/20 | step 3370 | loss 0.3905
15:36:26 INFO     Epoch 17/20 | step 3380 | loss 0.3784
15:36:26 INFO     Epoch 17/20 | step 3390 | loss 0.4549
15:36:26 INFO     Epoch 17/20 | step 3400 | loss 0.4393
15:36:26 INFO     Epoch 17/20 | step 3410 | loss 0.4696
15:36:27 INFO     Epoch 17/20 | step 3420 | loss 0.4654
15:36:27 INFO     Epoch 17/20 | step 3430 | loss 0.4603
15:36:27 INFO     Epoch 17/20 | step 3440 | loss 0.4435
15:36:28 INFO     Epoch 17/20 | step 3450 | loss 0.3853
15:36:28 INFO     Epoch 17/20 | step 3460 | loss 0.3445
15:36:28 INFO     Epoch 17/20 | step 3470 | loss 0.3743
15:36:29 INFO     Epoch 17/20 | step 3480 | loss 0.3601
15:36:29 INFO     Epoch 17/20 | step 3490 | loss 0.4354
15:36:29 INFO     Epoch 17/20 | step 3500 | loss 0.4747
15:36:29 INFO     Epoch 17/20 | step 3510 | loss 0.3479
15:36:30 INFO     Epoch 17/20 | step 3520 | loss 0.2942
15:36:30 INFO     Epoch 17/20 | step 3530 | loss 0.3447
15:36:30 INFO     Epoch 17/20 | step 3540 | loss 0.3854
15:36:31 INFO     Epoch 17/20 | step 3550 | loss 0.5000
15:36:31 INFO     Epoch 17/20 | step 3560 | loss 0.4456
15:36:31 INFO     Epoch 17/20 | step 3570 | loss 0.4583
15:36:32 INFO     Epoch 17/20 | step 3580 | loss 0.3977
15:36:32 INFO     Epoch 17/20 | step 3590 | loss 0.3486
15:36:32 INFO     Epoch 17/20 | step 3600 | loss 0.4647
15:36:32 INFO     Epoch 17/20 | step 3610 | loss 0.3654
15:36:33 INFO     Epoch 17/20 | step 3620 | loss 0.4298
15:36:33 INFO     Epoch 17/20 | step 3630 | loss 0.4411
15:36:33 INFO     Epoch 17/20 | step 3640 | loss 0.3166
15:36:34 INFO     Epoch 17/20 | step 3650 | loss 0.3853
15:36:34 INFO     Epoch 17/20 | step 3660 | loss 0.3635
15:36:34 INFO     Epoch 17/20 | step 3670 | loss 0.3987
15:36:35 INFO     Epoch 17/20 | step 3680 | loss 0.3787
15:36:35 INFO     Epoch 17/20 | step 3690 | loss 0.3951
15:36:35 INFO     Epoch 17/20 | step 3700 | loss 0.4077
15:36:35 INFO     Epoch 17/20 | step 3710 | loss 0.3908
15:36:36 INFO     Epoch 17/20 | step 3720 | loss 0.3444
15:36:36 INFO     Epoch 17/20 | step 3730 | loss 0.3268
15:36:36 INFO     Epoch 17/20 | step 3740 | loss 0.4536
15:36:37 INFO     Epoch 17/20 | step 3750 | loss 0.4011
15:36:37 INFO     Epoch 17/20 | step 3760 | loss 0.3838
15:36:37 INFO     Epoch 17/20 | step 3770 | loss 0.4114
15:36:38 INFO     Epoch 17/20 | step 3780 | loss 0.5319
15:36:38 INFO     Epoch 17/20 | step 3790 | loss 0.4882
15:36:38 INFO     Epoch 17/20 | step 3800 | loss 0.4023
15:36:38 INFO     Epoch 17/20 | step 3810 | loss 0.3642
15:36:39 INFO     Epoch 17/20 | step 3820 | loss 0.3731
15:36:39 INFO     Epoch 17/20 | step 3830 | loss 0.3578
15:36:39 INFO     Epoch 17/20 | step 3840 | loss 0.4961
15:36:40 INFO     Epoch 17/20 | step 3850 | loss 0.3754
15:36:40 INFO     Epoch 17/20 | step 3860 | loss 0.3478
15:36:40 INFO     Epoch 17/20 | step 3870 | loss 0.4658
15:36:41 INFO     Epoch 17/20 | step 3880 | loss 0.4190
15:36:41 INFO     Epoch 17/20 | step 3890 | loss 0.4673
15:36:41 INFO     Epoch 17/20 | step 3900 | loss 0.3427
15:36:42 INFO     Epoch 17/20 | step 3910 | loss 0.3321
15:36:42 INFO     Epoch 17/20 | step 3920 | loss 0.3492
15:36:42 INFO     Epoch 17/20 | step 3930 | loss 0.4509
15:36:42 INFO     Epoch 17/20 | step 3940 | loss 0.4166
15:36:43 INFO     Epoch 17/20 | step 3950 | loss 0.4188
15:36:43 INFO     Epoch 17/20 | step 3960 | loss 0.3845
15:36:43 INFO     Epoch 17/20 | step 3970 | loss 0.4045
15:36:44 INFO     Epoch 17/20 | step 3980 | loss 0.5071
15:36:44 INFO     Epoch 17/20 | step 3990 | loss 0.2433
15:36:44 INFO     Epoch 17/20 | step 4000 | loss 0.3350
15:36:45 INFO     Epoch 17/20 | step 4010 | loss 0.3705
15:36:45 INFO     Epoch 17/20 | step 4020 | loss 0.4734
15:36:45 INFO     Epoch 17/20 | step 4030 | loss 0.3502
15:36:45 INFO     Epoch 17/20 | step 4040 | loss 0.4285
15:36:46 INFO     Epoch 17/20 | step 4050 | loss 0.4298
15:36:46 INFO     Epoch 17/20 | step 4060 | loss 0.3908
15:36:46 INFO     Epoch 17/20 | step 4070 | loss 0.5310
15:36:47 INFO     Epoch 17/20 | step 4080 | loss 0.4277
15:36:47 INFO     Epoch 17/20 | step 4090 | loss 0.3617
15:36:47 INFO     Epoch 17/20 | step 4100 | loss 0.3658
15:36:48 INFO     Epoch 17/20 | step 4110 | loss 0.3564
15:36:48 INFO     Epoch 17/20 | step 4120 | loss 0.4185
15:36:48 INFO     Epoch 17/20 | step 4130 | loss 0.3190
15:36:48 INFO     Epoch 17/20 | step 4140 | loss 0.4250
15:36:49 INFO     Epoch 17/20 | step 4150 | loss 0.3893
15:36:49 INFO     Epoch 17/20 | step 4160 | loss 0.2968
15:36:49 INFO     Epoch 17/20 | step 4170 | loss 0.3693
15:36:50 INFO     Epoch 17/20 | step 4180 | loss 0.3827
15:36:50 INFO     Epoch 17/20 | step 4190 | loss 0.3751
15:36:50 INFO     Epoch 17/20 | step 4200 | loss 0.3800
15:36:51 INFO     Epoch 17/20 | step 4210 | loss 0.4057
15:36:51 INFO     Epoch 17/20 | step 4220 | loss 0.4381
15:36:51 INFO     Epoch 17/20 | step 4230 | loss 0.3628
15:36:51 INFO     Epoch 17/20 | step 4240 | loss 0.3798
15:36:52 INFO     Epoch 17/20 | step 4250 | loss 0.3982
15:36:52 INFO     Epoch 17/20 | step 4260 | loss 0.4446
15:36:52 INFO     Epoch 17/20 | step 4270 | loss 0.3843
15:36:53 INFO     Epoch 17/20 | step 4280 | loss 0.4399
15:36:53 INFO     Epoch 17/20 | step 4290 | loss 0.4367
15:36:53 INFO     Epoch 17/20 | step 4300 | loss 0.3578
15:36:54 INFO     Epoch 17/20 | step 4310 | loss 0.3372
15:36:54 INFO     Epoch 17/20 | step 4320 | loss 0.4093
15:36:54 INFO     Epoch 17/20 | step 4330 | loss 0.4023
15:36:55 INFO     Epoch 17/20 | step 4340 | loss 0.3704
15:36:55 INFO     Epoch 17/20 | step 4350 | loss 0.5155
15:36:55 INFO     Epoch 17/20 | step 4360 | loss 0.4089
15:36:55 INFO     Epoch 17/20 | step 4370 | loss 0.3604
15:36:56 INFO     Epoch 17/20 | step 4380 | loss 0.4237
15:36:56 INFO     Epoch 17/20 | step 4390 | loss 0.4028
15:36:56 INFO     Epoch 17/20 | step 4400 | loss 0.4383
15:36:57 INFO     Epoch 17/20 | step 4410 | loss 0.3093
15:36:57 INFO     Epoch 17/20 | step 4420 | loss 0.3549
15:36:57 INFO     Epoch 17/20 | step 4430 | loss 0.4531
15:36:58 INFO     Epoch 17/20 | step 4440 | loss 0.3765
15:36:58 INFO     Epoch 17/20 | step 4450 | loss 0.3527
15:36:58 INFO     Epoch 17/20 | step 4460 | loss 0.3662
15:36:58 INFO     Epoch 17/20 | step 4470 | loss 0.3120
15:36:59 INFO     Epoch 17/20 | step 4480 | loss 0.4091
15:36:59 INFO     Epoch 17/20 | step 4490 | loss 0.4181
15:36:59 INFO     Epoch 17/20 | step 4500 | loss 0.4977
15:37:00 INFO     Epoch 17/20 | step 4510 | loss 0.3384
15:37:00 INFO     Epoch 17/20 | step 4520 | loss 0.2879
15:37:00 INFO     Epoch 17/20 | step 4530 | loss 0.4222
15:37:01 INFO     Epoch 17/20 | step 4540 | loss 0.4049
15:37:01 INFO     Epoch 17/20 | step 4550 | loss 0.3210
15:37:01 INFO     Epoch 17/20 | step 4560 | loss 0.4805
15:37:01 INFO     Epoch 17/20 | step 4570 | loss 0.4745
15:37:02 INFO     Epoch 17/20 | step 4580 | loss 0.3085
15:37:02 INFO     Epoch 17/20 | step 4590 | loss 0.4365
15:37:02 INFO     Epoch 17/20 | step 4600 | loss 0.4541
15:37:03 INFO     Epoch 17/20 | step 4610 | loss 0.3660
15:37:03 INFO     Epoch 17/20 | step 4620 | loss 0.3684
15:37:03 INFO     Epoch 17/20 | step 4630 | loss 0.3576
15:37:04 INFO     Epoch 17/20 | step 4640 | loss 0.3043
15:37:04 INFO     Epoch 17/20 | step 4650 | loss 0.3787
15:37:04 INFO     Epoch 17/20 | step 4660 | loss 0.3842
15:37:04 INFO     Epoch 17/20 | step 4670 | loss 0.4206
15:37:05 INFO     Epoch 17/20 | step 4680 | loss 0.3169
15:37:05 INFO     Epoch 17/20 | step 4690 | loss 0.3457
15:37:05 INFO     Epoch 17/20 | step 4700 | loss 0.4790
15:37:06 INFO     Epoch 17/20 | step 4710 | loss 0.4462
15:37:06 INFO     Epoch 17/20 | step 4720 | loss 0.3129
15:37:06 INFO     Epoch 17/20 | step 4730 | loss 0.3547
15:37:07 INFO     Epoch 17/20 | step 4740 | loss 0.3932
15:37:07 INFO     Epoch 17/20 | step 4750 | loss 0.5013
15:37:07 INFO     Epoch 17/20 | step 4760 | loss 0.3912
15:37:07 INFO     Epoch 17/20 | step 4770 | loss 0.4325
15:37:08 INFO     Epoch 17/20 | step 4780 | loss 0.4024
15:37:08 INFO     Epoch 17/20 | step 4790 | loss 0.4264
15:37:08 INFO     Epoch 17/20 | step 4800 | loss 0.4081
15:37:09 INFO     Epoch 17/20 | step 4810 | loss 0.3280
15:37:09 INFO     Epoch 17/20 | step 4820 | loss 0.3308
15:37:09 INFO     Epoch 17/20 | step 4830 | loss 0.4181
15:37:10 INFO     Epoch 17/20 | step 4840 | loss 0.4433
15:37:10 INFO     Epoch 17/20 | step 4850 | loss 0.4638
15:37:10 INFO     Epoch 17/20 | step 4860 | loss 0.3702
15:37:11 INFO     Epoch 17/20 | step 4870 | loss 0.3834
15:37:11 INFO     Epoch 17/20 | step 4880 | loss 0.4372
15:37:11 INFO     Epoch 17/20 | step 4890 | loss 0.3816
15:37:11 INFO     Epoch 17/20 | step 4900 | loss 0.4166
15:37:12 INFO     Epoch 17/20 | step 4910 | loss 0.4253
15:37:12 INFO     Epoch 17/20 | step 4920 | loss 0.4604
15:37:12 INFO     Epoch 17/20 | step 4930 | loss 0.3728
15:37:13 INFO     Epoch 17/20 | step 4940 | loss 0.3413
15:37:13 INFO     Epoch 17/20 | step 4950 | loss 0.3588
15:37:13 INFO     Epoch 17/20 | step 4960 | loss 0.4175
15:37:14 INFO     Epoch 17/20 | step 4970 | loss 0.3412
15:37:14 INFO     Epoch 17/20 | step 4980 | loss 0.4493
15:37:14 INFO     Epoch 17/20 | step 4990 | loss 0.4815
15:37:14 INFO     Epoch 17/20 | step 5000 | loss 0.3649
15:37:15 INFO     Epoch 17/20 | step 5010 | loss 0.3460
15:37:15 INFO     Epoch 17/20 | step 5020 | loss 0.3703
15:37:15 INFO     Epoch 17/20 | step 5030 | loss 0.3983
15:37:16 INFO     Epoch 17/20 | step 5040 | loss 0.3636
15:37:16 INFO     Epoch 17/20 | step 5050 | loss 0.3230
15:37:16 INFO     Epoch 17/20 | step 5060 | loss 0.4102
15:37:17 INFO     Epoch 17/20 | step 5070 | loss 0.4345
15:37:17 INFO     Epoch 17/20 | step 5080 | loss 0.3793
15:37:17 INFO     Epoch 17/20 | step 5090 | loss 0.4026
15:37:17 INFO     Epoch 17/20 | step 5100 | loss 0.4568
15:37:18 INFO     Epoch 17/20 | step 5110 | loss 0.3605
15:37:18 INFO     Epoch 17/20 | step 5120 | loss 0.3889
15:37:18 INFO     Epoch 17/20 | step 5130 | loss 0.4421
15:37:19 INFO     Epoch 17/20 | step 5140 | loss 0.4314
15:37:19 INFO     Epoch 17/20 | step 5150 | loss 0.4936
15:37:19 INFO     Epoch 17/20 | step 5160 | loss 0.3381
15:37:20 INFO     Epoch 17/20 | step 5170 | loss 0.4212
15:37:20 INFO     Epoch 17/20 | step 5180 | loss 0.4261
15:37:20 INFO     Epoch 17/20 | step 5190 | loss 0.3446
15:37:20 INFO     Epoch 17/20 | step 5200 | loss 0.4761
15:37:21 INFO     Epoch 17/20 | step 5210 | loss 0.3870
15:37:21 INFO     Epoch 17/20 | step 5220 | loss 0.3670
15:37:21 INFO     Epoch 17/20 | step 5230 | loss 0.3005
15:37:22 INFO     Epoch 17/20 | step 5240 | loss 0.4539
15:37:22 INFO     Epoch 17/20 | step 5250 | loss 0.4222
15:37:22 INFO     Epoch 17/20 | step 5260 | loss 0.3917
15:37:23 INFO     Epoch 17/20 | step 5270 | loss 0.3421
15:37:23 INFO     Epoch 17/20 | step 5280 | loss 0.3822
15:37:23 INFO     Epoch 17/20 | step 5290 | loss 0.4276
15:37:23 INFO     Epoch 17/20 | step 5300 | loss 0.3385
15:37:24 INFO     Epoch 17/20 | step 5310 | loss 0.4680
15:37:24 INFO     Epoch 17/20 | step 5320 | loss 0.3264
15:37:24 INFO     Epoch 17/20 | step 5330 | loss 0.4203
15:37:25 INFO     Epoch 17/20 | step 5340 | loss 0.3643
15:37:25 INFO     Epoch 17/20 | step 5350 | loss 0.3637
15:37:25 INFO     Epoch 17/20 | step 5360 | loss 0.4085
15:37:26 INFO     Epoch 17/20 | step 5370 | loss 0.4643
15:37:26 INFO     Epoch 17/20 | step 5380 | loss 0.3981
15:37:26 INFO     Epoch 17/20 | step 5390 | loss 0.4328
15:37:27 INFO     Epoch 17/20 | step 5400 | loss 0.3686
15:37:27 INFO     Epoch 17/20 | step 5410 | loss 0.3622
15:37:27 INFO     Epoch 17/20 | step 5420 | loss 0.3831
15:37:27 INFO     Epoch 17/20 | step 5430 | loss 0.4225
15:37:28 INFO     Epoch 17/20 | step 5440 | loss 0.3055
15:37:28 INFO     Epoch 17/20 | step 5450 | loss 0.3718
15:37:28 INFO     Epoch 17/20 | step 5460 | loss 0.4309
15:37:29 INFO     Epoch 17/20 | step 5470 | loss 0.4216
15:37:29 INFO     Epoch 17/20 | step 5480 | loss 0.4565
15:37:29 INFO     Epoch 17/20 | step 5490 | loss 0.2861
15:37:30 INFO     Epoch 17/20 | step 5500 | loss 0.3351
15:37:30 INFO     Epoch 17/20 | step 5510 | loss 0.4365
15:37:30 INFO     Epoch 17/20 | step 5520 | loss 0.4048
15:37:30 INFO     Epoch 17/20 | step 5530 | loss 0.3694
15:37:31 INFO     Epoch 17/20 | step 5540 | loss 0.4421
15:37:31 INFO     Epoch 17/20 | step 5550 | loss 0.3842
15:37:31 INFO     Epoch 17/20 | step 5560 | loss 0.4106
15:37:32 INFO     Epoch 17/20 | step 5570 | loss 0.4021
15:37:32 INFO     Epoch 17/20 | step 5580 | loss 0.4022
15:37:32 INFO     Epoch 17/20 | step 5590 | loss 0.2892
15:37:33 INFO     Epoch 17/20 | step 5600 | loss 0.4205
15:37:33 INFO     Epoch 17/20 | step 5610 | loss 0.4400
15:37:33 INFO     Epoch 17/20 | step 5620 | loss 0.3602
15:37:33 INFO     Epoch 17/20 | step 5630 | loss 0.3239
15:37:34 INFO     Epoch 17/20 | step 5640 | loss 0.3806
15:37:34 INFO     Epoch 17/20 | step 5650 | loss 0.3529
15:37:34 INFO     Epoch 17/20 | avg loss 0.3996
15:37:34 INFO     Epoch 17/20 | new best loss 0.3996 — checkpoint saved
15:37:34 INFO     Epoch 18/20 | step   10 | loss 0.3663
15:37:35 INFO     Epoch 18/20 | step   20 | loss 0.3251
15:37:35 INFO     Epoch 18/20 | step   30 | loss 0.4600
15:37:35 INFO     Epoch 18/20 | step   40 | loss 0.4069
15:37:36 INFO     Epoch 18/20 | step   50 | loss 0.4205
15:37:36 INFO     Epoch 18/20 | step   60 | loss 0.3449
15:37:36 INFO     Epoch 18/20 | step   70 | loss 0.3784
15:37:37 INFO     Epoch 18/20 | step   80 | loss 0.3661
15:37:37 INFO     Epoch 18/20 | step   90 | loss 0.4265
15:37:37 INFO     Epoch 18/20 | step  100 | loss 0.3850
15:37:38 INFO     Epoch 18/20 | step  110 | loss 0.3602
15:37:38 INFO     Epoch 18/20 | step  120 | loss 0.3876
15:37:38 INFO     Epoch 18/20 | step  130 | loss 0.3656
15:37:38 INFO     Epoch 18/20 | step  140 | loss 0.4306
15:37:39 INFO     Epoch 18/20 | step  150 | loss 0.3914
15:37:39 INFO     Epoch 18/20 | step  160 | loss 0.4938
15:37:39 INFO     Epoch 18/20 | step  170 | loss 0.4831
15:37:40 INFO     Epoch 18/20 | step  180 | loss 0.4177
15:37:40 INFO     Epoch 18/20 | step  190 | loss 0.4774
15:37:40 INFO     Epoch 18/20 | step  200 | loss 0.3865
15:37:41 INFO     Epoch 18/20 | step  210 | loss 0.2736
15:37:41 INFO     Epoch 18/20 | step  220 | loss 0.4042
15:37:41 INFO     Epoch 18/20 | step  230 | loss 0.3349
15:37:41 INFO     Epoch 18/20 | step  240 | loss 0.4102
15:37:42 INFO     Epoch 18/20 | step  250 | loss 0.4132
15:37:42 INFO     Epoch 18/20 | step  260 | loss 0.4280
15:37:42 INFO     Epoch 18/20 | step  270 | loss 0.4679
15:37:43 INFO     Epoch 18/20 | step  280 | loss 0.3778
15:37:43 INFO     Epoch 18/20 | step  290 | loss 0.4393
15:37:43 INFO     Epoch 18/20 | step  300 | loss 0.4487
15:37:44 INFO     Epoch 18/20 | step  310 | loss 0.3060
15:37:44 INFO     Epoch 18/20 | step  320 | loss 0.4537
15:37:44 INFO     Epoch 18/20 | step  330 | loss 0.4099
15:37:44 INFO     Epoch 18/20 | step  340 | loss 0.4070
15:37:45 INFO     Epoch 18/20 | step  350 | loss 0.3352
15:37:45 INFO     Epoch 18/20 | step  360 | loss 0.3723
15:37:45 INFO     Epoch 18/20 | step  370 | loss 0.3893
15:37:46 INFO     Epoch 18/20 | step  380 | loss 0.3642
15:37:46 INFO     Epoch 18/20 | step  390 | loss 0.2804
15:37:46 INFO     Epoch 18/20 | step  400 | loss 0.4628
15:37:47 INFO     Epoch 18/20 | step  410 | loss 0.3686
15:37:47 INFO     Epoch 18/20 | step  420 | loss 0.3670
15:37:47 INFO     Epoch 18/20 | step  430 | loss 0.4064
15:37:47 INFO     Epoch 18/20 | step  440 | loss 0.4154
15:37:48 INFO     Epoch 18/20 | step  450 | loss 0.3822
15:37:48 INFO     Epoch 18/20 | step  460 | loss 0.4005
15:37:48 INFO     Epoch 18/20 | step  470 | loss 0.5116
15:37:49 INFO     Epoch 18/20 | step  480 | loss 0.4102
15:37:49 INFO     Epoch 18/20 | step  490 | loss 0.3792
15:37:49 INFO     Epoch 18/20 | step  500 | loss 0.3910
15:37:50 INFO     Epoch 18/20 | step  510 | loss 0.4706
15:37:50 INFO     Epoch 18/20 | step  520 | loss 0.3749
15:37:50 INFO     Epoch 18/20 | step  530 | loss 0.4376
15:37:50 INFO     Epoch 18/20 | step  540 | loss 0.3752
15:37:51 INFO     Epoch 18/20 | step  550 | loss 0.3779
15:37:51 INFO     Epoch 18/20 | step  560 | loss 0.4503
15:37:51 INFO     Epoch 18/20 | step  570 | loss 0.3709
15:37:52 INFO     Epoch 18/20 | step  580 | loss 0.4131
15:37:52 INFO     Epoch 18/20 | step  590 | loss 0.3168
15:37:52 INFO     Epoch 18/20 | step  600 | loss 0.4197
15:37:53 INFO     Epoch 18/20 | step  610 | loss 0.4375
15:37:53 INFO     Epoch 18/20 | step  620 | loss 0.3732
15:37:53 INFO     Epoch 18/20 | step  630 | loss 0.4184
15:37:54 INFO     Epoch 18/20 | step  640 | loss 0.4359
15:37:54 INFO     Epoch 18/20 | step  650 | loss 0.2911
15:37:54 INFO     Epoch 18/20 | step  660 | loss 0.3339
15:37:54 INFO     Epoch 18/20 | step  670 | loss 0.3493
15:37:55 INFO     Epoch 18/20 | step  680 | loss 0.4574
15:37:55 INFO     Epoch 18/20 | step  690 | loss 0.4579
15:37:55 INFO     Epoch 18/20 | step  700 | loss 0.3762
15:37:56 INFO     Epoch 18/20 | step  710 | loss 0.4383
15:37:56 INFO     Epoch 18/20 | step  720 | loss 0.3067
15:37:56 INFO     Epoch 18/20 | step  730 | loss 0.3617
15:37:57 INFO     Epoch 18/20 | step  740 | loss 0.4658
15:37:57 INFO     Epoch 18/20 | step  750 | loss 0.4689
15:37:57 INFO     Epoch 18/20 | step  760 | loss 0.4474
15:37:57 INFO     Epoch 18/20 | step  770 | loss 0.4355
15:37:58 INFO     Epoch 18/20 | step  780 | loss 0.3466
15:37:58 INFO     Epoch 18/20 | step  790 | loss 0.2891
15:37:58 INFO     Epoch 18/20 | step  800 | loss 0.4413
15:37:59 INFO     Epoch 18/20 | step  810 | loss 0.3045
15:37:59 INFO     Epoch 18/20 | step  820 | loss 0.3330
15:37:59 INFO     Epoch 18/20 | step  830 | loss 0.3539
15:38:00 INFO     Epoch 18/20 | step  840 | loss 0.4957
15:38:00 INFO     Epoch 18/20 | step  850 | loss 0.4280
15:38:00 INFO     Epoch 18/20 | step  860 | loss 0.4103
15:38:00 INFO     Epoch 18/20 | step  870 | loss 0.3954
15:38:01 INFO     Epoch 18/20 | step  880 | loss 0.3604
15:38:01 INFO     Epoch 18/20 | step  890 | loss 0.4314
15:38:01 INFO     Epoch 18/20 | step  900 | loss 0.4439
15:38:02 INFO     Epoch 18/20 | step  910 | loss 0.3400
15:38:02 INFO     Epoch 18/20 | step  920 | loss 0.3736
15:38:02 INFO     Epoch 18/20 | step  930 | loss 0.3756
15:38:03 INFO     Epoch 18/20 | step  940 | loss 0.3388
15:38:03 INFO     Epoch 18/20 | step  950 | loss 0.3450
15:38:03 INFO     Epoch 18/20 | step  960 | loss 0.3513
15:38:03 INFO     Epoch 18/20 | step  970 | loss 0.4082
15:38:04 INFO     Epoch 18/20 | step  980 | loss 0.4594
15:38:04 INFO     Epoch 18/20 | step  990 | loss 0.4273
15:38:04 INFO     Epoch 18/20 | step 1000 | loss 0.4648
15:38:05 INFO     Epoch 18/20 | step 1010 | loss 0.3442
15:38:05 INFO     Epoch 18/20 | step 1020 | loss 0.4225
15:38:05 INFO     Epoch 18/20 | step 1030 | loss 0.3627
15:38:06 INFO     Epoch 18/20 | step 1040 | loss 0.4579
15:38:06 INFO     Epoch 18/20 | step 1050 | loss 0.3345
15:38:06 INFO     Epoch 18/20 | step 1060 | loss 0.3724
15:38:07 INFO     Epoch 18/20 | step 1070 | loss 0.4045
15:38:07 INFO     Epoch 18/20 | step 1080 | loss 0.3329
15:38:07 INFO     Epoch 18/20 | step 1090 | loss 0.4142
15:38:07 INFO     Epoch 18/20 | step 1100 | loss 0.3517
15:38:08 INFO     Epoch 18/20 | step 1110 | loss 0.3870
15:38:08 INFO     Epoch 18/20 | step 1120 | loss 0.4553
15:38:08 INFO     Epoch 18/20 | step 1130 | loss 0.4038
15:38:09 INFO     Epoch 18/20 | step 1140 | loss 0.4274
15:38:09 INFO     Epoch 18/20 | step 1150 | loss 0.3625
15:38:09 INFO     Epoch 18/20 | step 1160 | loss 0.3502
15:38:10 INFO     Epoch 18/20 | step 1170 | loss 0.3936
15:38:10 INFO     Epoch 18/20 | step 1180 | loss 0.3656
15:38:10 INFO     Epoch 18/20 | step 1190 | loss 0.3601
15:38:10 INFO     Epoch 18/20 | step 1200 | loss 0.4098
15:38:11 INFO     Epoch 18/20 | step 1210 | loss 0.3521
15:38:11 INFO     Epoch 18/20 | step 1220 | loss 0.4470
15:38:11 INFO     Epoch 18/20 | step 1230 | loss 0.4839
15:38:12 INFO     Epoch 18/20 | step 1240 | loss 0.4024
15:38:12 INFO     Epoch 18/20 | step 1250 | loss 0.4599
15:38:12 INFO     Epoch 18/20 | step 1260 | loss 0.4120
15:38:13 INFO     Epoch 18/20 | step 1270 | loss 0.4429
15:38:13 INFO     Epoch 18/20 | step 1280 | loss 0.3395
15:38:13 INFO     Epoch 18/20 | step 1290 | loss 0.4181
15:38:13 INFO     Epoch 18/20 | step 1300 | loss 0.4215
15:38:14 INFO     Epoch 18/20 | step 1310 | loss 0.4135
15:38:14 INFO     Epoch 18/20 | step 1320 | loss 0.3734
15:38:14 INFO     Epoch 18/20 | step 1330 | loss 0.3248
15:38:15 INFO     Epoch 18/20 | step 1340 | loss 0.3250
15:38:15 INFO     Epoch 18/20 | step 1350 | loss 0.3984
15:38:15 INFO     Epoch 18/20 | step 1360 | loss 0.3739
15:38:16 INFO     Epoch 18/20 | step 1370 | loss 0.3311
15:38:16 INFO     Epoch 18/20 | step 1380 | loss 0.3749
15:38:16 INFO     Epoch 18/20 | step 1390 | loss 0.4121
15:38:16 INFO     Epoch 18/20 | step 1400 | loss 0.4491
15:38:17 INFO     Epoch 18/20 | step 1410 | loss 0.4083
15:38:17 INFO     Epoch 18/20 | step 1420 | loss 0.3471
15:38:17 INFO     Epoch 18/20 | step 1430 | loss 0.4015
15:38:18 INFO     Epoch 18/20 | step 1440 | loss 0.3991
15:38:18 INFO     Epoch 18/20 | step 1450 | loss 0.4183
15:38:18 INFO     Epoch 18/20 | step 1460 | loss 0.2574
15:38:19 INFO     Epoch 18/20 | step 1470 | loss 0.4554
15:38:19 INFO     Epoch 18/20 | step 1480 | loss 0.4148
15:38:19 INFO     Epoch 18/20 | step 1490 | loss 0.3740
15:38:19 INFO     Epoch 18/20 | step 1500 | loss 0.3212
15:38:20 INFO     Epoch 18/20 | step 1510 | loss 0.4635
15:38:20 INFO     Epoch 18/20 | step 1520 | loss 0.3792
15:38:20 INFO     Epoch 18/20 | step 1530 | loss 0.3731
15:38:21 INFO     Epoch 18/20 | step 1540 | loss 0.3765
15:38:21 INFO     Epoch 18/20 | step 1550 | loss 0.3716
15:38:21 INFO     Epoch 18/20 | step 1560 | loss 0.3502
15:38:22 INFO     Epoch 18/20 | step 1570 | loss 0.3302
15:38:22 INFO     Epoch 18/20 | step 1580 | loss 0.3393
15:38:22 INFO     Epoch 18/20 | step 1590 | loss 0.4311
15:38:22 INFO     Epoch 18/20 | step 1600 | loss 0.3236
15:38:23 INFO     Epoch 18/20 | step 1610 | loss 0.4038
15:38:23 INFO     Epoch 18/20 | step 1620 | loss 0.3495
15:38:23 INFO     Epoch 18/20 | step 1630 | loss 0.3448
15:38:24 INFO     Epoch 18/20 | step 1640 | loss 0.3740
15:38:24 INFO     Epoch 18/20 | step 1650 | loss 0.3638
15:38:24 INFO     Epoch 18/20 | step 1660 | loss 0.3259
15:38:25 INFO     Epoch 18/20 | step 1670 | loss 0.4411
15:38:25 INFO     Epoch 18/20 | step 1680 | loss 0.3339
15:38:25 INFO     Epoch 18/20 | step 1690 | loss 0.3701
15:38:26 INFO     Epoch 18/20 | step 1700 | loss 0.3983
15:38:26 INFO     Epoch 18/20 | step 1710 | loss 0.3670
15:38:26 INFO     Epoch 18/20 | step 1720 | loss 0.3663
15:38:26 INFO     Epoch 18/20 | step 1730 | loss 0.3817
15:38:27 INFO     Epoch 18/20 | step 1740 | loss 0.4283
15:38:27 INFO     Epoch 18/20 | step 1750 | loss 0.3994
15:38:27 INFO     Epoch 18/20 | step 1760 | loss 0.3224
15:38:28 INFO     Epoch 18/20 | step 1770 | loss 0.4502
15:38:28 INFO     Epoch 18/20 | step 1780 | loss 0.3853
15:38:28 INFO     Epoch 18/20 | step 1790 | loss 0.5352
15:38:29 INFO     Epoch 18/20 | step 1800 | loss 0.3893
15:38:29 INFO     Epoch 18/20 | step 1810 | loss 0.3978
15:38:29 INFO     Epoch 18/20 | step 1820 | loss 0.4942
15:38:29 INFO     Epoch 18/20 | step 1830 | loss 0.3469
15:38:30 INFO     Epoch 18/20 | step 1840 | loss 0.3356
15:38:30 INFO     Epoch 18/20 | step 1850 | loss 0.3275
15:38:30 INFO     Epoch 18/20 | step 1860 | loss 0.4160
15:38:31 INFO     Epoch 18/20 | step 1870 | loss 0.4170
15:38:31 INFO     Epoch 18/20 | step 1880 | loss 0.4192
15:38:31 INFO     Epoch 18/20 | step 1890 | loss 0.4356
15:38:32 INFO     Epoch 18/20 | step 1900 | loss 0.3758
15:38:32 INFO     Epoch 18/20 | step 1910 | loss 0.3539
15:38:32 INFO     Epoch 18/20 | step 1920 | loss 0.3748
15:38:32 INFO     Epoch 18/20 | step 1930 | loss 0.3476
15:38:33 INFO     Epoch 18/20 | step 1940 | loss 0.4748
15:38:33 INFO     Epoch 18/20 | step 1950 | loss 0.3026
15:38:33 INFO     Epoch 18/20 | step 1960 | loss 0.4959
15:38:34 INFO     Epoch 18/20 | step 1970 | loss 0.3945
15:38:34 INFO     Epoch 18/20 | step 1980 | loss 0.2624
15:38:34 INFO     Epoch 18/20 | step 1990 | loss 0.4469
15:38:35 INFO     Epoch 18/20 | step 2000 | loss 0.4326
15:38:35 INFO     Epoch 18/20 | step 2010 | loss 0.3279
15:38:35 INFO     Epoch 18/20 | step 2020 | loss 0.3102
15:38:35 INFO     Epoch 18/20 | step 2030 | loss 0.3825
15:38:36 INFO     Epoch 18/20 | step 2040 | loss 0.3878
15:38:36 INFO     Epoch 18/20 | step 2050 | loss 0.4228
15:38:36 INFO     Epoch 18/20 | step 2060 | loss 0.3774
15:38:37 INFO     Epoch 18/20 | step 2070 | loss 0.4349
15:38:37 INFO     Epoch 18/20 | step 2080 | loss 0.3478
15:38:37 INFO     Epoch 18/20 | step 2090 | loss 0.4215
15:38:38 INFO     Epoch 18/20 | step 2100 | loss 0.4564
15:38:38 INFO     Epoch 18/20 | step 2110 | loss 0.3754
15:38:38 INFO     Epoch 18/20 | step 2120 | loss 0.4028
15:38:38 INFO     Epoch 18/20 | step 2130 | loss 0.3855
15:38:39 INFO     Epoch 18/20 | step 2140 | loss 0.3168
15:38:39 INFO     Epoch 18/20 | step 2150 | loss 0.3884
15:38:39 INFO     Epoch 18/20 | step 2160 | loss 0.4602
15:38:40 INFO     Epoch 18/20 | step 2170 | loss 0.3478
15:38:40 INFO     Epoch 18/20 | step 2180 | loss 0.3293
15:38:40 INFO     Epoch 18/20 | step 2190 | loss 0.3519
15:38:41 INFO     Epoch 18/20 | step 2200 | loss 0.4404
15:38:41 INFO     Epoch 18/20 | step 2210 | loss 0.4366
15:38:41 INFO     Epoch 18/20 | step 2220 | loss 0.4256
15:38:42 INFO     Epoch 18/20 | step 2230 | loss 0.3754
15:38:42 INFO     Epoch 18/20 | step 2240 | loss 0.3090
15:38:42 INFO     Epoch 18/20 | step 2250 | loss 0.2830
15:38:42 INFO     Epoch 18/20 | step 2260 | loss 0.2778
15:38:43 INFO     Epoch 18/20 | step 2270 | loss 0.4065
15:38:43 INFO     Epoch 18/20 | step 2280 | loss 0.3356
15:38:43 INFO     Epoch 18/20 | step 2290 | loss 0.4194
15:38:44 INFO     Epoch 18/20 | step 2300 | loss 0.3471
15:38:44 INFO     Epoch 18/20 | step 2310 | loss 0.3589
15:38:44 INFO     Epoch 18/20 | step 2320 | loss 0.3809
15:38:45 INFO     Epoch 18/20 | step 2330 | loss 0.3816
15:38:45 INFO     Epoch 18/20 | step 2340 | loss 0.3352
15:38:45 INFO     Epoch 18/20 | step 2350 | loss 0.3782
15:38:45 INFO     Epoch 18/20 | step 2360 | loss 0.3855
15:38:46 INFO     Epoch 18/20 | step 2370 | loss 0.3702
15:38:46 INFO     Epoch 18/20 | step 2380 | loss 0.3761
15:38:46 INFO     Epoch 18/20 | step 2390 | loss 0.4380
15:38:47 INFO     Epoch 18/20 | step 2400 | loss 0.2907
15:38:47 INFO     Epoch 18/20 | step 2410 | loss 0.3933
15:38:47 INFO     Epoch 18/20 | step 2420 | loss 0.4241
15:38:48 INFO     Epoch 18/20 | step 2430 | loss 0.3629
15:38:48 INFO     Epoch 18/20 | step 2440 | loss 0.4365
15:38:48 INFO     Epoch 18/20 | step 2450 | loss 0.3364
15:38:48 INFO     Epoch 18/20 | step 2460 | loss 0.4472
15:38:49 INFO     Epoch 18/20 | step 2470 | loss 0.4471
15:38:49 INFO     Epoch 18/20 | step 2480 | loss 0.3694
15:38:49 INFO     Epoch 18/20 | step 2490 | loss 0.3495
15:38:50 INFO     Epoch 18/20 | step 2500 | loss 0.4104
15:38:50 INFO     Epoch 18/20 | step 2510 | loss 0.4072
15:38:50 INFO     Epoch 18/20 | step 2520 | loss 0.4553
15:38:51 INFO     Epoch 18/20 | step 2530 | loss 0.3812
15:38:51 INFO     Epoch 18/20 | step 2540 | loss 0.3675
15:38:51 INFO     Epoch 18/20 | step 2550 | loss 0.4556
15:38:51 INFO     Epoch 18/20 | step 2560 | loss 0.3264
15:38:52 INFO     Epoch 18/20 | step 2570 | loss 0.3321
15:38:52 INFO     Epoch 18/20 | step 2580 | loss 0.2805
15:38:52 INFO     Epoch 18/20 | step 2590 | loss 0.3956
15:38:53 INFO     Epoch 18/20 | step 2600 | loss 0.3994
15:38:53 INFO     Epoch 18/20 | step 2610 | loss 0.4872
15:38:53 INFO     Epoch 18/20 | step 2620 | loss 0.4252
15:38:54 INFO     Epoch 18/20 | step 2630 | loss 0.4468
15:38:54 INFO     Epoch 18/20 | step 2640 | loss 0.3228
15:38:54 INFO     Epoch 18/20 | step 2650 | loss 0.3896
15:38:54 INFO     Epoch 18/20 | step 2660 | loss 0.4208
15:38:55 INFO     Epoch 18/20 | step 2670 | loss 0.4916
15:38:55 INFO     Epoch 18/20 | step 2680 | loss 0.3531
15:38:55 INFO     Epoch 18/20 | step 2690 | loss 0.4447
15:38:56 INFO     Epoch 18/20 | step 2700 | loss 0.4384
15:38:56 INFO     Epoch 18/20 | step 2710 | loss 0.4792
15:38:56 INFO     Epoch 18/20 | step 2720 | loss 0.3970
15:38:57 INFO     Epoch 18/20 | step 2730 | loss 0.4508
15:38:57 INFO     Epoch 18/20 | step 2740 | loss 0.3629
15:38:57 INFO     Epoch 18/20 | step 2750 | loss 0.4005
15:38:58 INFO     Epoch 18/20 | step 2760 | loss 0.4061
15:38:58 INFO     Epoch 18/20 | step 2770 | loss 0.3429
15:38:58 INFO     Epoch 18/20 | step 2780 | loss 0.3645
15:38:58 INFO     Epoch 18/20 | step 2790 | loss 0.4115
15:38:59 INFO     Epoch 18/20 | step 2800 | loss 0.3640
15:38:59 INFO     Epoch 18/20 | step 2810 | loss 0.3137
15:38:59 INFO     Epoch 18/20 | step 2820 | loss 0.5087
15:39:00 INFO     Epoch 18/20 | step 2830 | loss 0.4196
15:39:00 INFO     Epoch 18/20 | step 2840 | loss 0.3012
15:39:00 INFO     Epoch 18/20 | step 2850 | loss 0.4102
15:39:01 INFO     Epoch 18/20 | step 2860 | loss 0.3867
15:39:01 INFO     Epoch 18/20 | step 2870 | loss 0.4135
15:39:01 INFO     Epoch 18/20 | step 2880 | loss 0.4064
15:39:01 INFO     Epoch 18/20 | step 2890 | loss 0.3927
15:39:02 INFO     Epoch 18/20 | step 2900 | loss 0.3300
15:39:02 INFO     Epoch 18/20 | step 2910 | loss 0.3947
15:39:02 INFO     Epoch 18/20 | step 2920 | loss 0.3474
15:39:03 INFO     Epoch 18/20 | step 2930 | loss 0.3063
15:39:03 INFO     Epoch 18/20 | step 2940 | loss 0.3838
15:39:03 INFO     Epoch 18/20 | step 2950 | loss 0.3353
15:39:04 INFO     Epoch 18/20 | step 2960 | loss 0.4590
15:39:04 INFO     Epoch 18/20 | step 2970 | loss 0.4114
15:39:04 INFO     Epoch 18/20 | step 2980 | loss 0.3981
15:39:04 INFO     Epoch 18/20 | step 2990 | loss 0.4376
15:39:05 INFO     Epoch 18/20 | step 3000 | loss 0.4078
15:39:05 INFO     Epoch 18/20 | step 3010 | loss 0.3445
15:39:05 INFO     Epoch 18/20 | step 3020 | loss 0.3831
15:39:06 INFO     Epoch 18/20 | step 3030 | loss 0.3556
15:39:06 INFO     Epoch 18/20 | step 3040 | loss 0.3671
15:39:06 INFO     Epoch 18/20 | step 3050 | loss 0.3950
15:39:07 INFO     Epoch 18/20 | step 3060 | loss 0.3572
15:39:07 INFO     Epoch 18/20 | step 3070 | loss 0.4124
15:39:07 INFO     Epoch 18/20 | step 3080 | loss 0.4475
15:39:07 INFO     Epoch 18/20 | step 3090 | loss 0.3602
15:39:08 INFO     Epoch 18/20 | step 3100 | loss 0.4409
15:39:08 INFO     Epoch 18/20 | step 3110 | loss 0.4478
15:39:08 INFO     Epoch 18/20 | step 3120 | loss 0.4067
15:39:09 INFO     Epoch 18/20 | step 3130 | loss 0.3879
15:39:09 INFO     Epoch 18/20 | step 3140 | loss 0.4148
15:39:09 INFO     Epoch 18/20 | step 3150 | loss 0.4041
15:39:10 INFO     Epoch 18/20 | step 3160 | loss 0.3384
15:39:10 INFO     Epoch 18/20 | step 3170 | loss 0.4724
15:39:10 INFO     Epoch 18/20 | step 3180 | loss 0.4040
15:39:10 INFO     Epoch 18/20 | step 3190 | loss 0.4155
15:39:11 INFO     Epoch 18/20 | step 3200 | loss 0.4750
15:39:11 INFO     Epoch 18/20 | step 3210 | loss 0.4553
15:39:11 INFO     Epoch 18/20 | step 3220 | loss 0.3687
15:39:12 INFO     Epoch 18/20 | step 3230 | loss 0.4077
15:39:12 INFO     Epoch 18/20 | step 3240 | loss 0.3873
15:39:12 INFO     Epoch 18/20 | step 3250 | loss 0.4084
15:39:13 INFO     Epoch 18/20 | step 3260 | loss 0.3684
15:39:13 INFO     Epoch 18/20 | step 3270 | loss 0.4834
15:39:13 INFO     Epoch 18/20 | step 3280 | loss 0.2659
15:39:14 INFO     Epoch 18/20 | step 3290 | loss 0.3764
15:39:14 INFO     Epoch 18/20 | step 3300 | loss 0.4752
15:39:14 INFO     Epoch 18/20 | step 3310 | loss 0.3224
15:39:14 INFO     Epoch 18/20 | step 3320 | loss 0.4250
15:39:15 INFO     Epoch 18/20 | step 3330 | loss 0.4503
15:39:15 INFO     Epoch 18/20 | step 3340 | loss 0.3605
15:39:15 INFO     Epoch 18/20 | step 3350 | loss 0.3792
15:39:16 INFO     Epoch 18/20 | step 3360 | loss 0.3348
15:39:16 INFO     Epoch 18/20 | step 3370 | loss 0.4443
15:39:16 INFO     Epoch 18/20 | step 3380 | loss 0.4623
15:39:17 INFO     Epoch 18/20 | step 3390 | loss 0.3307
15:39:17 INFO     Epoch 18/20 | step 3400 | loss 0.3417
15:39:17 INFO     Epoch 18/20 | step 3410 | loss 0.3498
15:39:17 INFO     Epoch 18/20 | step 3420 | loss 0.4115
15:39:18 INFO     Epoch 18/20 | step 3430 | loss 0.4678
15:39:18 INFO     Epoch 18/20 | step 3440 | loss 0.4254
15:39:18 INFO     Epoch 18/20 | step 3450 | loss 0.3811
15:39:19 INFO     Epoch 18/20 | step 3460 | loss 0.4408
15:39:19 INFO     Epoch 18/20 | step 3470 | loss 0.3515
15:39:19 INFO     Epoch 18/20 | step 3480 | loss 0.3507
15:39:20 INFO     Epoch 18/20 | step 3490 | loss 0.4033
15:39:20 INFO     Epoch 18/20 | step 3500 | loss 0.3441
15:39:20 INFO     Epoch 18/20 | step 3510 | loss 0.3738
15:39:20 INFO     Epoch 18/20 | step 3520 | loss 0.3071
15:39:21 INFO     Epoch 18/20 | step 3530 | loss 0.4113
15:39:21 INFO     Epoch 18/20 | step 3540 | loss 0.3103
15:39:21 INFO     Epoch 18/20 | step 3550 | loss 0.3922
15:39:22 INFO     Epoch 18/20 | step 3560 | loss 0.3242
15:39:22 INFO     Epoch 18/20 | step 3570 | loss 0.3880
15:39:22 INFO     Epoch 18/20 | step 3580 | loss 0.3399
15:39:23 INFO     Epoch 18/20 | step 3590 | loss 0.4534
15:39:23 INFO     Epoch 18/20 | step 3600 | loss 0.4181
15:39:23 INFO     Epoch 18/20 | step 3610 | loss 0.3203
15:39:23 INFO     Epoch 18/20 | step 3620 | loss 0.3673
15:39:24 INFO     Epoch 18/20 | step 3630 | loss 0.3788
15:39:24 INFO     Epoch 18/20 | step 3640 | loss 0.3573
15:39:24 INFO     Epoch 18/20 | step 3650 | loss 0.4287
15:39:25 INFO     Epoch 18/20 | step 3660 | loss 0.3523
15:39:25 INFO     Epoch 18/20 | step 3670 | loss 0.3831
15:39:25 INFO     Epoch 18/20 | step 3680 | loss 0.3582
15:39:26 INFO     Epoch 18/20 | step 3690 | loss 0.3816
15:39:26 INFO     Epoch 18/20 | step 3700 | loss 0.3606
15:39:26 INFO     Epoch 18/20 | step 3710 | loss 0.3207
15:39:26 INFO     Epoch 18/20 | step 3720 | loss 0.4152
15:39:27 INFO     Epoch 18/20 | step 3730 | loss 0.3936
15:39:27 INFO     Epoch 18/20 | step 3740 | loss 0.3455
15:39:27 INFO     Epoch 18/20 | step 3750 | loss 0.4070
15:39:28 INFO     Epoch 18/20 | step 3760 | loss 0.3801
15:39:28 INFO     Epoch 18/20 | step 3770 | loss 0.4015
15:39:28 INFO     Epoch 18/20 | step 3780 | loss 0.3538
15:39:29 INFO     Epoch 18/20 | step 3790 | loss 0.4087
15:39:29 INFO     Epoch 18/20 | step 3800 | loss 0.4258
15:39:29 INFO     Epoch 18/20 | step 3810 | loss 0.3721
15:39:29 INFO     Epoch 18/20 | step 3820 | loss 0.4176
15:39:30 INFO     Epoch 18/20 | step 3830 | loss 0.3814
15:39:30 INFO     Epoch 18/20 | step 3840 | loss 0.3808
15:39:30 INFO     Epoch 18/20 | step 3850 | loss 0.3148
15:39:31 INFO     Epoch 18/20 | step 3860 | loss 0.3495
15:39:31 INFO     Epoch 18/20 | step 3870 | loss 0.4210
15:39:31 INFO     Epoch 18/20 | step 3880 | loss 0.3318
15:39:32 INFO     Epoch 18/20 | step 3890 | loss 0.3188
15:39:32 INFO     Epoch 18/20 | step 3900 | loss 0.4140
15:39:32 INFO     Epoch 18/20 | step 3910 | loss 0.3561
15:39:33 INFO     Epoch 18/20 | step 3920 | loss 0.4895
15:39:33 INFO     Epoch 18/20 | step 3930 | loss 0.3382
15:39:33 INFO     Epoch 18/20 | step 3940 | loss 0.3787
15:39:33 INFO     Epoch 18/20 | step 3950 | loss 0.3800
15:39:34 INFO     Epoch 18/20 | step 3960 | loss 0.4367
15:39:34 INFO     Epoch 18/20 | step 3970 | loss 0.3519
15:39:34 INFO     Epoch 18/20 | step 3980 | loss 0.4135
15:39:35 INFO     Epoch 18/20 | step 3990 | loss 0.4081
15:39:35 INFO     Epoch 18/20 | step 4000 | loss 0.4182
15:39:35 INFO     Epoch 18/20 | step 4010 | loss 0.3734
15:39:36 INFO     Epoch 18/20 | step 4020 | loss 0.4524
15:39:36 INFO     Epoch 18/20 | step 4030 | loss 0.4457
15:39:36 INFO     Epoch 18/20 | step 4040 | loss 0.4010
15:39:36 INFO     Epoch 18/20 | step 4050 | loss 0.3811
15:39:37 INFO     Epoch 18/20 | step 4060 | loss 0.3984
15:39:37 INFO     Epoch 18/20 | step 4070 | loss 0.3645
15:39:37 INFO     Epoch 18/20 | step 4080 | loss 0.4612
15:39:38 INFO     Epoch 18/20 | step 4090 | loss 0.4044
15:39:38 INFO     Epoch 18/20 | step 4100 | loss 0.3919
15:39:38 INFO     Epoch 18/20 | step 4110 | loss 0.3927
15:39:39 INFO     Epoch 18/20 | step 4120 | loss 0.3986
15:39:39 INFO     Epoch 18/20 | step 4130 | loss 0.4979
15:39:39 INFO     Epoch 18/20 | step 4140 | loss 0.2943
15:39:39 INFO     Epoch 18/20 | step 4150 | loss 0.3790
15:39:40 INFO     Epoch 18/20 | step 4160 | loss 0.3068
15:39:40 INFO     Epoch 18/20 | step 4170 | loss 0.4762
15:39:40 INFO     Epoch 18/20 | step 4180 | loss 0.3855
15:39:41 INFO     Epoch 18/20 | step 4190 | loss 0.4020
15:39:41 INFO     Epoch 18/20 | step 4200 | loss 0.3795
15:39:41 INFO     Epoch 18/20 | step 4210 | loss 0.3945
15:39:42 INFO     Epoch 18/20 | step 4220 | loss 0.3483
15:39:42 INFO     Epoch 18/20 | step 4230 | loss 0.3323
15:39:42 INFO     Epoch 18/20 | step 4240 | loss 0.3548
15:39:42 INFO     Epoch 18/20 | step 4250 | loss 0.4083
15:39:43 INFO     Epoch 18/20 | step 4260 | loss 0.5012
15:39:43 INFO     Epoch 18/20 | step 4270 | loss 0.3717
15:39:43 INFO     Epoch 18/20 | step 4280 | loss 0.4213
15:39:44 INFO     Epoch 18/20 | step 4290 | loss 0.4023
15:39:44 INFO     Epoch 18/20 | step 4300 | loss 0.3276
15:39:44 INFO     Epoch 18/20 | step 4310 | loss 0.3873
15:39:45 INFO     Epoch 18/20 | step 4320 | loss 0.3525
15:39:45 INFO     Epoch 18/20 | step 4330 | loss 0.3304
15:39:45 INFO     Epoch 18/20 | step 4340 | loss 0.4092
15:39:45 INFO     Epoch 18/20 | step 4350 | loss 0.3668
15:39:46 INFO     Epoch 18/20 | step 4360 | loss 0.4698
15:39:46 INFO     Epoch 18/20 | step 4370 | loss 0.3681
15:39:46 INFO     Epoch 18/20 | step 4380 | loss 0.3484
15:39:47 INFO     Epoch 18/20 | step 4390 | loss 0.2945
15:39:47 INFO     Epoch 18/20 | step 4400 | loss 0.3877
15:39:47 INFO     Epoch 18/20 | step 4410 | loss 0.3657
15:39:48 INFO     Epoch 18/20 | step 4420 | loss 0.3981
15:39:48 INFO     Epoch 18/20 | step 4430 | loss 0.3848
15:39:48 INFO     Epoch 18/20 | step 4440 | loss 0.4068
15:39:49 INFO     Epoch 18/20 | step 4450 | loss 0.3403
15:39:49 INFO     Epoch 18/20 | step 4460 | loss 0.2769
15:39:49 INFO     Epoch 18/20 | step 4470 | loss 0.5066
15:39:49 INFO     Epoch 18/20 | step 4480 | loss 0.4278
15:39:50 INFO     Epoch 18/20 | step 4490 | loss 0.3982
15:39:50 INFO     Epoch 18/20 | step 4500 | loss 0.3862
15:39:50 INFO     Epoch 18/20 | step 4510 | loss 0.4134
15:39:51 INFO     Epoch 18/20 | step 4520 | loss 0.3631
15:39:51 INFO     Epoch 18/20 | step 4530 | loss 0.4365
15:39:51 INFO     Epoch 18/20 | step 4540 | loss 0.3474
15:39:52 INFO     Epoch 18/20 | step 4550 | loss 0.4424
15:39:52 INFO     Epoch 18/20 | step 4560 | loss 0.4360
15:39:52 INFO     Epoch 18/20 | step 4570 | loss 0.4258
15:39:52 INFO     Epoch 18/20 | step 4580 | loss 0.3489
15:39:53 INFO     Epoch 18/20 | step 4590 | loss 0.3067
15:39:53 INFO     Epoch 18/20 | step 4600 | loss 0.3666
15:39:53 INFO     Epoch 18/20 | step 4610 | loss 0.3689
15:39:54 INFO     Epoch 18/20 | step 4620 | loss 0.3918
15:39:54 INFO     Epoch 18/20 | step 4630 | loss 0.3731
15:39:54 INFO     Epoch 18/20 | step 4640 | loss 0.4978
15:39:55 INFO     Epoch 18/20 | step 4650 | loss 0.5116
15:39:55 INFO     Epoch 18/20 | step 4660 | loss 0.3379
15:39:55 INFO     Epoch 18/20 | step 4670 | loss 0.3241
15:39:55 INFO     Epoch 18/20 | step 4680 | loss 0.4042
15:39:56 INFO     Epoch 18/20 | step 4690 | loss 0.3521
15:39:56 INFO     Epoch 18/20 | step 4700 | loss 0.3314
15:39:56 INFO     Epoch 18/20 | step 4710 | loss 0.3356
15:39:57 INFO     Epoch 18/20 | step 4720 | loss 0.3643
15:39:57 INFO     Epoch 18/20 | step 4730 | loss 0.3653
15:39:57 INFO     Epoch 18/20 | step 4740 | loss 0.4241
15:39:58 INFO     Epoch 18/20 | step 4750 | loss 0.3982
15:39:58 INFO     Epoch 18/20 | step 4760 | loss 0.3180
15:39:58 INFO     Epoch 18/20 | step 4770 | loss 0.4462
15:39:58 INFO     Epoch 18/20 | step 4780 | loss 0.4342
15:39:59 INFO     Epoch 18/20 | step 4790 | loss 0.3649
15:39:59 INFO     Epoch 18/20 | step 4800 | loss 0.3932
15:39:59 INFO     Epoch 18/20 | step 4810 | loss 0.3854
15:40:00 INFO     Epoch 18/20 | step 4820 | loss 0.3045
15:40:00 INFO     Epoch 18/20 | step 4830 | loss 0.4104
15:40:00 INFO     Epoch 18/20 | step 4840 | loss 0.3683
15:40:01 INFO     Epoch 18/20 | step 4850 | loss 0.3876
15:40:01 INFO     Epoch 18/20 | step 4860 | loss 0.4181
15:40:01 INFO     Epoch 18/20 | step 4870 | loss 0.4074
15:40:01 INFO     Epoch 18/20 | step 4880 | loss 0.3474
15:40:02 INFO     Epoch 18/20 | step 4890 | loss 0.3789
15:40:02 INFO     Epoch 18/20 | step 4900 | loss 0.2696
15:40:02 INFO     Epoch 18/20 | step 4910 | loss 0.4497
15:40:03 INFO     Epoch 18/20 | step 4920 | loss 0.3503
15:40:03 INFO     Epoch 18/20 | step 4930 | loss 0.3837
15:40:03 INFO     Epoch 18/20 | step 4940 | loss 0.3554
15:40:04 INFO     Epoch 18/20 | step 4950 | loss 0.3600
15:40:04 INFO     Epoch 18/20 | step 4960 | loss 0.4070
15:40:04 INFO     Epoch 18/20 | step 4970 | loss 0.3224
15:40:05 INFO     Epoch 18/20 | step 4980 | loss 0.3995
15:40:05 INFO     Epoch 18/20 | step 4990 | loss 0.3844
15:40:05 INFO     Epoch 18/20 | step 5000 | loss 0.3831
15:40:05 INFO     Epoch 18/20 | step 5010 | loss 0.4426
15:40:06 INFO     Epoch 18/20 | step 5020 | loss 0.3478
15:40:06 INFO     Epoch 18/20 | step 5030 | loss 0.3747
15:40:06 INFO     Epoch 18/20 | step 5040 | loss 0.4182
15:40:07 INFO     Epoch 18/20 | step 5050 | loss 0.3823
15:40:07 INFO     Epoch 18/20 | step 5060 | loss 0.3290
15:40:07 INFO     Epoch 18/20 | step 5070 | loss 0.3968
15:40:08 INFO     Epoch 18/20 | step 5080 | loss 0.4977
15:40:08 INFO     Epoch 18/20 | step 5090 | loss 0.2978
15:40:08 INFO     Epoch 18/20 | step 5100 | loss 0.3394
15:40:08 INFO     Epoch 18/20 | step 5110 | loss 0.3051
15:40:09 INFO     Epoch 18/20 | step 5120 | loss 0.3666
15:40:09 INFO     Epoch 18/20 | step 5130 | loss 0.3778
15:40:09 INFO     Epoch 18/20 | step 5140 | loss 0.3900
15:40:10 INFO     Epoch 18/20 | step 5150 | loss 0.3985
15:40:10 INFO     Epoch 18/20 | step 5160 | loss 0.4158
15:40:10 INFO     Epoch 18/20 | step 5170 | loss 0.3211
15:40:11 INFO     Epoch 18/20 | step 5180 | loss 0.3256
15:40:11 INFO     Epoch 18/20 | step 5190 | loss 0.3084
15:40:11 INFO     Epoch 18/20 | step 5200 | loss 0.3170
15:40:11 INFO     Epoch 18/20 | step 5210 | loss 0.3968
15:40:12 INFO     Epoch 18/20 | step 5220 | loss 0.4720
15:40:12 INFO     Epoch 18/20 | step 5230 | loss 0.3496
15:40:12 INFO     Epoch 18/20 | step 5240 | loss 0.4693
15:40:13 INFO     Epoch 18/20 | step 5250 | loss 0.3170
15:40:13 INFO     Epoch 18/20 | step 5260 | loss 0.3910
15:40:13 INFO     Epoch 18/20 | step 5270 | loss 0.3850
15:40:14 INFO     Epoch 18/20 | step 5280 | loss 0.3500
15:40:14 INFO     Epoch 18/20 | step 5290 | loss 0.4000
15:40:14 INFO     Epoch 18/20 | step 5300 | loss 0.3841
15:40:14 INFO     Epoch 18/20 | step 5310 | loss 0.4078
15:40:15 INFO     Epoch 18/20 | step 5320 | loss 0.3569
15:40:15 INFO     Epoch 18/20 | step 5330 | loss 0.3735
15:40:15 INFO     Epoch 18/20 | step 5340 | loss 0.4238
15:40:16 INFO     Epoch 18/20 | step 5350 | loss 0.2938
15:40:16 INFO     Epoch 18/20 | step 5360 | loss 0.3670
15:40:16 INFO     Epoch 18/20 | step 5370 | loss 0.3066
15:40:17 INFO     Epoch 18/20 | step 5380 | loss 0.4408
15:40:17 INFO     Epoch 18/20 | step 5390 | loss 0.3705
15:40:17 INFO     Epoch 18/20 | step 5400 | loss 0.3184
15:40:17 INFO     Epoch 18/20 | step 5410 | loss 0.3577
15:40:18 INFO     Epoch 18/20 | step 5420 | loss 0.4562
15:40:18 INFO     Epoch 18/20 | step 5430 | loss 0.4822
15:40:18 INFO     Epoch 18/20 | step 5440 | loss 0.3795
15:40:19 INFO     Epoch 18/20 | step 5450 | loss 0.3834
15:40:19 INFO     Epoch 18/20 | step 5460 | loss 0.4232
15:40:19 INFO     Epoch 18/20 | step 5470 | loss 0.4740
15:40:20 INFO     Epoch 18/20 | step 5480 | loss 0.3965
15:40:20 INFO     Epoch 18/20 | step 5490 | loss 0.3623
15:40:20 INFO     Epoch 18/20 | step 5500 | loss 0.3201
15:40:21 INFO     Epoch 18/20 | step 5510 | loss 0.3707
15:40:21 INFO     Epoch 18/20 | step 5520 | loss 0.3588
15:40:21 INFO     Epoch 18/20 | step 5530 | loss 0.3565
15:40:21 INFO     Epoch 18/20 | step 5540 | loss 0.3558
15:40:22 INFO     Epoch 18/20 | step 5550 | loss 0.3456
15:40:22 INFO     Epoch 18/20 | step 5560 | loss 0.3405
15:40:22 INFO     Epoch 18/20 | step 5570 | loss 0.3725
15:40:23 INFO     Epoch 18/20 | step 5580 | loss 0.3750
15:40:23 INFO     Epoch 18/20 | step 5590 | loss 0.5389
15:40:23 INFO     Epoch 18/20 | step 5600 | loss 0.3592
15:40:24 INFO     Epoch 18/20 | step 5610 | loss 0.4552
15:40:24 INFO     Epoch 18/20 | step 5620 | loss 0.4410
15:40:24 INFO     Epoch 18/20 | step 5630 | loss 0.3364
15:40:24 INFO     Epoch 18/20 | step 5640 | loss 0.3044
15:40:25 INFO     Epoch 18/20 | step 5650 | loss 0.3698
15:40:25 INFO     Epoch 18/20 | avg loss 0.3887
15:40:25 INFO     Epoch 18/20 | new best loss 0.3887 — checkpoint saved
15:40:25 INFO     Epoch 19/20 | step   10 | loss 0.3368
15:40:25 INFO     Epoch 19/20 | step   20 | loss 0.3963
15:40:26 INFO     Epoch 19/20 | step   30 | loss 0.3409
15:40:26 INFO     Epoch 19/20 | step   40 | loss 0.3932
15:40:26 INFO     Epoch 19/20 | step   50 | loss 0.3961
15:40:27 INFO     Epoch 19/20 | step   60 | loss 0.3475
15:40:27 INFO     Epoch 19/20 | step   70 | loss 0.3845
15:40:27 INFO     Epoch 19/20 | step   80 | loss 0.3470
15:40:28 INFO     Epoch 19/20 | step   90 | loss 0.3944
15:40:28 INFO     Epoch 19/20 | step  100 | loss 0.4080
15:40:28 INFO     Epoch 19/20 | step  110 | loss 0.3199
15:40:28 INFO     Epoch 19/20 | step  120 | loss 0.4313
15:40:29 INFO     Epoch 19/20 | step  130 | loss 0.4076
15:40:29 INFO     Epoch 19/20 | step  140 | loss 0.3898
15:40:29 INFO     Epoch 19/20 | step  150 | loss 0.3734
15:40:30 INFO     Epoch 19/20 | step  160 | loss 0.3616
15:40:30 INFO     Epoch 19/20 | step  170 | loss 0.3971
15:40:30 INFO     Epoch 19/20 | step  180 | loss 0.3568
15:40:31 INFO     Epoch 19/20 | step  190 | loss 0.3474
15:40:31 INFO     Epoch 19/20 | step  200 | loss 0.3814
15:40:31 INFO     Epoch 19/20 | step  210 | loss 0.3118
15:40:32 INFO     Epoch 19/20 | step  220 | loss 0.4505
15:40:32 INFO     Epoch 19/20 | step  230 | loss 0.4140
15:40:32 INFO     Epoch 19/20 | step  240 | loss 0.3590
15:40:32 INFO     Epoch 19/20 | step  250 | loss 0.3966
15:40:33 INFO     Epoch 19/20 | step  260 | loss 0.4156
15:40:33 INFO     Epoch 19/20 | step  270 | loss 0.3347
15:40:33 INFO     Epoch 19/20 | step  280 | loss 0.4165
15:40:34 INFO     Epoch 19/20 | step  290 | loss 0.4114
15:40:34 INFO     Epoch 19/20 | step  300 | loss 0.4303
15:40:34 INFO     Epoch 19/20 | step  310 | loss 0.4078
15:40:35 INFO     Epoch 19/20 | step  320 | loss 0.3225
15:40:35 INFO     Epoch 19/20 | step  330 | loss 0.3756
15:40:35 INFO     Epoch 19/20 | step  340 | loss 0.3209
15:40:35 INFO     Epoch 19/20 | step  350 | loss 0.4163
15:40:36 INFO     Epoch 19/20 | step  360 | loss 0.4107
15:40:36 INFO     Epoch 19/20 | step  370 | loss 0.3515
15:40:36 INFO     Epoch 19/20 | step  380 | loss 0.3313
15:40:37 INFO     Epoch 19/20 | step  390 | loss 0.3973
15:40:37 INFO     Epoch 19/20 | step  400 | loss 0.4076
15:40:37 INFO     Epoch 19/20 | step  410 | loss 0.3407
15:40:38 INFO     Epoch 19/20 | step  420 | loss 0.3301
15:40:38 INFO     Epoch 19/20 | step  430 | loss 0.4155
15:40:38 INFO     Epoch 19/20 | step  440 | loss 0.3928
15:40:38 INFO     Epoch 19/20 | step  450 | loss 0.3376
15:40:39 INFO     Epoch 19/20 | step  460 | loss 0.4969
15:40:39 INFO     Epoch 19/20 | step  470 | loss 0.3293
15:40:39 INFO     Epoch 19/20 | step  480 | loss 0.3732
15:40:40 INFO     Epoch 19/20 | step  490 | loss 0.3839
15:40:40 INFO     Epoch 19/20 | step  500 | loss 0.4863
15:40:40 INFO     Epoch 19/20 | step  510 | loss 0.4238
15:40:41 INFO     Epoch 19/20 | step  520 | loss 0.3232
15:40:41 INFO     Epoch 19/20 | step  530 | loss 0.3879
15:40:41 INFO     Epoch 19/20 | step  540 | loss 0.4168
15:40:41 INFO     Epoch 19/20 | step  550 | loss 0.2964
15:40:42 INFO     Epoch 19/20 | step  560 | loss 0.4403
15:40:42 INFO     Epoch 19/20 | step  570 | loss 0.3884
15:40:42 INFO     Epoch 19/20 | step  580 | loss 0.3658
15:40:43 INFO     Epoch 19/20 | step  590 | loss 0.3488
15:40:43 INFO     Epoch 19/20 | step  600 | loss 0.3430
15:40:43 INFO     Epoch 19/20 | step  610 | loss 0.4143
15:40:44 INFO     Epoch 19/20 | step  620 | loss 0.4267
15:40:44 INFO     Epoch 19/20 | step  630 | loss 0.3597
15:40:44 INFO     Epoch 19/20 | step  640 | loss 0.3786
15:40:45 INFO     Epoch 19/20 | step  650 | loss 0.3530
15:40:45 INFO     Epoch 19/20 | step  660 | loss 0.3660
15:40:45 INFO     Epoch 19/20 | step  670 | loss 0.4463
15:40:45 INFO     Epoch 19/20 | step  680 | loss 0.3794
15:40:46 INFO     Epoch 19/20 | step  690 | loss 0.4052
15:40:46 INFO     Epoch 19/20 | step  700 | loss 0.3598
15:40:46 INFO     Epoch 19/20 | step  710 | loss 0.4468
15:40:47 INFO     Epoch 19/20 | step  720 | loss 0.3524
15:40:47 INFO     Epoch 19/20 | step  730 | loss 0.4031
15:40:47 INFO     Epoch 19/20 | step  740 | loss 0.3738
15:40:48 INFO     Epoch 19/20 | step  750 | loss 0.3382
15:40:48 INFO     Epoch 19/20 | step  760 | loss 0.3859
15:40:48 INFO     Epoch 19/20 | step  770 | loss 0.3065
15:40:48 INFO     Epoch 19/20 | step  780 | loss 0.3415
15:40:49 INFO     Epoch 19/20 | step  790 | loss 0.4349
15:40:49 INFO     Epoch 19/20 | step  800 | loss 0.4387
15:40:49 INFO     Epoch 19/20 | step  810 | loss 0.3982
15:40:50 INFO     Epoch 19/20 | step  820 | loss 0.3881
15:40:50 INFO     Epoch 19/20 | step  830 | loss 0.3710
15:40:50 INFO     Epoch 19/20 | step  840 | loss 0.3838
15:40:51 INFO     Epoch 19/20 | step  850 | loss 0.2826
15:40:51 INFO     Epoch 19/20 | step  860 | loss 0.3863
15:40:51 INFO     Epoch 19/20 | step  870 | loss 0.4671
15:40:51 INFO     Epoch 19/20 | step  880 | loss 0.3375
15:40:52 INFO     Epoch 19/20 | step  890 | loss 0.3510
15:40:52 INFO     Epoch 19/20 | step  900 | loss 0.3584
15:40:52 INFO     Epoch 19/20 | step  910 | loss 0.3931
15:40:53 INFO     Epoch 19/20 | step  920 | loss 0.3028
15:40:53 INFO     Epoch 19/20 | step  930 | loss 0.3971
15:40:53 INFO     Epoch 19/20 | step  940 | loss 0.3398
15:40:54 INFO     Epoch 19/20 | step  950 | loss 0.3916
15:40:54 INFO     Epoch 19/20 | step  960 | loss 0.3569
15:40:54 INFO     Epoch 19/20 | step  970 | loss 0.4768
15:40:54 INFO     Epoch 19/20 | step  980 | loss 0.3286
15:40:55 INFO     Epoch 19/20 | step  990 | loss 0.4312
15:40:55 INFO     Epoch 19/20 | step 1000 | loss 0.3754
15:40:55 INFO     Epoch 19/20 | step 1010 | loss 0.5019
15:40:56 INFO     Epoch 19/20 | step 1020 | loss 0.3575
15:40:56 INFO     Epoch 19/20 | step 1030 | loss 0.4302
15:40:56 INFO     Epoch 19/20 | step 1040 | loss 0.3506
15:40:57 INFO     Epoch 19/20 | step 1050 | loss 0.4037
15:40:57 INFO     Epoch 19/20 | step 1060 | loss 0.3884
15:40:57 INFO     Epoch 19/20 | step 1070 | loss 0.3785
15:40:57 INFO     Epoch 19/20 | step 1080 | loss 0.3196
15:40:58 INFO     Epoch 19/20 | step 1090 | loss 0.3916
15:40:58 INFO     Epoch 19/20 | step 1100 | loss 0.3520
15:40:58 INFO     Epoch 19/20 | step 1110 | loss 0.4119
15:40:59 INFO     Epoch 19/20 | step 1120 | loss 0.3631
15:40:59 INFO     Epoch 19/20 | step 1130 | loss 0.4422
15:40:59 INFO     Epoch 19/20 | step 1140 | loss 0.3896
15:41:00 INFO     Epoch 19/20 | step 1150 | loss 0.3824
15:41:00 INFO     Epoch 19/20 | step 1160 | loss 0.4430
15:41:00 INFO     Epoch 19/20 | step 1170 | loss 0.3511
15:41:00 INFO     Epoch 19/20 | step 1180 | loss 0.3864
15:41:01 INFO     Epoch 19/20 | step 1190 | loss 0.3748
15:41:01 INFO     Epoch 19/20 | step 1200 | loss 0.3218
15:41:01 INFO     Epoch 19/20 | step 1210 | loss 0.3268
15:41:02 INFO     Epoch 19/20 | step 1220 | loss 0.3535
15:41:02 INFO     Epoch 19/20 | step 1230 | loss 0.3346
15:41:02 INFO     Epoch 19/20 | step 1240 | loss 0.3685
15:41:03 INFO     Epoch 19/20 | step 1250 | loss 0.4362
15:41:03 INFO     Epoch 19/20 | step 1260 | loss 0.3905
15:41:03 INFO     Epoch 19/20 | step 1270 | loss 0.3222
15:41:04 INFO     Epoch 19/20 | step 1280 | loss 0.2820
15:41:04 INFO     Epoch 19/20 | step 1290 | loss 0.3449
15:41:04 INFO     Epoch 19/20 | step 1300 | loss 0.3813
15:41:04 INFO     Epoch 19/20 | step 1310 | loss 0.3544
15:41:05 INFO     Epoch 19/20 | step 1320 | loss 0.3769
15:41:05 INFO     Epoch 19/20 | step 1330 | loss 0.4909
15:41:05 INFO     Epoch 19/20 | step 1340 | loss 0.4099
15:41:06 INFO     Epoch 19/20 | step 1350 | loss 0.3757
15:41:06 INFO     Epoch 19/20 | step 1360 | loss 0.3645
15:41:06 INFO     Epoch 19/20 | step 1370 | loss 0.4114
15:41:07 INFO     Epoch 19/20 | step 1380 | loss 0.3710
15:41:07 INFO     Epoch 19/20 | step 1390 | loss 0.3926
15:41:07 INFO     Epoch 19/20 | step 1400 | loss 0.3919
15:41:07 INFO     Epoch 19/20 | step 1410 | loss 0.3955
15:41:08 INFO     Epoch 19/20 | step 1420 | loss 0.4039
15:41:08 INFO     Epoch 19/20 | step 1430 | loss 0.3607
15:41:08 INFO     Epoch 19/20 | step 1440 | loss 0.3638
15:41:09 INFO     Epoch 19/20 | step 1450 | loss 0.3663
15:41:09 INFO     Epoch 19/20 | step 1460 | loss 0.3820
15:41:09 INFO     Epoch 19/20 | step 1470 | loss 0.4195
15:41:10 INFO     Epoch 19/20 | step 1480 | loss 0.3936
15:41:10 INFO     Epoch 19/20 | step 1490 | loss 0.3330
15:41:10 INFO     Epoch 19/20 | step 1500 | loss 0.3004
15:41:10 INFO     Epoch 19/20 | step 1510 | loss 0.4489
15:41:11 INFO     Epoch 19/20 | step 1520 | loss 0.4523
15:41:11 INFO     Epoch 19/20 | step 1530 | loss 0.3722
15:41:11 INFO     Epoch 19/20 | step 1540 | loss 0.4732
15:41:12 INFO     Epoch 19/20 | step 1550 | loss 0.3843
15:41:12 INFO     Epoch 19/20 | step 1560 | loss 0.3244
15:41:12 INFO     Epoch 19/20 | step 1570 | loss 0.3946
15:41:13 INFO     Epoch 19/20 | step 1580 | loss 0.4247
15:41:13 INFO     Epoch 19/20 | step 1590 | loss 0.3684
15:41:13 INFO     Epoch 19/20 | step 1600 | loss 0.3493
15:41:13 INFO     Epoch 19/20 | step 1610 | loss 0.3611
15:41:14 INFO     Epoch 19/20 | step 1620 | loss 0.3101
15:41:14 INFO     Epoch 19/20 | step 1630 | loss 0.3625
15:41:14 INFO     Epoch 19/20 | step 1640 | loss 0.5032
15:41:15 INFO     Epoch 19/20 | step 1650 | loss 0.4015
15:41:15 INFO     Epoch 19/20 | step 1660 | loss 0.3148
15:41:15 INFO     Epoch 19/20 | step 1670 | loss 0.3826
15:41:16 INFO     Epoch 19/20 | step 1680 | loss 0.4485
15:41:16 INFO     Epoch 19/20 | step 1690 | loss 0.4052
15:41:16 INFO     Epoch 19/20 | step 1700 | loss 0.4015
15:41:16 INFO     Epoch 19/20 | step 1710 | loss 0.3086
15:41:17 INFO     Epoch 19/20 | step 1720 | loss 0.4377
15:41:17 INFO     Epoch 19/20 | step 1730 | loss 0.4501
15:41:17 INFO     Epoch 19/20 | step 1740 | loss 0.3337
15:41:18 INFO     Epoch 19/20 | step 1750 | loss 0.3435
15:41:18 INFO     Epoch 19/20 | step 1760 | loss 0.4274
15:41:18 INFO     Epoch 19/20 | step 1770 | loss 0.3587
15:41:19 INFO     Epoch 19/20 | step 1780 | loss 0.3771
15:41:19 INFO     Epoch 19/20 | step 1790 | loss 0.3798
15:41:19 INFO     Epoch 19/20 | step 1800 | loss 0.4480
15:41:20 INFO     Epoch 19/20 | step 1810 | loss 0.3995
15:41:20 INFO     Epoch 19/20 | step 1820 | loss 0.4093
15:41:20 INFO     Epoch 19/20 | step 1830 | loss 0.3998
15:41:20 INFO     Epoch 19/20 | step 1840 | loss 0.3849
15:41:21 INFO     Epoch 19/20 | step 1850 | loss 0.3401
15:41:21 INFO     Epoch 19/20 | step 1860 | loss 0.3966
15:41:21 INFO     Epoch 19/20 | step 1870 | loss 0.5639
15:41:22 INFO     Epoch 19/20 | step 1880 | loss 0.4025
15:41:22 INFO     Epoch 19/20 | step 1890 | loss 0.3755
15:41:22 INFO     Epoch 19/20 | step 1900 | loss 0.3687
15:41:23 INFO     Epoch 19/20 | step 1910 | loss 0.4429
15:41:23 INFO     Epoch 19/20 | step 1920 | loss 0.3769
15:41:23 INFO     Epoch 19/20 | step 1930 | loss 0.3907
15:41:23 INFO     Epoch 19/20 | step 1940 | loss 0.3911
15:41:24 INFO     Epoch 19/20 | step 1950 | loss 0.3650
15:41:24 INFO     Epoch 19/20 | step 1960 | loss 0.4287
15:41:24 INFO     Epoch 19/20 | step 1970 | loss 0.3964
15:41:25 INFO     Epoch 19/20 | step 1980 | loss 0.4344
15:41:25 INFO     Epoch 19/20 | step 1990 | loss 0.3735
15:41:25 INFO     Epoch 19/20 | step 2000 | loss 0.3614
15:41:26 INFO     Epoch 19/20 | step 2010 | loss 0.3566
15:41:26 INFO     Epoch 19/20 | step 2020 | loss 0.3618
15:41:26 INFO     Epoch 19/20 | step 2030 | loss 0.2947
15:41:26 INFO     Epoch 19/20 | step 2040 | loss 0.3197
15:41:27 INFO     Epoch 19/20 | step 2050 | loss 0.4019
15:41:27 INFO     Epoch 19/20 | step 2060 | loss 0.4495
15:41:27 INFO     Epoch 19/20 | step 2070 | loss 0.3950
15:41:28 INFO     Epoch 19/20 | step 2080 | loss 0.4468
15:41:28 INFO     Epoch 19/20 | step 2090 | loss 0.3944
15:41:28 INFO     Epoch 19/20 | step 2100 | loss 0.3672
15:41:29 INFO     Epoch 19/20 | step 2110 | loss 0.3787
15:41:29 INFO     Epoch 19/20 | step 2120 | loss 0.3725
15:41:29 INFO     Epoch 19/20 | step 2130 | loss 0.3652
15:41:29 INFO     Epoch 19/20 | step 2140 | loss 0.4531
15:41:30 INFO     Epoch 19/20 | step 2150 | loss 0.3192
15:41:30 INFO     Epoch 19/20 | step 2160 | loss 0.3751
15:41:30 INFO     Epoch 19/20 | step 2170 | loss 0.3588
15:41:31 INFO     Epoch 19/20 | step 2180 | loss 0.3479
15:41:31 INFO     Epoch 19/20 | step 2190 | loss 0.3985
15:41:31 INFO     Epoch 19/20 | step 2200 | loss 0.4469
15:41:32 INFO     Epoch 19/20 | step 2210 | loss 0.3898
15:41:32 INFO     Epoch 19/20 | step 2220 | loss 0.3304
15:41:32 INFO     Epoch 19/20 | step 2230 | loss 0.4164
15:41:32 INFO     Epoch 19/20 | step 2240 | loss 0.3754
15:41:33 INFO     Epoch 19/20 | step 2250 | loss 0.3613
15:41:33 INFO     Epoch 19/20 | step 2260 | loss 0.3818
15:41:33 INFO     Epoch 19/20 | step 2270 | loss 0.3053
15:41:34 INFO     Epoch 19/20 | step 2280 | loss 0.2913
15:41:34 INFO     Epoch 19/20 | step 2290 | loss 0.2754
15:41:34 INFO     Epoch 19/20 | step 2300 | loss 0.4256
15:41:35 INFO     Epoch 19/20 | step 2310 | loss 0.3139
15:41:35 INFO     Epoch 19/20 | step 2320 | loss 0.4726
15:41:35 INFO     Epoch 19/20 | step 2330 | loss 0.4457
15:41:36 INFO     Epoch 19/20 | step 2340 | loss 0.4169
15:41:36 INFO     Epoch 19/20 | step 2350 | loss 0.3445
15:41:36 INFO     Epoch 19/20 | step 2360 | loss 0.3252
15:41:36 INFO     Epoch 19/20 | step 2370 | loss 0.4452
15:41:37 INFO     Epoch 19/20 | step 2380 | loss 0.3826
15:41:37 INFO     Epoch 19/20 | step 2390 | loss 0.4109
15:41:37 INFO     Epoch 19/20 | step 2400 | loss 0.4775
15:41:38 INFO     Epoch 19/20 | step 2410 | loss 0.3639
15:41:38 INFO     Epoch 19/20 | step 2420 | loss 0.3277
15:41:38 INFO     Epoch 19/20 | step 2430 | loss 0.3991
15:41:39 INFO     Epoch 19/20 | step 2440 | loss 0.4533
15:41:39 INFO     Epoch 19/20 | step 2450 | loss 0.4344
15:41:39 INFO     Epoch 19/20 | step 2460 | loss 0.3592
15:41:39 INFO     Epoch 19/20 | step 2470 | loss 0.4393
15:41:40 INFO     Epoch 19/20 | step 2480 | loss 0.3197
15:41:40 INFO     Epoch 19/20 | step 2490 | loss 0.4397
15:41:40 INFO     Epoch 19/20 | step 2500 | loss 0.3877
15:41:41 INFO     Epoch 19/20 | step 2510 | loss 0.3487
15:41:41 INFO     Epoch 19/20 | step 2520 | loss 0.3404
15:41:41 INFO     Epoch 19/20 | step 2530 | loss 0.3509
15:41:42 INFO     Epoch 19/20 | step 2540 | loss 0.3576
15:41:42 INFO     Epoch 19/20 | step 2550 | loss 0.4065
15:41:42 INFO     Epoch 19/20 | step 2560 | loss 0.3395
15:41:42 INFO     Epoch 19/20 | step 2570 | loss 0.3282
15:41:43 INFO     Epoch 19/20 | step 2580 | loss 0.3523
15:41:43 INFO     Epoch 19/20 | step 2590 | loss 0.4198
15:41:43 INFO     Epoch 19/20 | step 2600 | loss 0.3451
15:41:44 INFO     Epoch 19/20 | step 2610 | loss 0.4021
15:41:44 INFO     Epoch 19/20 | step 2620 | loss 0.4005
15:41:44 INFO     Epoch 19/20 | step 2630 | loss 0.3423
15:41:45 INFO     Epoch 19/20 | step 2640 | loss 0.3940
15:41:45 INFO     Epoch 19/20 | step 2650 | loss 0.4129
15:41:45 INFO     Epoch 19/20 | step 2660 | loss 0.4349
15:41:45 INFO     Epoch 19/20 | step 2670 | loss 0.4496
15:41:46 INFO     Epoch 19/20 | step 2680 | loss 0.3683
15:41:46 INFO     Epoch 19/20 | step 2690 | loss 0.3937
15:41:46 INFO     Epoch 19/20 | step 2700 | loss 0.3525
15:41:47 INFO     Epoch 19/20 | step 2710 | loss 0.4397
15:41:47 INFO     Epoch 19/20 | step 2720 | loss 0.4411
15:41:47 INFO     Epoch 19/20 | step 2730 | loss 0.4121
15:41:48 INFO     Epoch 19/20 | step 2740 | loss 0.3887
15:41:48 INFO     Epoch 19/20 | step 2750 | loss 0.4091
15:41:48 INFO     Epoch 19/20 | step 2760 | loss 0.3297
15:41:49 INFO     Epoch 19/20 | step 2770 | loss 0.4120
15:41:49 INFO     Epoch 19/20 | step 2780 | loss 0.3404
15:41:49 INFO     Epoch 19/20 | step 2790 | loss 0.4447
15:41:49 INFO     Epoch 19/20 | step 2800 | loss 0.3511
15:41:50 INFO     Epoch 19/20 | step 2810 | loss 0.2782
15:41:50 INFO     Epoch 19/20 | step 2820 | loss 0.3522
15:41:50 INFO     Epoch 19/20 | step 2830 | loss 0.3544
15:41:51 INFO     Epoch 19/20 | step 2840 | loss 0.3875
15:41:51 INFO     Epoch 19/20 | step 2850 | loss 0.4379
15:41:51 INFO     Epoch 19/20 | step 2860 | loss 0.3794
15:41:52 INFO     Epoch 19/20 | step 2870 | loss 0.3149
15:41:52 INFO     Epoch 19/20 | step 2880 | loss 0.3248
15:41:52 INFO     Epoch 19/20 | step 2890 | loss 0.3863
15:41:52 INFO     Epoch 19/20 | step 2900 | loss 0.3158
15:41:53 INFO     Epoch 19/20 | step 2910 | loss 0.3508
15:41:53 INFO     Epoch 19/20 | step 2920 | loss 0.3986
15:41:53 INFO     Epoch 19/20 | step 2930 | loss 0.3852
15:41:54 INFO     Epoch 19/20 | step 2940 | loss 0.3480
15:41:54 INFO     Epoch 19/20 | step 2950 | loss 0.4049
15:41:54 INFO     Epoch 19/20 | step 2960 | loss 0.3602
15:41:55 INFO     Epoch 19/20 | step 2970 | loss 0.3747
15:41:55 INFO     Epoch 19/20 | step 2980 | loss 0.3716
15:41:55 INFO     Epoch 19/20 | step 2990 | loss 0.3883
15:41:55 INFO     Epoch 19/20 | step 3000 | loss 0.4812
15:41:56 INFO     Epoch 19/20 | step 3010 | loss 0.3763
15:41:56 INFO     Epoch 19/20 | step 3020 | loss 0.3955
15:41:56 INFO     Epoch 19/20 | step 3030 | loss 0.2975
15:41:57 INFO     Epoch 19/20 | step 3040 | loss 0.3458
15:41:57 INFO     Epoch 19/20 | step 3050 | loss 0.3691
15:41:57 INFO     Epoch 19/20 | step 3060 | loss 0.4573
15:41:58 INFO     Epoch 19/20 | step 3070 | loss 0.2752
15:41:58 INFO     Epoch 19/20 | step 3080 | loss 0.3877
15:41:58 INFO     Epoch 19/20 | step 3090 | loss 0.4646
15:41:58 INFO     Epoch 19/20 | step 3100 | loss 0.3666
15:41:59 INFO     Epoch 19/20 | step 3110 | loss 0.3886
15:41:59 INFO     Epoch 19/20 | step 3120 | loss 0.3495
15:41:59 INFO     Epoch 19/20 | step 3130 | loss 0.3828
15:42:00 INFO     Epoch 19/20 | step 3140 | loss 0.3797
15:42:00 INFO     Epoch 19/20 | step 3150 | loss 0.3201
15:42:00 INFO     Epoch 19/20 | step 3160 | loss 0.3281
15:42:01 INFO     Epoch 19/20 | step 3170 | loss 0.3401
15:42:01 INFO     Epoch 19/20 | step 3180 | loss 0.3720
15:42:01 INFO     Epoch 19/20 | step 3190 | loss 0.3492
15:42:02 INFO     Epoch 19/20 | step 3200 | loss 0.3769
15:42:02 INFO     Epoch 19/20 | step 3210 | loss 0.3758
15:42:02 INFO     Epoch 19/20 | step 3220 | loss 0.3911
15:42:02 INFO     Epoch 19/20 | step 3230 | loss 0.3410
15:42:03 INFO     Epoch 19/20 | step 3240 | loss 0.3315
15:42:03 INFO     Epoch 19/20 | step 3250 | loss 0.3513
15:42:03 INFO     Epoch 19/20 | step 3260 | loss 0.3902
15:42:04 INFO     Epoch 19/20 | step 3270 | loss 0.4050
15:42:04 INFO     Epoch 19/20 | step 3280 | loss 0.3839
15:42:04 INFO     Epoch 19/20 | step 3290 | loss 0.3791
15:42:05 INFO     Epoch 19/20 | step 3300 | loss 0.4681
15:42:05 INFO     Epoch 19/20 | step 3310 | loss 0.3434
15:42:05 INFO     Epoch 19/20 | step 3320 | loss 0.4158
15:42:05 INFO     Epoch 19/20 | step 3330 | loss 0.4850
15:42:06 INFO     Epoch 19/20 | step 3340 | loss 0.3114
15:42:06 INFO     Epoch 19/20 | step 3350 | loss 0.4752
15:42:06 INFO     Epoch 19/20 | step 3360 | loss 0.4140
15:42:07 INFO     Epoch 19/20 | step 3370 | loss 0.2819
15:42:07 INFO     Epoch 19/20 | step 3380 | loss 0.3770
15:42:07 INFO     Epoch 19/20 | step 3390 | loss 0.3377
15:42:08 INFO     Epoch 19/20 | step 3400 | loss 0.3841
15:42:08 INFO     Epoch 19/20 | step 3410 | loss 0.2688
15:42:08 INFO     Epoch 19/20 | step 3420 | loss 0.3419
15:42:08 INFO     Epoch 19/20 | step 3430 | loss 0.3296
15:42:09 INFO     Epoch 19/20 | step 3440 | loss 0.3053
15:42:09 INFO     Epoch 19/20 | step 3450 | loss 0.3663
15:42:09 INFO     Epoch 19/20 | step 3460 | loss 0.3453
15:42:10 INFO     Epoch 19/20 | step 3470 | loss 0.3493
15:42:10 INFO     Epoch 19/20 | step 3480 | loss 0.3738
15:42:10 INFO     Epoch 19/20 | step 3490 | loss 0.3534
15:42:11 INFO     Epoch 19/20 | step 3500 | loss 0.3701
15:42:11 INFO     Epoch 19/20 | step 3510 | loss 0.4585
15:42:11 INFO     Epoch 19/20 | step 3520 | loss 0.3556
15:42:11 INFO     Epoch 19/20 | step 3530 | loss 0.3393
15:42:12 INFO     Epoch 19/20 | step 3540 | loss 0.3373
15:42:12 INFO     Epoch 19/20 | step 3550 | loss 0.4433
15:42:12 INFO     Epoch 19/20 | step 3560 | loss 0.3702
15:42:13 INFO     Epoch 19/20 | step 3570 | loss 0.4454
15:42:13 INFO     Epoch 19/20 | step 3580 | loss 0.2977
15:42:13 INFO     Epoch 19/20 | step 3590 | loss 0.3933
15:42:14 INFO     Epoch 19/20 | step 3600 | loss 0.3801
15:42:14 INFO     Epoch 19/20 | step 3610 | loss 0.3747
15:42:14 INFO     Epoch 19/20 | step 3620 | loss 0.3708
15:42:14 INFO     Epoch 19/20 | step 3630 | loss 0.4027
15:42:15 INFO     Epoch 19/20 | step 3640 | loss 0.3738
15:42:15 INFO     Epoch 19/20 | step 3650 | loss 0.3833
15:42:15 INFO     Epoch 19/20 | step 3660 | loss 0.3859
15:42:16 INFO     Epoch 19/20 | step 3670 | loss 0.3228
15:42:16 INFO     Epoch 19/20 | step 3680 | loss 0.4269
15:42:16 INFO     Epoch 19/20 | step 3690 | loss 0.3736
15:42:17 INFO     Epoch 19/20 | step 3700 | loss 0.3447
15:42:17 INFO     Epoch 19/20 | step 3710 | loss 0.4163
15:42:17 INFO     Epoch 19/20 | step 3720 | loss 0.3746
15:42:18 INFO     Epoch 19/20 | step 3730 | loss 0.3106
15:42:18 INFO     Epoch 19/20 | step 3740 | loss 0.3399
15:42:18 INFO     Epoch 19/20 | step 3750 | loss 0.4088
15:42:18 INFO     Epoch 19/20 | step 3760 | loss 0.3401
15:42:19 INFO     Epoch 19/20 | step 3770 | loss 0.3667
15:42:19 INFO     Epoch 19/20 | step 3780 | loss 0.3546
15:42:19 INFO     Epoch 19/20 | step 3790 | loss 0.3748
15:42:20 INFO     Epoch 19/20 | step 3800 | loss 0.5102
15:42:20 INFO     Epoch 19/20 | step 3810 | loss 0.4783
15:42:20 INFO     Epoch 19/20 | step 3820 | loss 0.3430
15:42:21 INFO     Epoch 19/20 | step 3830 | loss 0.3367
15:42:21 INFO     Epoch 19/20 | step 3840 | loss 0.3200
15:42:21 INFO     Epoch 19/20 | step 3850 | loss 0.4198
15:42:21 INFO     Epoch 19/20 | step 3860 | loss 0.3538
15:42:22 INFO     Epoch 19/20 | step 3870 | loss 0.3526
15:42:22 INFO     Epoch 19/20 | step 3880 | loss 0.3499
15:42:22 INFO     Epoch 19/20 | step 3890 | loss 0.3430
15:42:23 INFO     Epoch 19/20 | step 3900 | loss 0.4231
15:42:23 INFO     Epoch 19/20 | step 3910 | loss 0.3342
15:42:23 INFO     Epoch 19/20 | step 3920 | loss 0.4370
15:42:24 INFO     Epoch 19/20 | step 3930 | loss 0.3770
15:42:24 INFO     Epoch 19/20 | step 3940 | loss 0.3765
15:42:24 INFO     Epoch 19/20 | step 3950 | loss 0.3334
15:42:24 INFO     Epoch 19/20 | step 3960 | loss 0.3865
15:42:25 INFO     Epoch 19/20 | step 3970 | loss 0.3231
15:42:25 INFO     Epoch 19/20 | step 3980 | loss 0.2811
15:42:25 INFO     Epoch 19/20 | step 3990 | loss 0.4176
15:42:26 INFO     Epoch 19/20 | step 4000 | loss 0.2991
15:42:26 INFO     Epoch 19/20 | step 4010 | loss 0.3600
15:42:26 INFO     Epoch 19/20 | step 4020 | loss 0.3583
15:42:27 INFO     Epoch 19/20 | step 4030 | loss 0.4637
15:42:27 INFO     Epoch 19/20 | step 4040 | loss 0.3491
15:42:27 INFO     Epoch 19/20 | step 4050 | loss 0.4103
15:42:27 INFO     Epoch 19/20 | step 4060 | loss 0.3589
15:42:28 INFO     Epoch 19/20 | step 4070 | loss 0.3060
15:42:28 INFO     Epoch 19/20 | step 4080 | loss 0.4200
15:42:28 INFO     Epoch 19/20 | step 4090 | loss 0.4022
15:42:29 INFO     Epoch 19/20 | step 4100 | loss 0.4048
15:42:29 INFO     Epoch 19/20 | step 4110 | loss 0.3331
15:42:29 INFO     Epoch 19/20 | step 4120 | loss 0.3706
15:42:30 INFO     Epoch 19/20 | step 4130 | loss 0.3951
15:42:30 INFO     Epoch 19/20 | step 4140 | loss 0.2691
15:42:30 INFO     Epoch 19/20 | step 4150 | loss 0.4151
15:42:31 INFO     Epoch 19/20 | step 4160 | loss 0.3654
15:42:31 INFO     Epoch 19/20 | step 4170 | loss 0.3600
15:42:31 INFO     Epoch 19/20 | step 4180 | loss 0.2879
15:42:31 INFO     Epoch 19/20 | step 4190 | loss 0.4199
15:42:32 INFO     Epoch 19/20 | step 4200 | loss 0.4433
15:42:32 INFO     Epoch 19/20 | step 4210 | loss 0.2675
15:42:32 INFO     Epoch 19/20 | step 4220 | loss 0.4205
15:42:33 INFO     Epoch 19/20 | step 4230 | loss 0.3524
15:42:33 INFO     Epoch 19/20 | step 4240 | loss 0.3694
15:42:33 INFO     Epoch 19/20 | step 4250 | loss 0.3391
15:42:34 INFO     Epoch 19/20 | step 4260 | loss 0.3836
15:42:34 INFO     Epoch 19/20 | step 4270 | loss 0.3925
15:42:34 INFO     Epoch 19/20 | step 4280 | loss 0.4394
15:42:34 INFO     Epoch 19/20 | step 4290 | loss 0.3740
15:42:35 INFO     Epoch 19/20 | step 4300 | loss 0.2976
15:42:35 INFO     Epoch 19/20 | step 4310 | loss 0.4688
15:42:35 INFO     Epoch 19/20 | step 4320 | loss 0.3484
15:42:36 INFO     Epoch 19/20 | step 4330 | loss 0.4412
15:42:36 INFO     Epoch 19/20 | step 4340 | loss 0.3563
15:42:36 INFO     Epoch 19/20 | step 4350 | loss 0.3753
15:42:37 INFO     Epoch 19/20 | step 4360 | loss 0.4164
15:42:37 INFO     Epoch 19/20 | step 4370 | loss 0.4386
15:42:37 INFO     Epoch 19/20 | step 4380 | loss 0.3028
15:42:37 INFO     Epoch 19/20 | step 4390 | loss 0.3304
15:42:38 INFO     Epoch 19/20 | step 4400 | loss 0.4159
15:42:38 INFO     Epoch 19/20 | step 4410 | loss 0.5247
15:42:38 INFO     Epoch 19/20 | step 4420 | loss 0.3578
15:42:39 INFO     Epoch 19/20 | step 4430 | loss 0.4196
15:42:39 INFO     Epoch 19/20 | step 4440 | loss 0.3633
15:42:39 INFO     Epoch 19/20 | step 4450 | loss 0.3726
15:42:40 INFO     Epoch 19/20 | step 4460 | loss 0.4471
15:42:40 INFO     Epoch 19/20 | step 4470 | loss 0.3574
15:42:40 INFO     Epoch 19/20 | step 4480 | loss 0.3233
15:42:41 INFO     Epoch 19/20 | step 4490 | loss 0.3843
15:42:41 INFO     Epoch 19/20 | step 4500 | loss 0.4230
15:42:41 INFO     Epoch 19/20 | step 4510 | loss 0.3478
15:42:41 INFO     Epoch 19/20 | step 4520 | loss 0.3011
15:42:42 INFO     Epoch 19/20 | step 4530 | loss 0.2890
15:42:42 INFO     Epoch 19/20 | step 4540 | loss 0.2465
15:42:42 INFO     Epoch 19/20 | step 4550 | loss 0.4097
15:42:43 INFO     Epoch 19/20 | step 4560 | loss 0.4244
15:42:43 INFO     Epoch 19/20 | step 4570 | loss 0.3600
15:42:43 INFO     Epoch 19/20 | step 4580 | loss 0.4252
15:42:44 INFO     Epoch 19/20 | step 4590 | loss 0.3872
15:42:44 INFO     Epoch 19/20 | step 4600 | loss 0.4616
15:42:44 INFO     Epoch 19/20 | step 4610 | loss 0.3038
15:42:44 INFO     Epoch 19/20 | step 4620 | loss 0.3640
15:42:45 INFO     Epoch 19/20 | step 4630 | loss 0.4424
15:42:45 INFO     Epoch 19/20 | step 4640 | loss 0.2941
15:42:45 INFO     Epoch 19/20 | step 4650 | loss 0.3397
15:42:46 INFO     Epoch 19/20 | step 4660 | loss 0.3640
15:42:46 INFO     Epoch 19/20 | step 4670 | loss 0.4277
15:42:46 INFO     Epoch 19/20 | step 4680 | loss 0.4129
15:42:47 INFO     Epoch 19/20 | step 4690 | loss 0.3538
15:42:47 INFO     Epoch 19/20 | step 4700 | loss 0.4849
15:42:47 INFO     Epoch 19/20 | step 4710 | loss 0.3239
15:42:47 INFO     Epoch 19/20 | step 4720 | loss 0.3931
15:42:48 INFO     Epoch 19/20 | step 4730 | loss 0.4103
15:42:48 INFO     Epoch 19/20 | step 4740 | loss 0.2786
15:42:48 INFO     Epoch 19/20 | step 4750 | loss 0.4162
15:42:49 INFO     Epoch 19/20 | step 4760 | loss 0.3861
15:42:49 INFO     Epoch 19/20 | step 4770 | loss 0.3228
15:42:49 INFO     Epoch 19/20 | step 4780 | loss 0.4177
15:42:50 INFO     Epoch 19/20 | step 4790 | loss 0.3810
15:42:50 INFO     Epoch 19/20 | step 4800 | loss 0.4703
15:42:50 INFO     Epoch 19/20 | step 4810 | loss 0.3989
15:42:50 INFO     Epoch 19/20 | step 4820 | loss 0.3578
15:42:51 INFO     Epoch 19/20 | step 4830 | loss 0.3628
15:42:51 INFO     Epoch 19/20 | step 4840 | loss 0.3915
15:42:51 INFO     Epoch 19/20 | step 4850 | loss 0.3192
15:42:52 INFO     Epoch 19/20 | step 4860 | loss 0.3143
15:42:52 INFO     Epoch 19/20 | step 4870 | loss 0.4010
15:42:52 INFO     Epoch 19/20 | step 4880 | loss 0.3987
15:42:53 INFO     Epoch 19/20 | step 4890 | loss 0.2751
15:42:53 INFO     Epoch 19/20 | step 4900 | loss 0.3962
15:42:53 INFO     Epoch 19/20 | step 4910 | loss 0.3544
15:42:53 INFO     Epoch 19/20 | step 4920 | loss 0.3683
15:42:54 INFO     Epoch 19/20 | step 4930 | loss 0.3653
15:42:54 INFO     Epoch 19/20 | step 4940 | loss 0.3733
15:42:54 INFO     Epoch 19/20 | step 4950 | loss 0.4868
15:42:55 INFO     Epoch 19/20 | step 4960 | loss 0.4171
15:42:55 INFO     Epoch 19/20 | step 4970 | loss 0.4447
15:42:55 INFO     Epoch 19/20 | step 4980 | loss 0.3840
15:42:56 INFO     Epoch 19/20 | step 4990 | loss 0.3961
15:42:56 INFO     Epoch 19/20 | step 5000 | loss 0.2968
15:42:56 INFO     Epoch 19/20 | step 5010 | loss 0.3645
15:42:57 INFO     Epoch 19/20 | step 5020 | loss 0.3920
15:42:57 INFO     Epoch 19/20 | step 5030 | loss 0.4574
15:42:57 INFO     Epoch 19/20 | step 5040 | loss 0.4503
15:42:57 INFO     Epoch 19/20 | step 5050 | loss 0.3604
15:42:58 INFO     Epoch 19/20 | step 5060 | loss 0.4432
15:42:58 INFO     Epoch 19/20 | step 5070 | loss 0.3239
15:42:58 INFO     Epoch 19/20 | step 5080 | loss 0.3149
15:42:59 INFO     Epoch 19/20 | step 5090 | loss 0.3188
15:42:59 INFO     Epoch 19/20 | step 5100 | loss 0.3332
15:42:59 INFO     Epoch 19/20 | step 5110 | loss 0.3517
15:43:00 INFO     Epoch 19/20 | step 5120 | loss 0.3623
15:43:00 INFO     Epoch 19/20 | step 5130 | loss 0.3352
15:43:00 INFO     Epoch 19/20 | step 5140 | loss 0.4138
15:43:00 INFO     Epoch 19/20 | step 5150 | loss 0.3012
15:43:01 INFO     Epoch 19/20 | step 5160 | loss 0.4016
15:43:01 INFO     Epoch 19/20 | step 5170 | loss 0.3685
15:43:01 INFO     Epoch 19/20 | step 5180 | loss 0.3358
15:43:02 INFO     Epoch 19/20 | step 5190 | loss 0.4117
15:43:02 INFO     Epoch 19/20 | step 5200 | loss 0.4167
15:43:02 INFO     Epoch 19/20 | step 5210 | loss 0.4018
15:43:03 INFO     Epoch 19/20 | step 5220 | loss 0.3621
15:43:03 INFO     Epoch 19/20 | step 5230 | loss 0.3514
15:43:03 INFO     Epoch 19/20 | step 5240 | loss 0.3662
15:43:03 INFO     Epoch 19/20 | step 5250 | loss 0.3678
15:43:04 INFO     Epoch 19/20 | step 5260 | loss 0.3920
15:43:04 INFO     Epoch 19/20 | step 5270 | loss 0.3985
15:43:04 INFO     Epoch 19/20 | step 5280 | loss 0.3531
15:43:05 INFO     Epoch 19/20 | step 5290 | loss 0.4520
15:43:05 INFO     Epoch 19/20 | step 5300 | loss 0.3998
15:43:05 INFO     Epoch 19/20 | step 5310 | loss 0.3566
15:43:06 INFO     Epoch 19/20 | step 5320 | loss 0.3561
15:43:06 INFO     Epoch 19/20 | step 5330 | loss 0.3997
15:43:06 INFO     Epoch 19/20 | step 5340 | loss 0.3113
15:43:06 INFO     Epoch 19/20 | step 5350 | loss 0.3001
15:43:07 INFO     Epoch 19/20 | step 5360 | loss 0.3583
15:43:07 INFO     Epoch 19/20 | step 5370 | loss 0.4026
15:43:07 INFO     Epoch 19/20 | step 5380 | loss 0.3551
15:43:08 INFO     Epoch 19/20 | step 5390 | loss 0.4011
15:43:08 INFO     Epoch 19/20 | step 5400 | loss 0.3260
15:43:08 INFO     Epoch 19/20 | step 5410 | loss 0.3333
15:43:09 INFO     Epoch 19/20 | step 5420 | loss 0.3840
15:43:09 INFO     Epoch 19/20 | step 5430 | loss 0.3876
15:43:09 INFO     Epoch 19/20 | step 5440 | loss 0.4595
15:43:10 INFO     Epoch 19/20 | step 5450 | loss 0.4361
15:43:10 INFO     Epoch 19/20 | step 5460 | loss 0.3863
15:43:10 INFO     Epoch 19/20 | step 5470 | loss 0.3435
15:43:10 INFO     Epoch 19/20 | step 5480 | loss 0.3836
15:43:11 INFO     Epoch 19/20 | step 5490 | loss 0.3455
15:43:11 INFO     Epoch 19/20 | step 5500 | loss 0.3296
15:43:11 INFO     Epoch 19/20 | step 5510 | loss 0.3864
15:43:12 INFO     Epoch 19/20 | step 5520 | loss 0.3490
15:43:12 INFO     Epoch 19/20 | step 5530 | loss 0.4209
15:43:12 INFO     Epoch 19/20 | step 5540 | loss 0.3522
15:43:13 INFO     Epoch 19/20 | step 5550 | loss 0.4065
15:43:13 INFO     Epoch 19/20 | step 5560 | loss 0.3943
15:43:13 INFO     Epoch 19/20 | step 5570 | loss 0.4707
15:43:13 INFO     Epoch 19/20 | step 5580 | loss 0.3376
15:43:14 INFO     Epoch 19/20 | step 5590 | loss 0.3632
15:43:14 INFO     Epoch 19/20 | step 5600 | loss 0.3212
15:43:14 INFO     Epoch 19/20 | step 5610 | loss 0.3986
15:43:15 INFO     Epoch 19/20 | step 5620 | loss 0.3475
15:43:15 INFO     Epoch 19/20 | step 5630 | loss 0.3796
15:43:15 INFO     Epoch 19/20 | step 5640 | loss 0.3167
15:43:16 INFO     Epoch 19/20 | step 5650 | loss 0.3509
15:43:16 INFO     Epoch 19/20 | avg loss 0.3781
15:43:16 INFO     Epoch 19/20 | new best loss 0.3781 — checkpoint saved
15:43:16 INFO     Epoch 20/20 | step   10 | loss 0.4024
15:43:16 INFO     Epoch 20/20 | step   20 | loss 0.4326
15:43:17 INFO     Epoch 20/20 | step   30 | loss 0.4025
15:43:17 INFO     Epoch 20/20 | step   40 | loss 0.4146
15:43:17 INFO     Epoch 20/20 | step   50 | loss 0.4177
15:43:18 INFO     Epoch 20/20 | step   60 | loss 0.3610
15:43:18 INFO     Epoch 20/20 | step   70 | loss 0.3402
15:43:18 INFO     Epoch 20/20 | step   80 | loss 0.4094
15:43:18 INFO     Epoch 20/20 | step   90 | loss 0.3155
15:43:19 INFO     Epoch 20/20 | step  100 | loss 0.4422
15:43:19 INFO     Epoch 20/20 | step  110 | loss 0.3518
15:43:19 INFO     Epoch 20/20 | step  120 | loss 0.4023
15:43:20 INFO     Epoch 20/20 | step  130 | loss 0.3645
15:43:20 INFO     Epoch 20/20 | step  140 | loss 0.3953
15:43:20 INFO     Epoch 20/20 | step  150 | loss 0.3694
15:43:21 INFO     Epoch 20/20 | step  160 | loss 0.4980
15:43:21 INFO     Epoch 20/20 | step  170 | loss 0.3967
15:43:21 INFO     Epoch 20/20 | step  180 | loss 0.3501
15:43:21 INFO     Epoch 20/20 | step  190 | loss 0.4122
15:43:22 INFO     Epoch 20/20 | step  200 | loss 0.4036
15:43:22 INFO     Epoch 20/20 | step  210 | loss 0.4004
15:43:22 INFO     Epoch 20/20 | step  220 | loss 0.3924
15:43:23 INFO     Epoch 20/20 | step  230 | loss 0.4163
15:43:23 INFO     Epoch 20/20 | step  240 | loss 0.3394
15:43:23 INFO     Epoch 20/20 | step  250 | loss 0.3535
15:43:24 INFO     Epoch 20/20 | step  260 | loss 0.3670
15:43:24 INFO     Epoch 20/20 | step  270 | loss 0.3640
15:43:24 INFO     Epoch 20/20 | step  280 | loss 0.3768
15:43:24 INFO     Epoch 20/20 | step  290 | loss 0.3126
15:43:25 INFO     Epoch 20/20 | step  300 | loss 0.3661
15:43:25 INFO     Epoch 20/20 | step  310 | loss 0.3585
15:43:25 INFO     Epoch 20/20 | step  320 | loss 0.3952
15:43:26 INFO     Epoch 20/20 | step  330 | loss 0.5296
15:43:26 INFO     Epoch 20/20 | step  340 | loss 0.2944
15:43:26 INFO     Epoch 20/20 | step  350 | loss 0.4733
15:43:27 INFO     Epoch 20/20 | step  360 | loss 0.4151
15:43:27 INFO     Epoch 20/20 | step  370 | loss 0.3150
15:43:27 INFO     Epoch 20/20 | step  380 | loss 0.4080
15:43:27 INFO     Epoch 20/20 | step  390 | loss 0.2739
15:43:28 INFO     Epoch 20/20 | step  400 | loss 0.4273
15:43:28 INFO     Epoch 20/20 | step  410 | loss 0.3848
15:43:28 INFO     Epoch 20/20 | step  420 | loss 0.3292
15:43:29 INFO     Epoch 20/20 | step  430 | loss 0.3303
15:43:29 INFO     Epoch 20/20 | step  440 | loss 0.3774
15:43:29 INFO     Epoch 20/20 | step  450 | loss 0.3862
15:43:30 INFO     Epoch 20/20 | step  460 | loss 0.3406
15:43:30 INFO     Epoch 20/20 | step  470 | loss 0.2891
15:43:30 INFO     Epoch 20/20 | step  480 | loss 0.3573
15:43:31 INFO     Epoch 20/20 | step  490 | loss 0.3280
15:43:31 INFO     Epoch 20/20 | step  500 | loss 0.4570
15:43:31 INFO     Epoch 20/20 | step  510 | loss 0.3102
15:43:31 INFO     Epoch 20/20 | step  520 | loss 0.4127
15:43:32 INFO     Epoch 20/20 | step  530 | loss 0.3739
15:43:32 INFO     Epoch 20/20 | step  540 | loss 0.3414
15:43:32 INFO     Epoch 20/20 | step  550 | loss 0.4237
15:43:33 INFO     Epoch 20/20 | step  560 | loss 0.3538
15:43:33 INFO     Epoch 20/20 | step  570 | loss 0.3631
15:43:33 INFO     Epoch 20/20 | step  580 | loss 0.3127
15:43:34 INFO     Epoch 20/20 | step  590 | loss 0.3908
15:43:34 INFO     Epoch 20/20 | step  600 | loss 0.4133
15:43:34 INFO     Epoch 20/20 | step  610 | loss 0.3191
15:43:34 INFO     Epoch 20/20 | step  620 | loss 0.3467
15:43:35 INFO     Epoch 20/20 | step  630 | loss 0.3505
15:43:35 INFO     Epoch 20/20 | step  640 | loss 0.4004
15:43:35 INFO     Epoch 20/20 | step  650 | loss 0.4357
15:43:36 INFO     Epoch 20/20 | step  660 | loss 0.4527
15:43:36 INFO     Epoch 20/20 | step  670 | loss 0.3921
15:43:36 INFO     Epoch 20/20 | step  680 | loss 0.3649
15:43:37 INFO     Epoch 20/20 | step  690 | loss 0.4454
15:43:37 INFO     Epoch 20/20 | step  700 | loss 0.3928
15:43:37 INFO     Epoch 20/20 | step  710 | loss 0.3021
15:43:37 INFO     Epoch 20/20 | step  720 | loss 0.3500
15:43:38 INFO     Epoch 20/20 | step  730 | loss 0.3592
15:43:38 INFO     Epoch 20/20 | step  740 | loss 0.4377
15:43:38 INFO     Epoch 20/20 | step  750 | loss 0.3474
15:43:39 INFO     Epoch 20/20 | step  760 | loss 0.3719
15:43:39 INFO     Epoch 20/20 | step  770 | loss 0.3632
15:43:39 INFO     Epoch 20/20 | step  780 | loss 0.4194
15:43:40 INFO     Epoch 20/20 | step  790 | loss 0.3796
15:43:40 INFO     Epoch 20/20 | step  800 | loss 0.4339
15:43:40 INFO     Epoch 20/20 | step  810 | loss 0.3749
15:43:41 INFO     Epoch 20/20 | step  820 | loss 0.3776
15:43:41 INFO     Epoch 20/20 | step  830 | loss 0.4085
15:43:41 INFO     Epoch 20/20 | step  840 | loss 0.3421
15:43:41 INFO     Epoch 20/20 | step  850 | loss 0.4019
15:43:42 INFO     Epoch 20/20 | step  860 | loss 0.3139
15:43:42 INFO     Epoch 20/20 | step  870 | loss 0.3617
15:43:42 INFO     Epoch 20/20 | step  880 | loss 0.2839
15:43:43 INFO     Epoch 20/20 | step  890 | loss 0.3481
15:43:43 INFO     Epoch 20/20 | step  900 | loss 0.4233
15:43:43 INFO     Epoch 20/20 | step  910 | loss 0.3542
15:43:44 INFO     Epoch 20/20 | step  920 | loss 0.3811
15:43:44 INFO     Epoch 20/20 | step  930 | loss 0.4093
15:43:44 INFO     Epoch 20/20 | step  940 | loss 0.2826
15:43:44 INFO     Epoch 20/20 | step  950 | loss 0.3562
15:43:45 INFO     Epoch 20/20 | step  960 | loss 0.3739
15:43:45 INFO     Epoch 20/20 | step  970 | loss 0.4345
15:43:45 INFO     Epoch 20/20 | step  980 | loss 0.3326
15:43:46 INFO     Epoch 20/20 | step  990 | loss 0.4198
15:43:46 INFO     Epoch 20/20 | step 1000 | loss 0.3499
15:43:46 INFO     Epoch 20/20 | step 1010 | loss 0.4006
15:43:47 INFO     Epoch 20/20 | step 1020 | loss 0.2973
15:43:47 INFO     Epoch 20/20 | step 1030 | loss 0.4997
15:43:47 INFO     Epoch 20/20 | step 1040 | loss 0.3957
15:43:47 INFO     Epoch 20/20 | step 1050 | loss 0.3185
15:43:48 INFO     Epoch 20/20 | step 1060 | loss 0.4135
15:43:48 INFO     Epoch 20/20 | step 1070 | loss 0.3461
15:43:48 INFO     Epoch 20/20 | step 1080 | loss 0.3316
15:43:49 INFO     Epoch 20/20 | step 1090 | loss 0.3460
15:43:49 INFO     Epoch 20/20 | step 1100 | loss 0.3184
15:43:49 INFO     Epoch 20/20 | step 1110 | loss 0.4573
15:43:50 INFO     Epoch 20/20 | step 1120 | loss 0.3580
15:43:50 INFO     Epoch 20/20 | step 1130 | loss 0.3132
15:43:50 INFO     Epoch 20/20 | step 1140 | loss 0.3124
15:43:50 INFO     Epoch 20/20 | step 1150 | loss 0.4746
15:43:51 INFO     Epoch 20/20 | step 1160 | loss 0.3583
15:43:51 INFO     Epoch 20/20 | step 1170 | loss 0.4164
15:43:51 INFO     Epoch 20/20 | step 1180 | loss 0.4433
15:43:52 INFO     Epoch 20/20 | step 1190 | loss 0.4195
15:43:52 INFO     Epoch 20/20 | step 1200 | loss 0.3056
15:43:52 INFO     Epoch 20/20 | step 1210 | loss 0.2965
15:43:53 INFO     Epoch 20/20 | step 1220 | loss 0.3644
15:43:53 INFO     Epoch 20/20 | step 1230 | loss 0.3421
15:43:53 INFO     Epoch 20/20 | step 1240 | loss 0.3897
15:43:54 INFO     Epoch 20/20 | step 1250 | loss 0.3049
15:43:54 INFO     Epoch 20/20 | step 1260 | loss 0.3222
15:43:54 INFO     Epoch 20/20 | step 1270 | loss 0.4051
15:43:54 INFO     Epoch 20/20 | step 1280 | loss 0.3913
15:43:55 INFO     Epoch 20/20 | step 1290 | loss 0.3721
15:43:55 INFO     Epoch 20/20 | step 1300 | loss 0.4171
15:43:55 INFO     Epoch 20/20 | step 1310 | loss 0.3324
15:43:56 INFO     Epoch 20/20 | step 1320 | loss 0.3876
15:43:56 INFO     Epoch 20/20 | step 1330 | loss 0.3581
15:43:56 INFO     Epoch 20/20 | step 1340 | loss 0.2756
15:43:57 INFO     Epoch 20/20 | step 1350 | loss 0.4089
15:43:57 INFO     Epoch 20/20 | step 1360 | loss 0.4209
15:43:57 INFO     Epoch 20/20 | step 1370 | loss 0.3825
15:43:57 INFO     Epoch 20/20 | step 1380 | loss 0.3349
15:43:58 INFO     Epoch 20/20 | step 1390 | loss 0.4190
15:43:58 INFO     Epoch 20/20 | step 1400 | loss 0.4133
15:43:58 INFO     Epoch 20/20 | step 1410 | loss 0.3783
15:43:59 INFO     Epoch 20/20 | step 1420 | loss 0.3608
15:43:59 INFO     Epoch 20/20 | step 1430 | loss 0.2974
15:43:59 INFO     Epoch 20/20 | step 1440 | loss 0.3130
15:44:00 INFO     Epoch 20/20 | step 1450 | loss 0.3369
15:44:00 INFO     Epoch 20/20 | step 1460 | loss 0.3169
15:44:00 INFO     Epoch 20/20 | step 1470 | loss 0.3901
15:44:00 INFO     Epoch 20/20 | step 1480 | loss 0.4071
15:44:01 INFO     Epoch 20/20 | step 1490 | loss 0.3464
15:44:01 INFO     Epoch 20/20 | step 1500 | loss 0.3634
15:44:01 INFO     Epoch 20/20 | step 1510 | loss 0.3840
15:44:02 INFO     Epoch 20/20 | step 1520 | loss 0.3805
15:44:02 INFO     Epoch 20/20 | step 1530 | loss 0.3494
15:44:02 INFO     Epoch 20/20 | step 1540 | loss 0.4231
15:44:03 INFO     Epoch 20/20 | step 1550 | loss 0.3879
15:44:03 INFO     Epoch 20/20 | step 1560 | loss 0.3761
15:44:03 INFO     Epoch 20/20 | step 1570 | loss 0.3181
15:44:03 INFO     Epoch 20/20 | step 1580 | loss 0.4787
15:44:04 INFO     Epoch 20/20 | step 1590 | loss 0.3859
15:44:04 INFO     Epoch 20/20 | step 1600 | loss 0.4356
15:44:04 INFO     Epoch 20/20 | step 1610 | loss 0.2679
15:44:05 INFO     Epoch 20/20 | step 1620 | loss 0.3095
15:44:05 INFO     Epoch 20/20 | step 1630 | loss 0.3649
15:44:05 INFO     Epoch 20/20 | step 1640 | loss 0.2988
15:44:06 INFO     Epoch 20/20 | step 1650 | loss 0.4594
15:44:06 INFO     Epoch 20/20 | step 1660 | loss 0.3484
15:44:06 INFO     Epoch 20/20 | step 1670 | loss 0.3271
15:44:07 INFO     Epoch 20/20 | step 1680 | loss 0.4897
15:44:07 INFO     Epoch 20/20 | step 1690 | loss 0.3719
15:44:07 INFO     Epoch 20/20 | step 1700 | loss 0.3909
15:44:07 INFO     Epoch 20/20 | step 1710 | loss 0.3025
15:44:08 INFO     Epoch 20/20 | step 1720 | loss 0.3851
15:44:08 INFO     Epoch 20/20 | step 1730 | loss 0.4680
15:44:08 INFO     Epoch 20/20 | step 1740 | loss 0.2887
15:44:09 INFO     Epoch 20/20 | step 1750 | loss 0.3079
15:44:09 INFO     Epoch 20/20 | step 1760 | loss 0.3567
15:44:09 INFO     Epoch 20/20 | step 1770 | loss 0.3531
15:44:10 INFO     Epoch 20/20 | step 1780 | loss 0.4009
15:44:10 INFO     Epoch 20/20 | step 1790 | loss 0.3147
15:44:10 INFO     Epoch 20/20 | step 1800 | loss 0.4150
15:44:10 INFO     Epoch 20/20 | step 1810 | loss 0.3959
15:44:11 INFO     Epoch 20/20 | step 1820 | loss 0.3677
15:44:11 INFO     Epoch 20/20 | step 1830 | loss 0.4292
15:44:11 INFO     Epoch 20/20 | step 1840 | loss 0.4150
15:44:12 INFO     Epoch 20/20 | step 1850 | loss 0.3350
15:44:12 INFO     Epoch 20/20 | step 1860 | loss 0.3743
15:44:12 INFO     Epoch 20/20 | step 1870 | loss 0.4228
15:44:13 INFO     Epoch 20/20 | step 1880 | loss 0.3966
15:44:13 INFO     Epoch 20/20 | step 1890 | loss 0.3930
15:44:13 INFO     Epoch 20/20 | step 1900 | loss 0.3600
15:44:13 INFO     Epoch 20/20 | step 1910 | loss 0.4115
15:44:14 INFO     Epoch 20/20 | step 1920 | loss 0.2844
15:44:14 INFO     Epoch 20/20 | step 1930 | loss 0.4490
15:44:14 INFO     Epoch 20/20 | step 1940 | loss 0.4518
15:44:15 INFO     Epoch 20/20 | step 1950 | loss 0.3298
15:44:15 INFO     Epoch 20/20 | step 1960 | loss 0.4042
15:44:15 INFO     Epoch 20/20 | step 1970 | loss 0.3310
15:44:16 INFO     Epoch 20/20 | step 1980 | loss 0.3468
15:44:16 INFO     Epoch 20/20 | step 1990 | loss 0.3897
15:44:16 INFO     Epoch 20/20 | step 2000 | loss 0.3121
15:44:17 INFO     Epoch 20/20 | step 2010 | loss 0.3248
15:44:17 INFO     Epoch 20/20 | step 2020 | loss 0.4140
15:44:17 INFO     Epoch 20/20 | step 2030 | loss 0.4182
15:44:17 INFO     Epoch 20/20 | step 2040 | loss 0.2923
15:44:18 INFO     Epoch 20/20 | step 2050 | loss 0.3301
15:44:18 INFO     Epoch 20/20 | step 2060 | loss 0.3738
15:44:18 INFO     Epoch 20/20 | step 2070 | loss 0.4005
15:44:19 INFO     Epoch 20/20 | step 2080 | loss 0.3648
15:44:19 INFO     Epoch 20/20 | step 2090 | loss 0.3671
15:44:19 INFO     Epoch 20/20 | step 2100 | loss 0.3931
15:44:20 INFO     Epoch 20/20 | step 2110 | loss 0.4199
15:44:20 INFO     Epoch 20/20 | step 2120 | loss 0.3485
15:44:20 INFO     Epoch 20/20 | step 2130 | loss 0.3665
15:44:20 INFO     Epoch 20/20 | step 2140 | loss 0.3812
15:44:21 INFO     Epoch 20/20 | step 2150 | loss 0.4063
15:44:21 INFO     Epoch 20/20 | step 2160 | loss 0.4051
15:44:21 INFO     Epoch 20/20 | step 2170 | loss 0.4073
15:44:22 INFO     Epoch 20/20 | step 2180 | loss 0.3250
15:44:22 INFO     Epoch 20/20 | step 2190 | loss 0.3877
15:44:22 INFO     Epoch 20/20 | step 2200 | loss 0.3204
15:44:23 INFO     Epoch 20/20 | step 2210 | loss 0.4264
15:44:23 INFO     Epoch 20/20 | step 2220 | loss 0.4140
15:44:23 INFO     Epoch 20/20 | step 2230 | loss 0.3921
15:44:23 INFO     Epoch 20/20 | step 2240 | loss 0.4685
15:44:24 INFO     Epoch 20/20 | step 2250 | loss 0.3033
15:44:24 INFO     Epoch 20/20 | step 2260 | loss 0.3739
15:44:24 INFO     Epoch 20/20 | step 2270 | loss 0.2987
15:44:25 INFO     Epoch 20/20 | step 2280 | loss 0.3876
15:44:25 INFO     Epoch 20/20 | step 2290 | loss 0.3385
15:44:25 INFO     Epoch 20/20 | step 2300 | loss 0.2975
15:44:26 INFO     Epoch 20/20 | step 2310 | loss 0.3733
15:44:26 INFO     Epoch 20/20 | step 2320 | loss 0.3951
15:44:26 INFO     Epoch 20/20 | step 2330 | loss 0.4492
15:44:26 INFO     Epoch 20/20 | step 2340 | loss 0.3632
15:44:27 INFO     Epoch 20/20 | step 2350 | loss 0.3377
15:44:27 INFO     Epoch 20/20 | step 2360 | loss 0.4046
15:44:27 INFO     Epoch 20/20 | step 2370 | loss 0.3876
15:44:28 INFO     Epoch 20/20 | step 2380 | loss 0.3162
15:44:28 INFO     Epoch 20/20 | step 2390 | loss 0.4093
15:44:28 INFO     Epoch 20/20 | step 2400 | loss 0.3361
15:44:29 INFO     Epoch 20/20 | step 2410 | loss 0.3519
15:44:29 INFO     Epoch 20/20 | step 2420 | loss 0.3492
15:44:29 INFO     Epoch 20/20 | step 2430 | loss 0.4002
15:44:30 INFO     Epoch 20/20 | step 2440 | loss 0.3820
15:44:30 INFO     Epoch 20/20 | step 2450 | loss 0.4272
15:44:30 INFO     Epoch 20/20 | step 2460 | loss 0.3590
15:44:30 INFO     Epoch 20/20 | step 2470 | loss 0.3317
15:44:31 INFO     Epoch 20/20 | step 2480 | loss 0.3047
15:44:31 INFO     Epoch 20/20 | step 2490 | loss 0.3622
15:44:31 INFO     Epoch 20/20 | step 2500 | loss 0.3850
15:44:32 INFO     Epoch 20/20 | step 2510 | loss 0.4543
15:44:32 INFO     Epoch 20/20 | step 2520 | loss 0.4619
15:44:32 INFO     Epoch 20/20 | step 2530 | loss 0.3936
15:44:33 INFO     Epoch 20/20 | step 2540 | loss 0.3292
15:44:33 INFO     Epoch 20/20 | step 2550 | loss 0.3662
15:44:33 INFO     Epoch 20/20 | step 2560 | loss 0.3376
15:44:33 INFO     Epoch 20/20 | step 2570 | loss 0.3787
15:44:34 INFO     Epoch 20/20 | step 2580 | loss 0.3564
15:44:34 INFO     Epoch 20/20 | step 2590 | loss 0.4070
15:44:34 INFO     Epoch 20/20 | step 2600 | loss 0.3197
15:44:35 INFO     Epoch 20/20 | step 2610 | loss 0.3614
15:44:35 INFO     Epoch 20/20 | step 2620 | loss 0.3209
15:44:35 INFO     Epoch 20/20 | step 2630 | loss 0.3341
15:44:36 INFO     Epoch 20/20 | step 2640 | loss 0.3991
15:44:36 INFO     Epoch 20/20 | step 2650 | loss 0.3502
15:44:36 INFO     Epoch 20/20 | step 2660 | loss 0.3892
15:44:36 INFO     Epoch 20/20 | step 2670 | loss 0.3692
15:44:37 INFO     Epoch 20/20 | step 2680 | loss 0.3896
15:44:37 INFO     Epoch 20/20 | step 2690 | loss 0.3782
15:44:37 INFO     Epoch 20/20 | step 2700 | loss 0.3268
15:44:38 INFO     Epoch 20/20 | step 2710 | loss 0.3827
15:44:38 INFO     Epoch 20/20 | step 2720 | loss 0.4409
15:44:38 INFO     Epoch 20/20 | step 2730 | loss 0.2963
15:44:39 INFO     Epoch 20/20 | step 2740 | loss 0.4790
15:44:39 INFO     Epoch 20/20 | step 2750 | loss 0.3724
15:44:39 INFO     Epoch 20/20 | step 2760 | loss 0.4379
15:44:39 INFO     Epoch 20/20 | step 2770 | loss 0.4380
15:44:40 INFO     Epoch 20/20 | step 2780 | loss 0.3946
15:44:40 INFO     Epoch 20/20 | step 2790 | loss 0.3774
15:44:40 INFO     Epoch 20/20 | step 2800 | loss 0.4156
15:44:41 INFO     Epoch 20/20 | step 2810 | loss 0.3165
15:44:41 INFO     Epoch 20/20 | step 2820 | loss 0.3790
15:44:41 INFO     Epoch 20/20 | step 2830 | loss 0.3522
15:44:42 INFO     Epoch 20/20 | step 2840 | loss 0.4282
15:44:42 INFO     Epoch 20/20 | step 2850 | loss 0.3780
15:44:42 INFO     Epoch 20/20 | step 2860 | loss 0.2890
15:44:43 INFO     Epoch 20/20 | step 2870 | loss 0.3739
15:44:43 INFO     Epoch 20/20 | step 2880 | loss 0.3005
15:44:43 INFO     Epoch 20/20 | step 2890 | loss 0.2688
15:44:43 INFO     Epoch 20/20 | step 2900 | loss 0.3260
15:44:44 INFO     Epoch 20/20 | step 2910 | loss 0.3527
15:44:44 INFO     Epoch 20/20 | step 2920 | loss 0.3470
15:44:44 INFO     Epoch 20/20 | step 2930 | loss 0.3617
15:44:45 INFO     Epoch 20/20 | step 2940 | loss 0.2736
15:44:45 INFO     Epoch 20/20 | step 2950 | loss 0.3337
15:44:45 INFO     Epoch 20/20 | step 2960 | loss 0.4359
15:44:46 INFO     Epoch 20/20 | step 2970 | loss 0.3556
15:44:46 INFO     Epoch 20/20 | step 2980 | loss 0.3978
15:44:46 INFO     Epoch 20/20 | step 2990 | loss 0.3764
15:44:46 INFO     Epoch 20/20 | step 3000 | loss 0.2850
15:44:47 INFO     Epoch 20/20 | step 3010 | loss 0.4405
15:44:47 INFO     Epoch 20/20 | step 3020 | loss 0.3288
15:44:47 INFO     Epoch 20/20 | step 3030 | loss 0.3479
15:44:48 INFO     Epoch 20/20 | step 3040 | loss 0.2937
15:44:48 INFO     Epoch 20/20 | step 3050 | loss 0.5128
15:44:48 INFO     Epoch 20/20 | step 3060 | loss 0.2910
15:44:49 INFO     Epoch 20/20 | step 3070 | loss 0.4105
15:44:49 INFO     Epoch 20/20 | step 3080 | loss 0.3081
15:44:49 INFO     Epoch 20/20 | step 3090 | loss 0.3296
15:44:49 INFO     Epoch 20/20 | step 3100 | loss 0.3323
15:44:50 INFO     Epoch 20/20 | step 3110 | loss 0.4210
15:44:50 INFO     Epoch 20/20 | step 3120 | loss 0.3485
15:44:50 INFO     Epoch 20/20 | step 3130 | loss 0.3384
15:44:51 INFO     Epoch 20/20 | step 3140 | loss 0.3563
15:44:51 INFO     Epoch 20/20 | step 3150 | loss 0.3263
15:44:51 INFO     Epoch 20/20 | step 3160 | loss 0.3622
15:44:52 INFO     Epoch 20/20 | step 3170 | loss 0.4281
15:44:52 INFO     Epoch 20/20 | step 3180 | loss 0.3378
15:44:52 INFO     Epoch 20/20 | step 3190 | loss 0.3281
15:44:53 INFO     Epoch 20/20 | step 3200 | loss 0.3258
15:44:53 INFO     Epoch 20/20 | step 3210 | loss 0.3378
15:44:53 INFO     Epoch 20/20 | step 3220 | loss 0.3261
15:44:53 INFO     Epoch 20/20 | step 3230 | loss 0.3135
15:44:54 INFO     Epoch 20/20 | step 3240 | loss 0.4079
15:44:54 INFO     Epoch 20/20 | step 3250 | loss 0.4281
15:44:54 INFO     Epoch 20/20 | step 3260 | loss 0.3574
15:44:55 INFO     Epoch 20/20 | step 3270 | loss 0.3952
15:44:55 INFO     Epoch 20/20 | step 3280 | loss 0.4591
15:44:55 INFO     Epoch 20/20 | step 3290 | loss 0.3418
15:44:56 INFO     Epoch 20/20 | step 3300 | loss 0.4006
15:44:56 INFO     Epoch 20/20 | step 3310 | loss 0.3496
15:44:56 INFO     Epoch 20/20 | step 3320 | loss 0.3698
15:44:56 INFO     Epoch 20/20 | step 3330 | loss 0.3605
15:44:57 INFO     Epoch 20/20 | step 3340 | loss 0.3913
15:44:57 INFO     Epoch 20/20 | step 3350 | loss 0.3697
15:44:57 INFO     Epoch 20/20 | step 3360 | loss 0.3621
15:44:58 INFO     Epoch 20/20 | step 3370 | loss 0.3500
15:44:58 INFO     Epoch 20/20 | step 3380 | loss 0.3348
15:44:58 INFO     Epoch 20/20 | step 3390 | loss 0.3520
15:44:59 INFO     Epoch 20/20 | step 3400 | loss 0.4473
15:44:59 INFO     Epoch 20/20 | step 3410 | loss 0.3761
15:44:59 INFO     Epoch 20/20 | step 3420 | loss 0.3738
15:45:00 INFO     Epoch 20/20 | step 3430 | loss 0.3910
15:45:00 INFO     Epoch 20/20 | step 3440 | loss 0.3038
15:45:00 INFO     Epoch 20/20 | step 3450 | loss 0.3465
15:45:00 INFO     Epoch 20/20 | step 3460 | loss 0.3471
15:45:01 INFO     Epoch 20/20 | step 3470 | loss 0.3793
15:45:01 INFO     Epoch 20/20 | step 3480 | loss 0.3300
15:45:01 INFO     Epoch 20/20 | step 3490 | loss 0.3964
15:45:02 INFO     Epoch 20/20 | step 3500 | loss 0.4116
15:45:02 INFO     Epoch 20/20 | step 3510 | loss 0.3621
15:45:02 INFO     Epoch 20/20 | step 3520 | loss 0.4546
15:45:03 INFO     Epoch 20/20 | step 3530 | loss 0.3960
15:45:03 INFO     Epoch 20/20 | step 3540 | loss 0.3189
15:45:03 INFO     Epoch 20/20 | step 3550 | loss 0.4412
15:45:03 INFO     Epoch 20/20 | step 3560 | loss 0.3692
15:45:04 INFO     Epoch 20/20 | step 3570 | loss 0.3723
15:45:04 INFO     Epoch 20/20 | step 3580 | loss 0.3116
15:45:04 INFO     Epoch 20/20 | step 3590 | loss 0.3730
15:45:05 INFO     Epoch 20/20 | step 3600 | loss 0.3185
15:45:05 INFO     Epoch 20/20 | step 3610 | loss 0.4610
15:45:05 INFO     Epoch 20/20 | step 3620 | loss 0.3494
15:45:06 INFO     Epoch 20/20 | step 3630 | loss 0.3197
15:45:06 INFO     Epoch 20/20 | step 3640 | loss 0.3910
15:45:06 INFO     Epoch 20/20 | step 3650 | loss 0.3944
15:45:06 INFO     Epoch 20/20 | step 3660 | loss 0.3207
15:45:07 INFO     Epoch 20/20 | step 3670 | loss 0.3116
15:45:07 INFO     Epoch 20/20 | step 3680 | loss 0.4331
15:45:07 INFO     Epoch 20/20 | step 3690 | loss 0.3986
15:45:08 INFO     Epoch 20/20 | step 3700 | loss 0.3652
15:45:08 INFO     Epoch 20/20 | step 3710 | loss 0.4299
15:45:08 INFO     Epoch 20/20 | step 3720 | loss 0.2737
15:45:09 INFO     Epoch 20/20 | step 3730 | loss 0.4178
15:45:09 INFO     Epoch 20/20 | step 3740 | loss 0.3917
15:45:09 INFO     Epoch 20/20 | step 3750 | loss 0.4020
15:45:09 INFO     Epoch 20/20 | step 3760 | loss 0.4179
15:45:10 INFO     Epoch 20/20 | step 3770 | loss 0.3302
15:45:10 INFO     Epoch 20/20 | step 3780 | loss 0.3066
15:45:10 INFO     Epoch 20/20 | step 3790 | loss 0.4033
15:45:11 INFO     Epoch 20/20 | step 3800 | loss 0.4243
15:45:11 INFO     Epoch 20/20 | step 3810 | loss 0.4742
15:45:11 INFO     Epoch 20/20 | step 3820 | loss 0.3548
15:45:12 INFO     Epoch 20/20 | step 3830 | loss 0.3554
15:45:12 INFO     Epoch 20/20 | step 3840 | loss 0.3391
15:45:12 INFO     Epoch 20/20 | step 3850 | loss 0.3500
15:45:13 INFO     Epoch 20/20 | step 3860 | loss 0.3609
15:45:13 INFO     Epoch 20/20 | step 3870 | loss 0.3745
15:45:13 INFO     Epoch 20/20 | step 3880 | loss 0.3027
15:45:13 INFO     Epoch 20/20 | step 3890 | loss 0.2943
15:45:14 INFO     Epoch 20/20 | step 3900 | loss 0.3974
15:45:14 INFO     Epoch 20/20 | step 3910 | loss 0.3806
15:45:14 INFO     Epoch 20/20 | step 3920 | loss 0.3570
15:45:15 INFO     Epoch 20/20 | step 3930 | loss 0.3570
15:45:15 INFO     Epoch 20/20 | step 3940 | loss 0.3287
15:45:15 INFO     Epoch 20/20 | step 3950 | loss 0.3188
15:45:16 INFO     Epoch 20/20 | step 3960 | loss 0.4275
15:45:16 INFO     Epoch 20/20 | step 3970 | loss 0.4845
15:45:16 INFO     Epoch 20/20 | step 3980 | loss 0.3918
15:45:16 INFO     Epoch 20/20 | step 3990 | loss 0.2845
15:45:17 INFO     Epoch 20/20 | step 4000 | loss 0.3278
15:45:17 INFO     Epoch 20/20 | step 4010 | loss 0.3825
15:45:17 INFO     Epoch 20/20 | step 4020 | loss 0.3465
15:45:18 INFO     Epoch 20/20 | step 4030 | loss 0.3147
15:45:18 INFO     Epoch 20/20 | step 4040 | loss 0.4180
15:45:18 INFO     Epoch 20/20 | step 4050 | loss 0.3499
15:45:19 INFO     Epoch 20/20 | step 4060 | loss 0.2810
15:45:19 INFO     Epoch 20/20 | step 4070 | loss 0.3740
15:45:19 INFO     Epoch 20/20 | step 4080 | loss 0.3608
15:45:19 INFO     Epoch 20/20 | step 4090 | loss 0.3208
15:45:20 INFO     Epoch 20/20 | step 4100 | loss 0.3223
15:45:20 INFO     Epoch 20/20 | step 4110 | loss 0.3452
15:45:20 INFO     Epoch 20/20 | step 4120 | loss 0.3350
15:45:21 INFO     Epoch 20/20 | step 4130 | loss 0.3580
15:45:21 INFO     Epoch 20/20 | step 4140 | loss 0.3503
15:45:21 INFO     Epoch 20/20 | step 4150 | loss 0.3888
15:45:22 INFO     Epoch 20/20 | step 4160 | loss 0.3556
15:45:22 INFO     Epoch 20/20 | step 4170 | loss 0.3708
15:45:22 INFO     Epoch 20/20 | step 4180 | loss 0.2930
15:45:23 INFO     Epoch 20/20 | step 4190 | loss 0.4587
15:45:23 INFO     Epoch 20/20 | step 4200 | loss 0.4146
15:45:23 INFO     Epoch 20/20 | step 4210 | loss 0.3538
15:45:23 INFO     Epoch 20/20 | step 4220 | loss 0.3285
15:45:24 INFO     Epoch 20/20 | step 4230 | loss 0.3054
15:45:24 INFO     Epoch 20/20 | step 4240 | loss 0.3804
15:45:24 INFO     Epoch 20/20 | step 4250 | loss 0.3636
15:45:25 INFO     Epoch 20/20 | step 4260 | loss 0.3705
15:45:25 INFO     Epoch 20/20 | step 4270 | loss 0.4042
15:45:25 INFO     Epoch 20/20 | step 4280 | loss 0.3971
15:45:26 INFO     Epoch 20/20 | step 4290 | loss 0.3704
15:45:26 INFO     Epoch 20/20 | step 4300 | loss 0.2991
15:45:26 INFO     Epoch 20/20 | step 4310 | loss 0.3395
15:45:26 INFO     Epoch 20/20 | step 4320 | loss 0.2812
15:45:27 INFO     Epoch 20/20 | step 4330 | loss 0.2841
15:45:27 INFO     Epoch 20/20 | step 4340 | loss 0.3911
15:45:27 INFO     Epoch 20/20 | step 4350 | loss 0.3287
15:45:28 INFO     Epoch 20/20 | step 4360 | loss 0.4771
15:45:28 INFO     Epoch 20/20 | step 4370 | loss 0.4010
15:45:28 INFO     Epoch 20/20 | step 4380 | loss 0.4241
15:45:29 INFO     Epoch 20/20 | step 4390 | loss 0.3496
15:45:29 INFO     Epoch 20/20 | step 4400 | loss 0.4345
15:45:29 INFO     Epoch 20/20 | step 4410 | loss 0.2953
15:45:30 INFO     Epoch 20/20 | step 4420 | loss 0.3526
15:45:30 INFO     Epoch 20/20 | step 4430 | loss 0.3321
15:45:30 INFO     Epoch 20/20 | step 4440 | loss 0.4012
15:45:30 INFO     Epoch 20/20 | step 4450 | loss 0.3583
15:45:31 INFO     Epoch 20/20 | step 4460 | loss 0.2786
15:45:31 INFO     Epoch 20/20 | step 4470 | loss 0.3702
15:45:31 INFO     Epoch 20/20 | step 4480 | loss 0.3089
15:45:32 INFO     Epoch 20/20 | step 4490 | loss 0.3162
15:45:32 INFO     Epoch 20/20 | step 4500 | loss 0.3946
15:45:32 INFO     Epoch 20/20 | step 4510 | loss 0.3524
15:45:33 INFO     Epoch 20/20 | step 4520 | loss 0.3754
15:45:33 INFO     Epoch 20/20 | step 4530 | loss 0.3715
15:45:33 INFO     Epoch 20/20 | step 4540 | loss 0.3375
15:45:33 INFO     Epoch 20/20 | step 4550 | loss 0.4401
15:45:34 INFO     Epoch 20/20 | step 4560 | loss 0.3175
15:45:34 INFO     Epoch 20/20 | step 4570 | loss 0.3497
15:45:34 INFO     Epoch 20/20 | step 4580 | loss 0.3602
15:45:35 INFO     Epoch 20/20 | step 4590 | loss 0.3676
15:45:35 INFO     Epoch 20/20 | step 4600 | loss 0.3700
15:45:35 INFO     Epoch 20/20 | step 4610 | loss 0.3565
15:45:36 INFO     Epoch 20/20 | step 4620 | loss 0.3498
15:45:36 INFO     Epoch 20/20 | step 4630 | loss 0.3242
15:45:36 INFO     Epoch 20/20 | step 4640 | loss 0.4239
15:45:36 INFO     Epoch 20/20 | step 4650 | loss 0.3356
15:45:37 INFO     Epoch 20/20 | step 4660 | loss 0.3695
15:45:37 INFO     Epoch 20/20 | step 4670 | loss 0.3075
15:45:37 INFO     Epoch 20/20 | step 4680 | loss 0.3036
15:45:38 INFO     Epoch 20/20 | step 4690 | loss 0.3127
15:45:38 INFO     Epoch 20/20 | step 4700 | loss 0.4151
15:45:38 INFO     Epoch 20/20 | step 4710 | loss 0.3701
15:45:39 INFO     Epoch 20/20 | step 4720 | loss 0.3425
15:45:39 INFO     Epoch 20/20 | step 4730 | loss 0.3141
15:45:39 INFO     Epoch 20/20 | step 4740 | loss 0.3013
15:45:40 INFO     Epoch 20/20 | step 4750 | loss 0.3333
15:45:40 INFO     Epoch 20/20 | step 4760 | loss 0.3914
15:45:40 INFO     Epoch 20/20 | step 4770 | loss 0.3561
15:45:40 INFO     Epoch 20/20 | step 4780 | loss 0.4132
15:45:41 INFO     Epoch 20/20 | step 4790 | loss 0.3402
15:45:41 INFO     Epoch 20/20 | step 4800 | loss 0.3155
15:45:41 INFO     Epoch 20/20 | step 4810 | loss 0.4398
15:45:42 INFO     Epoch 20/20 | step 4820 | loss 0.4878
15:45:42 INFO     Epoch 20/20 | step 4830 | loss 0.3615
15:45:42 INFO     Epoch 20/20 | step 4840 | loss 0.3541
15:45:43 INFO     Epoch 20/20 | step 4850 | loss 0.3057
15:45:43 INFO     Epoch 20/20 | step 4860 | loss 0.3350
15:45:43 INFO     Epoch 20/20 | step 4870 | loss 0.3879
15:45:43 INFO     Epoch 20/20 | step 4880 | loss 0.3191
15:45:44 INFO     Epoch 20/20 | step 4890 | loss 0.2908
15:45:44 INFO     Epoch 20/20 | step 4900 | loss 0.3481
15:45:44 INFO     Epoch 20/20 | step 4910 | loss 0.3925
15:45:45 INFO     Epoch 20/20 | step 4920 | loss 0.4418
15:45:45 INFO     Epoch 20/20 | step 4930 | loss 0.3224
15:45:45 INFO     Epoch 20/20 | step 4940 | loss 0.4254
15:45:46 INFO     Epoch 20/20 | step 4950 | loss 0.3885
15:45:46 INFO     Epoch 20/20 | step 4960 | loss 0.4868
15:45:46 INFO     Epoch 20/20 | step 4970 | loss 0.3924
15:45:46 INFO     Epoch 20/20 | step 4980 | loss 0.4083
15:45:47 INFO     Epoch 20/20 | step 4990 | loss 0.4148
15:45:47 INFO     Epoch 20/20 | step 5000 | loss 0.2981
15:45:47 INFO     Epoch 20/20 | step 5010 | loss 0.3742
15:45:48 INFO     Epoch 20/20 | step 5020 | loss 0.3108
15:45:48 INFO     Epoch 20/20 | step 5030 | loss 0.3724
15:45:48 INFO     Epoch 20/20 | step 5040 | loss 0.3900
15:45:49 INFO     Epoch 20/20 | step 5050 | loss 0.4025
15:45:49 INFO     Epoch 20/20 | step 5060 | loss 0.4469
15:45:49 INFO     Epoch 20/20 | step 5070 | loss 0.4570
15:45:50 INFO     Epoch 20/20 | step 5080 | loss 0.3123
15:45:50 INFO     Epoch 20/20 | step 5090 | loss 0.3342
15:45:50 INFO     Epoch 20/20 | step 5100 | loss 0.4225
15:45:50 INFO     Epoch 20/20 | step 5110 | loss 0.4075
15:45:51 INFO     Epoch 20/20 | step 5120 | loss 0.4622
15:45:51 INFO     Epoch 20/20 | step 5130 | loss 0.4419
15:45:51 INFO     Epoch 20/20 | step 5140 | loss 0.4194
15:45:52 INFO     Epoch 20/20 | step 5150 | loss 0.3742
15:45:52 INFO     Epoch 20/20 | step 5160 | loss 0.2621
15:45:52 INFO     Epoch 20/20 | step 5170 | loss 0.3799
15:45:53 INFO     Epoch 20/20 | step 5180 | loss 0.2954
15:45:53 INFO     Epoch 20/20 | step 5190 | loss 0.3998
15:45:53 INFO     Epoch 20/20 | step 5200 | loss 0.3765
15:45:53 INFO     Epoch 20/20 | step 5210 | loss 0.3268
15:45:54 INFO     Epoch 20/20 | step 5220 | loss 0.3682
15:45:54 INFO     Epoch 20/20 | step 5230 | loss 0.4077
15:45:54 INFO     Epoch 20/20 | step 5240 | loss 0.3890
15:45:55 INFO     Epoch 20/20 | step 5250 | loss 0.3923
15:45:55 INFO     Epoch 20/20 | step 5260 | loss 0.3406
15:45:55 INFO     Epoch 20/20 | step 5270 | loss 0.4374
15:45:56 INFO     Epoch 20/20 | step 5280 | loss 0.3562
15:45:56 INFO     Epoch 20/20 | step 5290 | loss 0.3665
15:45:56 INFO     Epoch 20/20 | step 5300 | loss 0.2721
15:45:57 INFO     Epoch 20/20 | step 5310 | loss 0.3803
15:45:57 INFO     Epoch 20/20 | step 5320 | loss 0.4519
15:45:57 INFO     Epoch 20/20 | step 5330 | loss 0.3780
15:45:57 INFO     Epoch 20/20 | step 5340 | loss 0.3961
15:45:58 INFO     Epoch 20/20 | step 5350 | loss 0.4601
15:45:58 INFO     Epoch 20/20 | step 5360 | loss 0.3415
15:45:58 INFO     Epoch 20/20 | step 5370 | loss 0.3907
15:45:59 INFO     Epoch 20/20 | step 5380 | loss 0.3319
15:45:59 INFO     Epoch 20/20 | step 5390 | loss 0.3237
15:45:59 INFO     Epoch 20/20 | step 5400 | loss 0.3317
15:46:00 INFO     Epoch 20/20 | step 5410 | loss 0.3912
15:46:00 INFO     Epoch 20/20 | step 5420 | loss 0.3219
15:46:00 INFO     Epoch 20/20 | step 5430 | loss 0.3841
15:46:00 INFO     Epoch 20/20 | step 5440 | loss 0.3767
15:46:01 INFO     Epoch 20/20 | step 5450 | loss 0.4632
15:46:01 INFO     Epoch 20/20 | step 5460 | loss 0.3267
15:46:01 INFO     Epoch 20/20 | step 5470 | loss 0.3540
15:46:02 INFO     Epoch 20/20 | step 5480 | loss 0.3247
15:46:02 INFO     Epoch 20/20 | step 5490 | loss 0.3846
15:46:02 INFO     Epoch 20/20 | step 5500 | loss 0.3237
15:46:03 INFO     Epoch 20/20 | step 5510 | loss 0.3289
15:46:03 INFO     Epoch 20/20 | step 5520 | loss 0.4027
15:46:03 INFO     Epoch 20/20 | step 5530 | loss 0.3915
15:46:04 INFO     Epoch 20/20 | step 5540 | loss 0.3843
15:46:04 INFO     Epoch 20/20 | step 5550 | loss 0.4853
15:46:04 INFO     Epoch 20/20 | step 5560 | loss 0.2699
15:46:04 INFO     Epoch 20/20 | step 5570 | loss 0.3301
15:46:05 INFO     Epoch 20/20 | step 5580 | loss 0.3802
15:46:05 INFO     Epoch 20/20 | step 5590 | loss 0.4908
15:46:05 INFO     Epoch 20/20 | step 5600 | loss 0.2919
15:46:06 INFO     Epoch 20/20 | step 5610 | loss 0.4772
15:46:06 INFO     Epoch 20/20 | step 5620 | loss 0.4316
15:46:06 INFO     Epoch 20/20 | step 5630 | loss 0.4029
15:46:07 INFO     Epoch 20/20 | step 5640 | loss 0.3324
15:46:07 INFO     Epoch 20/20 | step 5650 | loss 0.3974
15:46:07 INFO     Epoch 20/20 | avg loss 0.3689
15:46:07 INFO     Epoch 20/20 | new best loss 0.3689 — checkpoint saved
15:46:07 INFO     Training complete. Final model saved to models/smarts_transformer_20260408_144751.pt
15:46:07 INFO     Done. Losses: 3.1254 → 1.9486 → 1.3120 → 0.9917 → 0.8134 → 0.7096 → 0.6415 → 0.5913 → 0.5513 → 0.5209 → 0.4957 → 0.4738 → 0.4556 → 0.4382 → 0.4249 → 0.4112 → 0.3996 → 0.3887 → 0.3781 → 0.3689
