09:30:45 INFO     Loaded 361751 valid SMARTS from data/processed/validated_smarts.csv
09:31:25 INFO     SMARTSDataset: 361751 sequences | max_length=512 | avg_len=119.8 | vocab_size=4465
09:31:25 INFO     Vocabulary: 4465 base tokens + [MASK] → 4466 total (mask_id=4465)
09:31:25 INFO     Model: 30322546 parameters
09:31:52 INFO     Train/val split: 325576 train | 36175 val (10%)
09:32:43 INFO     Epoch 1/100 | step   10 | loss 8.5650 | lr 5.00e-07
09:32:44 INFO     Epoch 1/100 | step   20 | loss 8.4381 | lr 1.00e-06
09:32:45 INFO     Epoch 1/100 | step   30 | loss 8.1491 | lr 1.50e-06
09:32:45 INFO     Epoch 1/100 | step   40 | loss 7.7368 | lr 2.00e-06
09:32:46 INFO     Epoch 1/100 | step   50 | loss 7.3219 | lr 2.50e-06
09:32:47 INFO     Epoch 1/100 | step   60 | loss 6.8794 | lr 3.00e-06
09:32:47 INFO     Epoch 1/100 | step   70 | loss 6.2866 | lr 3.50e-06
09:32:48 INFO     Epoch 1/100 | step   80 | loss 6.2573 | lr 4.00e-06
09:32:48 INFO     Epoch 1/100 | step   90 | loss 6.1045 | lr 4.50e-06
09:32:49 INFO     Epoch 1/100 | step  100 | loss 5.7346 | lr 5.00e-06
09:32:50 INFO     Epoch 1/100 | step  110 | loss 5.5940 | lr 5.50e-06
09:32:50 INFO     Epoch 1/100 | step  120 | loss 5.3913 | lr 6.00e-06
09:32:51 INFO     Epoch 1/100 | step  130 | loss 5.3111 | lr 6.50e-06
09:32:52 INFO     Epoch 1/100 | step  140 | loss 5.1884 | lr 7.00e-06
09:32:52 INFO     Epoch 1/100 | step  150 | loss 5.3092 | lr 7.50e-06
09:32:53 INFO     Epoch 1/100 | step  160 | loss 5.1564 | lr 8.00e-06
09:32:54 INFO     Epoch 1/100 | step  170 | loss 5.1120 | lr 8.50e-06
09:32:54 INFO     Epoch 1/100 | step  180 | loss 4.9676 | lr 9.00e-06
09:32:55 INFO     Epoch 1/100 | step  190 | loss 4.9684 | lr 9.50e-06
09:32:56 INFO     Epoch 1/100 | step  200 | loss 4.7121 | lr 1.00e-05
09:32:56 INFO     Epoch 1/100 | step  210 | loss 4.6729 | lr 1.05e-05
09:32:57 INFO     Epoch 1/100 | step  220 | loss 4.6442 | lr 1.10e-05
09:32:58 INFO     Epoch 1/100 | step  230 | loss 4.4889 | lr 1.15e-05
09:32:58 INFO     Epoch 1/100 | step  240 | loss 4.5324 | lr 1.20e-05
09:32:59 INFO     Epoch 1/100 | step  250 | loss 4.4041 | lr 1.25e-05
09:33:00 INFO     Epoch 1/100 | step  260 | loss 4.4461 | lr 1.30e-05
09:33:00 INFO     Epoch 1/100 | step  270 | loss 4.4460 | lr 1.35e-05
09:33:01 INFO     Epoch 1/100 | step  280 | loss 4.2104 | lr 1.40e-05
09:33:02 INFO     Epoch 1/100 | step  290 | loss 4.0333 | lr 1.45e-05
09:33:02 INFO     Epoch 1/100 | step  300 | loss 4.0781 | lr 1.50e-05
09:33:03 INFO     Epoch 1/100 | step  310 | loss 4.0536 | lr 1.55e-05
09:33:04 INFO     Epoch 1/100 | step  320 | loss 4.1641 | lr 1.60e-05
09:33:04 INFO     Epoch 1/100 | step  330 | loss 3.9128 | lr 1.65e-05
09:33:05 INFO     Epoch 1/100 | step  340 | loss 3.9415 | lr 1.70e-05
09:33:06 INFO     Epoch 1/100 | step  350 | loss 3.9301 | lr 1.75e-05
09:33:06 INFO     Epoch 1/100 | step  360 | loss 3.8952 | lr 1.80e-05
09:33:07 INFO     Epoch 1/100 | step  370 | loss 3.9629 | lr 1.85e-05
09:33:08 INFO     Epoch 1/100 | step  380 | loss 3.6007 | lr 1.90e-05
09:33:08 INFO     Epoch 1/100 | step  390 | loss 3.6571 | lr 1.95e-05
09:33:09 INFO     Epoch 1/100 | step  400 | loss 3.7670 | lr 2.00e-05
09:33:10 INFO     Epoch 1/100 | step  410 | loss 3.5824 | lr 2.05e-05
09:33:10 INFO     Epoch 1/100 | step  420 | loss 3.6550 | lr 2.10e-05
09:33:11 INFO     Epoch 1/100 | step  430 | loss 3.7250 | lr 2.15e-05
09:33:11 INFO     Epoch 1/100 | step  440 | loss 3.4169 | lr 2.20e-05
09:33:12 INFO     Epoch 1/100 | step  450 | loss 3.4499 | lr 2.25e-05
09:33:13 INFO     Epoch 1/100 | step  460 | loss 3.6105 | lr 2.30e-05
09:33:13 INFO     Epoch 1/100 | step  470 | loss 3.5633 | lr 2.35e-05
09:33:14 INFO     Epoch 1/100 | step  480 | loss 3.4999 | lr 2.40e-05
09:33:15 INFO     Epoch 1/100 | step  490 | loss 3.4654 | lr 2.45e-05
09:33:15 INFO     Epoch 1/100 | step  500 | loss 3.7104 | lr 2.50e-05
09:33:16 INFO     Epoch 1/100 | step  510 | loss 3.5922 | lr 2.55e-05
09:33:17 INFO     Epoch 1/100 | step  520 | loss 3.6780 | lr 2.60e-05
09:33:17 INFO     Epoch 1/100 | step  530 | loss 3.5370 | lr 2.65e-05
09:33:18 INFO     Epoch 1/100 | step  540 | loss 3.6855 | lr 2.70e-05
09:33:19 INFO     Epoch 1/100 | step  550 | loss 3.3861 | lr 2.75e-05
09:33:19 INFO     Epoch 1/100 | step  560 | loss 3.3260 | lr 2.80e-05
09:33:20 INFO     Epoch 1/100 | step  570 | loss 3.4088 | lr 2.85e-05
09:33:21 INFO     Epoch 1/100 | step  580 | loss 3.4808 | lr 2.90e-05
09:33:21 INFO     Epoch 1/100 | step  590 | loss 3.3918 | lr 2.95e-05
09:33:22 INFO     Epoch 1/100 | step  600 | loss 3.3663 | lr 3.00e-05
09:33:23 INFO     Epoch 1/100 | step  610 | loss 3.5328 | lr 3.05e-05
09:33:23 INFO     Epoch 1/100 | step  620 | loss 3.2394 | lr 3.10e-05
09:33:24 INFO     Epoch 1/100 | step  630 | loss 3.3118 | lr 3.15e-05
09:33:25 INFO     Epoch 1/100 | step  640 | loss 3.5966 | lr 3.20e-05
09:33:25 INFO     Epoch 1/100 | step  650 | loss 3.3632 | lr 3.25e-05
09:33:26 INFO     Epoch 1/100 | step  660 | loss 3.4239 | lr 3.30e-05
09:33:27 INFO     Epoch 1/100 | step  670 | loss 3.3864 | lr 3.35e-05
09:33:27 INFO     Epoch 1/100 | step  680 | loss 3.2496 | lr 3.40e-05
09:33:28 INFO     Epoch 1/100 | step  690 | loss 3.4974 | lr 3.45e-05
09:33:29 INFO     Epoch 1/100 | step  700 | loss 3.3297 | lr 3.50e-05
09:33:29 INFO     Epoch 1/100 | step  710 | loss 3.1206 | lr 3.55e-05
09:33:30 INFO     Epoch 1/100 | step  720 | loss 3.4711 | lr 3.60e-05
09:33:31 INFO     Epoch 1/100 | step  730 | loss 3.2747 | lr 3.65e-05
09:33:31 INFO     Epoch 1/100 | step  740 | loss 3.2700 | lr 3.70e-05
09:33:32 INFO     Epoch 1/100 | step  750 | loss 3.4989 | lr 3.75e-05
09:33:32 INFO     Epoch 1/100 | step  760 | loss 3.1892 | lr 3.80e-05
09:33:33 INFO     Epoch 1/100 | step  770 | loss 3.4453 | lr 3.85e-05
09:33:34 INFO     Epoch 1/100 | step  780 | loss 3.3886 | lr 3.90e-05
09:33:34 INFO     Epoch 1/100 | step  790 | loss 3.3845 | lr 3.95e-05
09:33:35 INFO     Epoch 1/100 | step  800 | loss 3.2704 | lr 4.00e-05
09:33:36 INFO     Epoch 1/100 | step  810 | loss 3.3900 | lr 4.05e-05
09:33:36 INFO     Epoch 1/100 | step  820 | loss 3.1667 | lr 4.10e-05
09:33:37 INFO     Epoch 1/100 | step  830 | loss 3.3832 | lr 4.15e-05
09:33:38 INFO     Epoch 1/100 | step  840 | loss 3.4065 | lr 4.20e-05
09:33:38 INFO     Epoch 1/100 | step  850 | loss 3.2478 | lr 4.25e-05
09:33:39 INFO     Epoch 1/100 | step  860 | loss 3.2386 | lr 4.30e-05
09:33:40 INFO     Epoch 1/100 | step  870 | loss 2.9968 | lr 4.35e-05
09:33:40 INFO     Epoch 1/100 | step  880 | loss 2.9881 | lr 4.40e-05
09:33:41 INFO     Epoch 1/100 | step  890 | loss 3.2075 | lr 4.45e-05
09:33:42 INFO     Epoch 1/100 | step  900 | loss 3.4282 | lr 4.50e-05
09:33:42 INFO     Epoch 1/100 | step  910 | loss 3.1541 | lr 4.55e-05
09:33:43 INFO     Epoch 1/100 | step  920 | loss 3.2623 | lr 4.60e-05
09:33:44 INFO     Epoch 1/100 | step  930 | loss 3.3566 | lr 4.65e-05
09:33:44 INFO     Epoch 1/100 | step  940 | loss 3.2674 | lr 4.70e-05
09:33:45 INFO     Epoch 1/100 | step  950 | loss 3.1623 | lr 4.75e-05
09:33:46 INFO     Epoch 1/100 | step  960 | loss 3.3872 | lr 4.80e-05
09:33:46 INFO     Epoch 1/100 | step  970 | loss 3.3053 | lr 4.85e-05
09:33:47 INFO     Epoch 1/100 | step  980 | loss 3.0676 | lr 4.90e-05
09:33:48 INFO     Epoch 1/100 | step  990 | loss 3.2796 | lr 4.95e-05
09:33:48 INFO     Epoch 1/100 | step 1000 | loss 3.2370 | lr 5.00e-05
09:33:49 INFO     Epoch 1/100 | step 1010 | loss 3.1314 | lr 5.05e-05
09:33:50 INFO     Epoch 1/100 | step 1020 | loss 3.2250 | lr 5.10e-05
09:33:50 INFO     Epoch 1/100 | step 1030 | loss 3.2424 | lr 5.15e-05
09:33:51 INFO     Epoch 1/100 | step 1040 | loss 3.0947 | lr 5.20e-05
09:33:52 INFO     Epoch 1/100 | step 1050 | loss 3.2046 | lr 5.25e-05
09:33:52 INFO     Epoch 1/100 | step 1060 | loss 3.0926 | lr 5.30e-05
09:33:53 INFO     Epoch 1/100 | step 1070 | loss 2.9965 | lr 5.35e-05
09:33:53 INFO     Epoch 1/100 | step 1080 | loss 2.8810 | lr 5.40e-05
09:33:54 INFO     Epoch 1/100 | step 1090 | loss 3.2743 | lr 5.45e-05
09:33:55 INFO     Epoch 1/100 | step 1100 | loss 3.0216 | lr 5.50e-05
09:33:55 INFO     Epoch 1/100 | step 1110 | loss 3.0803 | lr 5.55e-05
09:33:56 INFO     Epoch 1/100 | step 1120 | loss 3.0708 | lr 5.60e-05
09:33:57 INFO     Epoch 1/100 | step 1130 | loss 3.1284 | lr 5.65e-05
09:33:57 INFO     Epoch 1/100 | step 1140 | loss 3.0142 | lr 5.70e-05
09:33:58 INFO     Epoch 1/100 | step 1150 | loss 3.2038 | lr 5.75e-05
09:33:59 INFO     Epoch 1/100 | step 1160 | loss 3.2129 | lr 5.80e-05
09:33:59 INFO     Epoch 1/100 | step 1170 | loss 3.0751 | lr 5.85e-05
09:34:00 INFO     Epoch 1/100 | step 1180 | loss 2.9801 | lr 5.90e-05
09:34:01 INFO     Epoch 1/100 | step 1190 | loss 3.0395 | lr 5.95e-05
09:34:01 INFO     Epoch 1/100 | step 1200 | loss 3.1458 | lr 6.00e-05
09:34:02 INFO     Epoch 1/100 | step 1210 | loss 3.0664 | lr 6.05e-05
09:34:03 INFO     Epoch 1/100 | step 1220 | loss 3.2123 | lr 6.10e-05
09:34:03 INFO     Epoch 1/100 | step 1230 | loss 2.9595 | lr 6.15e-05
09:34:04 INFO     Epoch 1/100 | step 1240 | loss 2.9498 | lr 6.20e-05
09:34:05 INFO     Epoch 1/100 | step 1250 | loss 3.1076 | lr 6.25e-05
09:34:05 INFO     Epoch 1/100 | step 1260 | loss 2.9772 | lr 6.30e-05
09:34:06 INFO     Epoch 1/100 | step 1270 | loss 3.0168 | lr 6.35e-05
09:34:07 INFO     Epoch 1/100 | step 1280 | loss 2.9971 | lr 6.40e-05
09:34:07 INFO     Epoch 1/100 | step 1290 | loss 2.9042 | lr 6.45e-05
09:34:08 INFO     Epoch 1/100 | step 1300 | loss 2.8478 | lr 6.50e-05
09:34:09 INFO     Epoch 1/100 | step 1310 | loss 3.2332 | lr 6.55e-05
09:34:09 INFO     Epoch 1/100 | step 1320 | loss 3.1039 | lr 6.60e-05
09:34:10 INFO     Epoch 1/100 | step 1330 | loss 3.0358 | lr 6.65e-05
09:34:11 INFO     Epoch 1/100 | step 1340 | loss 2.8071 | lr 6.70e-05
09:34:11 INFO     Epoch 1/100 | step 1350 | loss 2.8843 | lr 6.75e-05
09:34:12 INFO     Epoch 1/100 | step 1360 | loss 3.1577 | lr 6.80e-05
09:34:13 INFO     Epoch 1/100 | step 1370 | loss 3.1305 | lr 6.85e-05
09:34:13 INFO     Epoch 1/100 | step 1380 | loss 2.7665 | lr 6.90e-05
09:34:14 INFO     Epoch 1/100 | step 1390 | loss 3.1822 | lr 6.95e-05
09:34:15 INFO     Epoch 1/100 | step 1400 | loss 2.8392 | lr 7.00e-05
09:34:15 INFO     Epoch 1/100 | step 1410 | loss 2.8957 | lr 7.05e-05
09:34:16 INFO     Epoch 1/100 | step 1420 | loss 2.9273 | lr 7.10e-05
09:34:16 INFO     Epoch 1/100 | step 1430 | loss 3.2203 | lr 7.15e-05
09:34:17 INFO     Epoch 1/100 | step 1440 | loss 3.0414 | lr 7.20e-05
09:34:18 INFO     Epoch 1/100 | step 1450 | loss 3.0085 | lr 7.25e-05
09:34:18 INFO     Epoch 1/100 | step 1460 | loss 2.8883 | lr 7.30e-05
09:34:19 INFO     Epoch 1/100 | step 1470 | loss 2.9610 | lr 7.35e-05
09:34:20 INFO     Epoch 1/100 | step 1480 | loss 3.0147 | lr 7.40e-05
09:34:20 INFO     Epoch 1/100 | step 1490 | loss 3.0409 | lr 7.45e-05
09:34:21 INFO     Epoch 1/100 | step 1500 | loss 3.3198 | lr 7.50e-05
09:34:22 INFO     Epoch 1/100 | step 1510 | loss 3.2266 | lr 7.55e-05
09:34:22 INFO     Epoch 1/100 | step 1520 | loss 2.9343 | lr 7.60e-05
09:34:23 INFO     Epoch 1/100 | step 1530 | loss 2.8110 | lr 7.65e-05
09:34:24 INFO     Epoch 1/100 | step 1540 | loss 3.0626 | lr 7.70e-05
09:34:24 INFO     Epoch 1/100 | step 1550 | loss 2.9601 | lr 7.75e-05
09:34:25 INFO     Epoch 1/100 | step 1560 | loss 2.9852 | lr 7.80e-05
09:34:26 INFO     Epoch 1/100 | step 1570 | loss 3.0909 | lr 7.85e-05
09:34:26 INFO     Epoch 1/100 | step 1580 | loss 2.8912 | lr 7.90e-05
09:34:27 INFO     Epoch 1/100 | step 1590 | loss 2.7682 | lr 7.95e-05
09:34:28 INFO     Epoch 1/100 | step 1600 | loss 2.9658 | lr 8.00e-05
09:34:28 INFO     Epoch 1/100 | step 1610 | loss 3.1787 | lr 8.05e-05
09:34:29 INFO     Epoch 1/100 | step 1620 | loss 2.7514 | lr 8.10e-05
09:34:30 INFO     Epoch 1/100 | step 1630 | loss 2.8779 | lr 8.15e-05
09:34:30 INFO     Epoch 1/100 | step 1640 | loss 3.0003 | lr 8.20e-05
09:34:31 INFO     Epoch 1/100 | step 1650 | loss 2.9566 | lr 8.25e-05
09:34:32 INFO     Epoch 1/100 | step 1660 | loss 2.8636 | lr 8.30e-05
09:34:32 INFO     Epoch 1/100 | step 1670 | loss 3.0381 | lr 8.35e-05
09:34:33 INFO     Epoch 1/100 | step 1680 | loss 2.8728 | lr 8.40e-05
09:34:34 INFO     Epoch 1/100 | step 1690 | loss 3.2008 | lr 8.45e-05
09:34:34 INFO     Epoch 1/100 | step 1700 | loss 2.9828 | lr 8.50e-05
09:34:35 INFO     Epoch 1/100 | step 1710 | loss 2.8845 | lr 8.55e-05
09:34:36 INFO     Epoch 1/100 | step 1720 | loss 2.7674 | lr 8.60e-05
09:34:36 INFO     Epoch 1/100 | step 1730 | loss 2.9547 | lr 8.65e-05
09:34:37 INFO     Epoch 1/100 | step 1740 | loss 3.2971 | lr 8.70e-05
09:34:37 INFO     Epoch 1/100 | step 1750 | loss 2.7028 | lr 8.75e-05
09:34:38 INFO     Epoch 1/100 | step 1760 | loss 2.6756 | lr 8.80e-05
09:34:39 INFO     Epoch 1/100 | step 1770 | loss 2.7851 | lr 8.85e-05
09:34:39 INFO     Epoch 1/100 | step 1780 | loss 2.8899 | lr 8.90e-05
09:34:40 INFO     Epoch 1/100 | step 1790 | loss 2.8769 | lr 8.95e-05
09:34:41 INFO     Epoch 1/100 | step 1800 | loss 2.7304 | lr 9.00e-05
09:34:41 INFO     Epoch 1/100 | step 1810 | loss 2.9150 | lr 9.05e-05
09:34:42 INFO     Epoch 1/100 | step 1820 | loss 2.8877 | lr 9.10e-05
09:34:43 INFO     Epoch 1/100 | step 1830 | loss 2.7482 | lr 9.15e-05
09:34:43 INFO     Epoch 1/100 | step 1840 | loss 2.8013 | lr 9.20e-05
09:34:44 INFO     Epoch 1/100 | step 1850 | loss 2.7670 | lr 9.25e-05
09:34:45 INFO     Epoch 1/100 | step 1860 | loss 2.9231 | lr 9.30e-05
09:34:45 INFO     Epoch 1/100 | step 1870 | loss 2.9979 | lr 9.35e-05
09:34:46 INFO     Epoch 1/100 | step 1880 | loss 2.9836 | lr 9.40e-05
09:34:47 INFO     Epoch 1/100 | step 1890 | loss 3.0971 | lr 9.45e-05
09:34:47 INFO     Epoch 1/100 | step 1900 | loss 2.7020 | lr 9.50e-05
09:34:48 INFO     Epoch 1/100 | step 1910 | loss 2.9040 | lr 9.55e-05
09:34:49 INFO     Epoch 1/100 | step 1920 | loss 2.7985 | lr 9.60e-05
09:34:49 INFO     Epoch 1/100 | step 1930 | loss 2.6912 | lr 9.65e-05
09:34:50 INFO     Epoch 1/100 | step 1940 | loss 2.6354 | lr 9.70e-05
09:34:51 INFO     Epoch 1/100 | step 1950 | loss 2.8209 | lr 9.75e-05
09:34:51 INFO     Epoch 1/100 | step 1960 | loss 2.7314 | lr 9.80e-05
09:34:52 INFO     Epoch 1/100 | step 1970 | loss 2.8032 | lr 9.85e-05
09:34:53 INFO     Epoch 1/100 | step 1980 | loss 2.8640 | lr 9.90e-05
09:34:53 INFO     Epoch 1/100 | step 1990 | loss 2.6848 | lr 9.95e-05
09:34:54 INFO     Epoch 1/100 | step 2000 | loss 2.8749 | lr 1.00e-04
09:34:55 INFO     Epoch 1/100 | step 2010 | loss 2.8895 | lr 1.00e-04
09:34:55 INFO     Epoch 1/100 | step 2020 | loss 2.6656 | lr 1.00e-04
09:34:56 INFO     Epoch 1/100 | step 2030 | loss 2.7686 | lr 1.00e-04
09:34:57 INFO     Epoch 1/100 | step 2040 | loss 2.6984 | lr 1.00e-04
09:34:57 INFO     Epoch 1/100 | step 2050 | loss 2.7817 | lr 1.00e-04
09:34:58 INFO     Epoch 1/100 | step 2060 | loss 2.6424 | lr 1.00e-04
09:34:58 INFO     Epoch 1/100 | step 2070 | loss 2.7881 | lr 1.00e-04
09:34:59 INFO     Epoch 1/100 | step 2080 | loss 2.5756 | lr 1.00e-04
09:35:00 INFO     Epoch 1/100 | step 2090 | loss 2.6647 | lr 1.00e-04
09:35:00 INFO     Epoch 1/100 | step 2100 | loss 2.5275 | lr 1.00e-04
09:35:01 INFO     Epoch 1/100 | step 2110 | loss 2.8246 | lr 1.00e-04
09:35:02 INFO     Epoch 1/100 | step 2120 | loss 2.6894 | lr 1.00e-04
09:35:02 INFO     Epoch 1/100 | step 2130 | loss 2.8228 | lr 1.00e-04
09:35:03 INFO     Epoch 1/100 | step 2140 | loss 2.7999 | lr 1.00e-04
09:35:04 INFO     Epoch 1/100 | step 2150 | loss 2.6640 | lr 1.00e-04
09:35:04 INFO     Epoch 1/100 | step 2160 | loss 2.7272 | lr 1.00e-04
09:35:05 INFO     Epoch 1/100 | step 2170 | loss 2.8040 | lr 1.00e-04
09:35:06 INFO     Epoch 1/100 | step 2180 | loss 2.7701 | lr 1.00e-04
09:35:06 INFO     Epoch 1/100 | step 2190 | loss 2.7126 | lr 1.00e-04
09:35:07 INFO     Epoch 1/100 | step 2200 | loss 2.6433 | lr 1.00e-04
09:35:08 INFO     Epoch 1/100 | step 2210 | loss 2.6355 | lr 1.00e-04
09:35:08 INFO     Epoch 1/100 | step 2220 | loss 2.6280 | lr 1.00e-04
09:35:09 INFO     Epoch 1/100 | step 2230 | loss 3.0143 | lr 1.00e-04
09:35:10 INFO     Epoch 1/100 | step 2240 | loss 2.6585 | lr 1.00e-04
09:35:10 INFO     Epoch 1/100 | step 2250 | loss 2.5687 | lr 1.00e-04
09:35:11 INFO     Epoch 1/100 | step 2260 | loss 2.6458 | lr 1.00e-04
09:35:12 INFO     Epoch 1/100 | step 2270 | loss 2.5708 | lr 1.00e-04
09:35:12 INFO     Epoch 1/100 | step 2280 | loss 2.6029 | lr 1.00e-04
09:35:13 INFO     Epoch 1/100 | step 2290 | loss 2.4433 | lr 1.00e-04
09:35:14 INFO     Epoch 1/100 | step 2300 | loss 2.6045 | lr 1.00e-04
09:35:14 INFO     Epoch 1/100 | step 2310 | loss 2.8653 | lr 1.00e-04
09:35:15 INFO     Epoch 1/100 | step 2320 | loss 2.7242 | lr 1.00e-04
09:35:16 INFO     Epoch 1/100 | step 2330 | loss 2.6381 | lr 1.00e-04
09:35:16 INFO     Epoch 1/100 | step 2340 | loss 2.7496 | lr 1.00e-04
09:35:17 INFO     Epoch 1/100 | step 2350 | loss 2.6444 | lr 1.00e-04
09:35:18 INFO     Epoch 1/100 | step 2360 | loss 2.7440 | lr 1.00e-04
09:35:18 INFO     Epoch 1/100 | step 2370 | loss 2.9251 | lr 1.00e-04
09:35:19 INFO     Epoch 1/100 | step 2380 | loss 2.5374 | lr 1.00e-04
09:35:19 INFO     Epoch 1/100 | step 2390 | loss 2.6938 | lr 1.00e-04
09:35:20 INFO     Epoch 1/100 | step 2400 | loss 2.7319 | lr 1.00e-04
09:35:21 INFO     Epoch 1/100 | step 2410 | loss 2.7454 | lr 1.00e-04
09:35:21 INFO     Epoch 1/100 | step 2420 | loss 2.5196 | lr 1.00e-04
09:35:22 INFO     Epoch 1/100 | step 2430 | loss 2.7111 | lr 1.00e-04
09:35:23 INFO     Epoch 1/100 | step 2440 | loss 2.7614 | lr 1.00e-04
09:35:23 INFO     Epoch 1/100 | step 2450 | loss 2.5883 | lr 1.00e-04
09:35:24 INFO     Epoch 1/100 | step 2460 | loss 2.3751 | lr 1.00e-04
09:35:25 INFO     Epoch 1/100 | step 2470 | loss 2.7023 | lr 1.00e-04
09:35:25 INFO     Epoch 1/100 | step 2480 | loss 2.6174 | lr 1.00e-04
09:35:26 INFO     Epoch 1/100 | step 2490 | loss 2.4934 | lr 1.00e-04
09:35:27 INFO     Epoch 1/100 | step 2500 | loss 2.4245 | lr 1.00e-04
09:35:27 INFO     Epoch 1/100 | step 2510 | loss 2.4994 | lr 1.00e-04
09:35:28 INFO     Epoch 1/100 | step 2520 | loss 2.4090 | lr 1.00e-04
09:35:29 INFO     Epoch 1/100 | step 2530 | loss 2.7763 | lr 1.00e-04
09:35:29 INFO     Epoch 1/100 | step 2540 | loss 2.5286 | lr 1.00e-04
09:35:30 INFO     Epoch 1/100 | step 2550 | loss 2.3699 | lr 1.00e-04
09:35:31 INFO     Epoch 1/100 | step 2560 | loss 2.6994 | lr 1.00e-04
09:35:31 INFO     Epoch 1/100 | step 2570 | loss 2.4944 | lr 1.00e-04
09:35:32 INFO     Epoch 1/100 | step 2580 | loss 2.4361 | lr 1.00e-04
09:35:33 INFO     Epoch 1/100 | step 2590 | loss 2.3112 | lr 1.00e-04
09:35:33 INFO     Epoch 1/100 | step 2600 | loss 2.5773 | lr 1.00e-04
09:35:34 INFO     Epoch 1/100 | step 2610 | loss 2.4435 | lr 1.00e-04
09:35:35 INFO     Epoch 1/100 | step 2620 | loss 2.6749 | lr 1.00e-04
09:35:35 INFO     Epoch 1/100 | step 2630 | loss 2.4934 | lr 1.00e-04
09:35:36 INFO     Epoch 1/100 | step 2640 | loss 2.4133 | lr 1.00e-04
09:35:37 INFO     Epoch 1/100 | step 2650 | loss 2.4841 | lr 1.00e-04
09:35:37 INFO     Epoch 1/100 | step 2660 | loss 2.6196 | lr 1.00e-04
09:35:38 INFO     Epoch 1/100 | step 2670 | loss 2.6279 | lr 1.00e-04
09:35:39 INFO     Epoch 1/100 | step 2680 | loss 2.3652 | lr 1.00e-04
09:35:39 INFO     Epoch 1/100 | step 2690 | loss 2.3714 | lr 1.00e-04
09:35:40 INFO     Epoch 1/100 | step 2700 | loss 2.3792 | lr 1.00e-04
09:35:41 INFO     Epoch 1/100 | step 2710 | loss 2.1674 | lr 1.00e-04
09:35:41 INFO     Epoch 1/100 | step 2720 | loss 2.5429 | lr 1.00e-04
09:35:42 INFO     Epoch 1/100 | step 2730 | loss 2.4176 | lr 1.00e-04
09:35:42 INFO     Epoch 1/100 | step 2740 | loss 2.5211 | lr 1.00e-04
09:35:43 INFO     Epoch 1/100 | step 2750 | loss 2.3131 | lr 1.00e-04
09:35:44 INFO     Epoch 1/100 | step 2760 | loss 2.3973 | lr 1.00e-04
09:35:44 INFO     Epoch 1/100 | step 2770 | loss 2.4642 | lr 1.00e-04
09:35:45 INFO     Epoch 1/100 | step 2780 | loss 2.1951 | lr 1.00e-04
09:35:46 INFO     Epoch 1/100 | step 2790 | loss 2.3621 | lr 1.00e-04
09:35:46 INFO     Epoch 1/100 | step 2800 | loss 2.1944 | lr 1.00e-04
09:35:47 INFO     Epoch 1/100 | step 2810 | loss 2.6292 | lr 1.00e-04
09:35:48 INFO     Epoch 1/100 | step 2820 | loss 2.5273 | lr 1.00e-04
09:35:48 INFO     Epoch 1/100 | step 2830 | loss 2.4185 | lr 1.00e-04
09:35:49 INFO     Epoch 1/100 | step 2840 | loss 2.4669 | lr 1.00e-04
09:35:50 INFO     Epoch 1/100 | step 2850 | loss 2.4677 | lr 1.00e-04
09:35:50 INFO     Epoch 1/100 | step 2860 | loss 2.5889 | lr 1.00e-04
09:35:51 INFO     Epoch 1/100 | step 2870 | loss 2.3114 | lr 1.00e-04
09:35:52 INFO     Epoch 1/100 | step 2880 | loss 2.5699 | lr 1.00e-04
09:35:52 INFO     Epoch 1/100 | step 2890 | loss 2.4710 | lr 1.00e-04
09:35:53 INFO     Epoch 1/100 | step 2900 | loss 2.3886 | lr 1.00e-04
09:35:54 INFO     Epoch 1/100 | step 2910 | loss 1.9252 | lr 1.00e-04
09:35:54 INFO     Epoch 1/100 | step 2920 | loss 2.4660 | lr 1.00e-04
09:35:55 INFO     Epoch 1/100 | step 2930 | loss 2.2603 | lr 1.00e-04
09:35:56 INFO     Epoch 1/100 | step 2940 | loss 2.1850 | lr 1.00e-04
09:35:56 INFO     Epoch 1/100 | step 2950 | loss 2.3697 | lr 1.00e-04
09:35:57 INFO     Epoch 1/100 | step 2960 | loss 2.2299 | lr 1.00e-04
09:35:58 INFO     Epoch 1/100 | step 2970 | loss 2.3518 | lr 1.00e-04
09:35:58 INFO     Epoch 1/100 | step 2980 | loss 2.2768 | lr 1.00e-04
09:35:59 INFO     Epoch 1/100 | step 2990 | loss 2.5288 | lr 1.00e-04
09:36:00 INFO     Epoch 1/100 | step 3000 | loss 2.2710 | lr 1.00e-04
09:36:00 INFO     Epoch 1/100 | step 3010 | loss 2.3277 | lr 1.00e-04
09:36:01 INFO     Epoch 1/100 | step 3020 | loss 2.0244 | lr 1.00e-04
09:36:01 INFO     Epoch 1/100 | step 3030 | loss 2.4686 | lr 1.00e-04
09:36:02 INFO     Epoch 1/100 | step 3040 | loss 2.2919 | lr 1.00e-04
09:36:03 INFO     Epoch 1/100 | step 3050 | loss 1.9760 | lr 1.00e-04
09:36:03 INFO     Epoch 1/100 | step 3060 | loss 1.8875 | lr 1.00e-04
09:36:04 INFO     Epoch 1/100 | step 3070 | loss 2.0831 | lr 1.00e-04
09:36:05 INFO     Epoch 1/100 | step 3080 | loss 2.2905 | lr 1.00e-04
09:36:05 INFO     Epoch 1/100 | step 3090 | loss 2.1056 | lr 1.00e-04
09:36:06 INFO     Epoch 1/100 | step 3100 | loss 2.1819 | lr 1.00e-04
09:36:07 INFO     Epoch 1/100 | step 3110 | loss 2.1110 | lr 1.00e-04
09:36:07 INFO     Epoch 1/100 | step 3120 | loss 2.0555 | lr 1.00e-04
09:36:08 INFO     Epoch 1/100 | step 3130 | loss 2.2037 | lr 1.00e-04
09:36:09 INFO     Epoch 1/100 | step 3140 | loss 2.3146 | lr 1.00e-04
09:36:09 INFO     Epoch 1/100 | step 3150 | loss 2.6616 | lr 1.00e-04
09:36:10 INFO     Epoch 1/100 | step 3160 | loss 2.0304 | lr 1.00e-04
09:36:11 INFO     Epoch 1/100 | step 3170 | loss 2.1937 | lr 1.00e-04
09:36:11 INFO     Epoch 1/100 | step 3180 | loss 2.2088 | lr 1.00e-04
09:36:12 INFO     Epoch 1/100 | step 3190 | loss 1.9267 | lr 1.00e-04
09:36:13 INFO     Epoch 1/100 | step 3200 | loss 1.7995 | lr 1.00e-04
09:36:13 INFO     Epoch 1/100 | step 3210 | loss 1.8982 | lr 1.00e-04
09:36:14 INFO     Epoch 1/100 | step 3220 | loss 2.0101 | lr 1.00e-04
09:36:15 INFO     Epoch 1/100 | step 3230 | loss 2.2697 | lr 1.00e-04
09:36:15 INFO     Epoch 1/100 | step 3240 | loss 2.0215 | lr 1.00e-04
09:36:16 INFO     Epoch 1/100 | step 3250 | loss 1.9172 | lr 1.00e-04
09:36:17 INFO     Epoch 1/100 | step 3260 | loss 2.2334 | lr 1.00e-04
09:36:17 INFO     Epoch 1/100 | step 3270 | loss 2.1246 | lr 1.00e-04
09:36:18 INFO     Epoch 1/100 | step 3280 | loss 2.2135 | lr 1.00e-04
09:36:19 INFO     Epoch 1/100 | step 3290 | loss 2.1184 | lr 1.00e-04
09:36:19 INFO     Epoch 1/100 | step 3300 | loss 2.0428 | lr 1.00e-04
09:36:20 INFO     Epoch 1/100 | step 3310 | loss 2.1385 | lr 1.00e-04
09:36:21 INFO     Epoch 1/100 | step 3320 | loss 2.0715 | lr 1.00e-04
09:36:21 INFO     Epoch 1/100 | step 3330 | loss 1.7451 | lr 1.00e-04
09:36:22 INFO     Epoch 1/100 | step 3340 | loss 1.9914 | lr 1.00e-04
09:36:22 INFO     Epoch 1/100 | step 3350 | loss 2.0874 | lr 1.00e-04
09:36:23 INFO     Epoch 1/100 | step 3360 | loss 2.1404 | lr 1.00e-04
09:36:24 INFO     Epoch 1/100 | step 3370 | loss 2.1599 | lr 1.00e-04
09:36:24 INFO     Epoch 1/100 | step 3380 | loss 1.7922 | lr 1.00e-04
09:36:25 INFO     Epoch 1/100 | step 3390 | loss 2.1916 | lr 1.00e-04
09:36:26 INFO     Epoch 1/100 | step 3400 | loss 1.7913 | lr 1.00e-04
09:36:26 INFO     Epoch 1/100 | step 3410 | loss 1.8386 | lr 1.00e-04
09:36:27 INFO     Epoch 1/100 | step 3420 | loss 2.0891 | lr 1.00e-04
09:36:28 INFO     Epoch 1/100 | step 3430 | loss 1.8249 | lr 1.00e-04
09:36:28 INFO     Epoch 1/100 | step 3440 | loss 1.7824 | lr 1.00e-04
09:36:29 INFO     Epoch 1/100 | step 3450 | loss 2.1727 | lr 1.00e-04
09:36:30 INFO     Epoch 1/100 | step 3460 | loss 2.0126 | lr 1.00e-04
09:36:30 INFO     Epoch 1/100 | step 3470 | loss 1.7419 | lr 1.00e-04
09:36:31 INFO     Epoch 1/100 | step 3480 | loss 1.7306 | lr 1.00e-04
09:36:32 INFO     Epoch 1/100 | step 3490 | loss 1.8064 | lr 1.00e-04
09:36:32 INFO     Epoch 1/100 | step 3500 | loss 1.9630 | lr 1.00e-04
09:36:33 INFO     Epoch 1/100 | step 3510 | loss 1.6932 | lr 1.00e-04
09:36:34 INFO     Epoch 1/100 | step 3520 | loss 1.7903 | lr 1.00e-04
09:36:34 INFO     Epoch 1/100 | step 3530 | loss 1.5726 | lr 1.00e-04
09:36:35 INFO     Epoch 1/100 | step 3540 | loss 1.8501 | lr 1.00e-04
09:36:36 INFO     Epoch 1/100 | step 3550 | loss 2.0026 | lr 1.00e-04
09:36:36 INFO     Epoch 1/100 | step 3560 | loss 1.7237 | lr 1.00e-04
09:36:37 INFO     Epoch 1/100 | step 3570 | loss 1.9890 | lr 1.00e-04
09:36:38 INFO     Epoch 1/100 | step 3580 | loss 1.7594 | lr 1.00e-04
09:36:38 INFO     Epoch 1/100 | step 3590 | loss 1.8829 | lr 1.00e-04
09:36:39 INFO     Epoch 1/100 | step 3600 | loss 1.8881 | lr 1.00e-04
09:36:40 INFO     Epoch 1/100 | step 3610 | loss 1.8106 | lr 1.00e-04
09:36:40 INFO     Epoch 1/100 | step 3620 | loss 1.6759 | lr 1.00e-04
09:36:41 INFO     Epoch 1/100 | step 3630 | loss 1.8363 | lr 1.00e-04
09:36:42 INFO     Epoch 1/100 | step 3640 | loss 1.5601 | lr 1.00e-04
09:36:42 INFO     Epoch 1/100 | step 3650 | loss 1.8534 | lr 1.00e-04
09:36:43 INFO     Epoch 1/100 | step 3660 | loss 1.7094 | lr 1.00e-04
09:36:43 INFO     Epoch 1/100 | step 3670 | loss 1.6309 | lr 1.00e-04
09:36:44 INFO     Epoch 1/100 | step 3680 | loss 1.9066 | lr 1.00e-04
09:36:45 INFO     Epoch 1/100 | step 3690 | loss 1.5702 | lr 1.00e-04
09:36:45 INFO     Epoch 1/100 | step 3700 | loss 1.5415 | lr 1.00e-04
09:36:46 INFO     Epoch 1/100 | step 3710 | loss 1.6184 | lr 1.00e-04
09:36:47 INFO     Epoch 1/100 | step 3720 | loss 1.8125 | lr 1.00e-04
09:36:47 INFO     Epoch 1/100 | step 3730 | loss 1.7744 | lr 1.00e-04
09:36:48 INFO     Epoch 1/100 | step 3740 | loss 1.8513 | lr 1.00e-04
09:36:49 INFO     Epoch 1/100 | step 3750 | loss 1.5617 | lr 1.00e-04
09:36:49 INFO     Epoch 1/100 | step 3760 | loss 1.7043 | lr 1.00e-04
09:36:50 INFO     Epoch 1/100 | step 3770 | loss 1.7119 | lr 1.00e-04
09:36:51 INFO     Epoch 1/100 | step 3780 | loss 1.5202 | lr 1.00e-04
09:36:51 INFO     Epoch 1/100 | step 3790 | loss 2.0866 | lr 1.00e-04
09:36:52 INFO     Epoch 1/100 | step 3800 | loss 1.7905 | lr 1.00e-04
09:36:53 INFO     Epoch 1/100 | step 3810 | loss 1.7322 | lr 1.00e-04
09:36:53 INFO     Epoch 1/100 | step 3820 | loss 1.7265 | lr 1.00e-04
09:36:54 INFO     Epoch 1/100 | step 3830 | loss 1.6970 | lr 1.00e-04
09:36:55 INFO     Epoch 1/100 | step 3840 | loss 1.4891 | lr 1.00e-04
09:36:55 INFO     Epoch 1/100 | step 3850 | loss 1.6153 | lr 1.00e-04
09:36:56 INFO     Epoch 1/100 | step 3860 | loss 1.6050 | lr 1.00e-04
09:36:57 INFO     Epoch 1/100 | step 3870 | loss 1.3460 | lr 1.00e-04
09:36:57 INFO     Epoch 1/100 | step 3880 | loss 1.6945 | lr 1.00e-04
09:36:58 INFO     Epoch 1/100 | step 3890 | loss 1.7082 | lr 1.00e-04
09:36:59 INFO     Epoch 1/100 | step 3900 | loss 1.8112 | lr 1.00e-04
09:36:59 INFO     Epoch 1/100 | step 3910 | loss 1.5011 | lr 1.00e-04
09:37:00 INFO     Epoch 1/100 | step 3920 | loss 1.6907 | lr 1.00e-04
09:37:01 INFO     Epoch 1/100 | step 3930 | loss 1.5472 | lr 1.00e-04
09:37:01 INFO     Epoch 1/100 | step 3940 | loss 1.6093 | lr 1.00e-04
09:37:02 INFO     Epoch 1/100 | step 3950 | loss 1.5353 | lr 1.00e-04
09:37:03 INFO     Epoch 1/100 | step 3960 | loss 1.3635 | lr 1.00e-04
09:37:03 INFO     Epoch 1/100 | step 3970 | loss 1.4948 | lr 1.00e-04
09:37:04 INFO     Epoch 1/100 | step 3980 | loss 1.5160 | lr 1.00e-04
09:37:04 INFO     Epoch 1/100 | step 3990 | loss 1.7086 | lr 1.00e-04
09:37:05 INFO     Epoch 1/100 | step 4000 | loss 1.6523 | lr 1.00e-04
09:37:06 INFO     Epoch 1/100 | step 4010 | loss 1.6652 | lr 1.00e-04
09:37:06 INFO     Epoch 1/100 | step 4020 | loss 1.4846 | lr 1.00e-04
09:37:07 INFO     Epoch 1/100 | step 4030 | loss 1.6839 | lr 1.00e-04
09:37:08 INFO     Epoch 1/100 | step 4040 | loss 1.4738 | lr 1.00e-04
09:37:08 INFO     Epoch 1/100 | step 4050 | loss 1.3769 | lr 1.00e-04
09:37:09 INFO     Epoch 1/100 | step 4060 | loss 1.3987 | lr 1.00e-04
09:37:10 INFO     Epoch 1/100 | step 4070 | loss 1.6513 | lr 1.00e-04
09:37:10 INFO     Epoch 1/100 | step 4080 | loss 1.5895 | lr 1.00e-04
09:37:11 INFO     Epoch 1/100 | step 4090 | loss 1.8220 | lr 1.00e-04
09:37:12 INFO     Epoch 1/100 | step 4100 | loss 1.6115 | lr 1.00e-04
09:37:12 INFO     Epoch 1/100 | step 4110 | loss 1.3529 | lr 1.00e-04
09:37:13 INFO     Epoch 1/100 | step 4120 | loss 1.3904 | lr 1.00e-04
09:37:14 INFO     Epoch 1/100 | step 4130 | loss 1.7973 | lr 1.00e-04
09:37:14 INFO     Epoch 1/100 | step 4140 | loss 1.5413 | lr 1.00e-04
09:37:15 INFO     Epoch 1/100 | step 4150 | loss 1.5977 | lr 1.00e-04
09:37:16 INFO     Epoch 1/100 | step 4160 | loss 1.5431 | lr 1.00e-04
09:37:16 INFO     Epoch 1/100 | step 4170 | loss 1.5427 | lr 1.00e-04
09:37:17 INFO     Epoch 1/100 | step 4180 | loss 1.4062 | lr 1.00e-04
09:37:18 INFO     Epoch 1/100 | step 4190 | loss 1.6582 | lr 1.00e-04
09:37:18 INFO     Epoch 1/100 | step 4200 | loss 1.4783 | lr 1.00e-04
09:37:19 INFO     Epoch 1/100 | step 4210 | loss 1.5365 | lr 1.00e-04
09:37:20 INFO     Epoch 1/100 | step 4220 | loss 1.4103 | lr 1.00e-04
09:37:20 INFO     Epoch 1/100 | step 4230 | loss 1.4354 | lr 1.00e-04
09:37:21 INFO     Epoch 1/100 | step 4240 | loss 1.5737 | lr 1.00e-04
09:37:22 INFO     Epoch 1/100 | step 4250 | loss 1.5636 | lr 1.00e-04
09:37:22 INFO     Epoch 1/100 | step 4260 | loss 1.5200 | lr 1.00e-04
09:37:23 INFO     Epoch 1/100 | step 4270 | loss 1.2807 | lr 1.00e-04
09:37:24 INFO     Epoch 1/100 | step 4280 | loss 1.2298 | lr 1.00e-04
09:37:24 INFO     Epoch 1/100 | step 4290 | loss 1.7190 | lr 1.00e-04
09:37:25 INFO     Epoch 1/100 | step 4300 | loss 1.2135 | lr 1.00e-04
09:37:25 INFO     Epoch 1/100 | step 4310 | loss 1.3141 | lr 1.00e-04
09:37:26 INFO     Epoch 1/100 | step 4320 | loss 1.3939 | lr 1.00e-04
09:37:27 INFO     Epoch 1/100 | step 4330 | loss 1.3222 | lr 1.00e-04
09:37:27 INFO     Epoch 1/100 | step 4340 | loss 1.3397 | lr 1.00e-04
09:37:28 INFO     Epoch 1/100 | step 4350 | loss 1.4654 | lr 1.00e-04
09:37:29 INFO     Epoch 1/100 | step 4360 | loss 1.5671 | lr 1.00e-04
09:37:29 INFO     Epoch 1/100 | step 4370 | loss 1.5322 | lr 1.00e-04
09:37:30 INFO     Epoch 1/100 | step 4380 | loss 1.2371 | lr 1.00e-04
09:37:31 INFO     Epoch 1/100 | step 4390 | loss 1.4952 | lr 1.00e-04
09:37:31 INFO     Epoch 1/100 | step 4400 | loss 1.7077 | lr 1.00e-04
09:37:32 INFO     Epoch 1/100 | step 4410 | loss 1.5449 | lr 1.00e-04
09:37:33 INFO     Epoch 1/100 | step 4420 | loss 1.4643 | lr 1.00e-04
09:37:33 INFO     Epoch 1/100 | step 4430 | loss 1.3826 | lr 1.00e-04
09:37:34 INFO     Epoch 1/100 | step 4440 | loss 1.4710 | lr 1.00e-04
09:37:35 INFO     Epoch 1/100 | step 4450 | loss 1.3736 | lr 1.00e-04
09:37:35 INFO     Epoch 1/100 | step 4460 | loss 1.2769 | lr 1.00e-04
09:37:36 INFO     Epoch 1/100 | step 4470 | loss 1.3593 | lr 1.00e-04
09:37:37 INFO     Epoch 1/100 | step 4480 | loss 1.5702 | lr 1.00e-04
09:37:37 INFO     Epoch 1/100 | step 4490 | loss 1.5116 | lr 1.00e-04
09:37:38 INFO     Epoch 1/100 | step 4500 | loss 1.5364 | lr 1.00e-04
09:37:39 INFO     Epoch 1/100 | step 4510 | loss 1.2335 | lr 1.00e-04
09:37:39 INFO     Epoch 1/100 | step 4520 | loss 1.3504 | lr 1.00e-04
09:37:40 INFO     Epoch 1/100 | step 4530 | loss 1.7408 | lr 1.00e-04
09:37:41 INFO     Epoch 1/100 | step 4540 | loss 1.3339 | lr 1.00e-04
09:37:41 INFO     Epoch 1/100 | step 4550 | loss 1.2040 | lr 1.00e-04
09:37:42 INFO     Epoch 1/100 | step 4560 | loss 1.1830 | lr 1.00e-04
09:37:43 INFO     Epoch 1/100 | step 4570 | loss 1.5852 | lr 1.00e-04
09:37:43 INFO     Epoch 1/100 | step 4580 | loss 1.4855 | lr 1.00e-04
09:37:44 INFO     Epoch 1/100 | step 4590 | loss 1.3033 | lr 1.00e-04
09:37:45 INFO     Epoch 1/100 | step 4600 | loss 1.2265 | lr 1.00e-04
09:37:45 INFO     Epoch 1/100 | step 4610 | loss 1.3576 | lr 1.00e-04
09:37:46 INFO     Epoch 1/100 | step 4620 | loss 1.5850 | lr 1.00e-04
09:37:47 INFO     Epoch 1/100 | step 4630 | loss 1.2372 | lr 1.00e-04
09:37:47 INFO     Epoch 1/100 | step 4640 | loss 1.2364 | lr 1.00e-04
09:37:48 INFO     Epoch 1/100 | step 4650 | loss 1.5447 | lr 1.00e-04
09:37:48 INFO     Epoch 1/100 | step 4660 | loss 1.2735 | lr 1.00e-04
09:37:49 INFO     Epoch 1/100 | step 4670 | loss 1.0851 | lr 1.00e-04
09:37:50 INFO     Epoch 1/100 | step 4680 | loss 1.2553 | lr 1.00e-04
09:37:50 INFO     Epoch 1/100 | step 4690 | loss 1.3593 | lr 1.00e-04
09:37:51 INFO     Epoch 1/100 | step 4700 | loss 1.2679 | lr 1.00e-04
09:37:52 INFO     Epoch 1/100 | step 4710 | loss 1.2363 | lr 1.00e-04
09:37:52 INFO     Epoch 1/100 | step 4720 | loss 1.3910 | lr 1.00e-04
09:37:53 INFO     Epoch 1/100 | step 4730 | loss 1.3318 | lr 1.00e-04
09:37:54 INFO     Epoch 1/100 | step 4740 | loss 1.2290 | lr 1.00e-04
09:37:54 INFO     Epoch 1/100 | step 4750 | loss 1.5281 | lr 1.00e-04
09:37:55 INFO     Epoch 1/100 | step 4760 | loss 1.0404 | lr 1.00e-04
09:37:56 INFO     Epoch 1/100 | step 4770 | loss 1.4731 | lr 1.00e-04
09:37:56 INFO     Epoch 1/100 | step 4780 | loss 1.3386 | lr 1.00e-04
09:37:57 INFO     Epoch 1/100 | step 4790 | loss 1.2659 | lr 1.00e-04
09:37:58 INFO     Epoch 1/100 | step 4800 | loss 1.3862 | lr 1.00e-04
09:37:58 INFO     Epoch 1/100 | step 4810 | loss 1.4750 | lr 1.00e-04
09:37:59 INFO     Epoch 1/100 | step 4820 | loss 1.0332 | lr 1.00e-04
09:38:00 INFO     Epoch 1/100 | step 4830 | loss 1.1613 | lr 1.00e-04
09:38:00 INFO     Epoch 1/100 | step 4840 | loss 1.4001 | lr 1.00e-04
09:38:01 INFO     Epoch 1/100 | step 4850 | loss 1.1806 | lr 1.00e-04
09:38:02 INFO     Epoch 1/100 | step 4860 | loss 1.0756 | lr 1.00e-04
09:38:02 INFO     Epoch 1/100 | step 4870 | loss 1.2736 | lr 1.00e-04
09:38:03 INFO     Epoch 1/100 | step 4880 | loss 1.0015 | lr 1.00e-04
09:38:04 INFO     Epoch 1/100 | step 4890 | loss 1.2424 | lr 1.00e-04
09:38:04 INFO     Epoch 1/100 | step 4900 | loss 1.1729 | lr 1.00e-04
09:38:05 INFO     Epoch 1/100 | step 4910 | loss 1.3515 | lr 1.00e-04
09:38:06 INFO     Epoch 1/100 | step 4920 | loss 1.4639 | lr 1.00e-04
09:38:06 INFO     Epoch 1/100 | step 4930 | loss 1.4027 | lr 1.00e-04
09:38:07 INFO     Epoch 1/100 | step 4940 | loss 1.1660 | lr 1.00e-04
09:38:08 INFO     Epoch 1/100 | step 4950 | loss 1.1522 | lr 1.00e-04
09:38:08 INFO     Epoch 1/100 | step 4960 | loss 1.1117 | lr 1.00e-04
09:38:09 INFO     Epoch 1/100 | step 4970 | loss 1.1919 | lr 1.00e-04
09:38:09 INFO     Epoch 1/100 | step 4980 | loss 1.1318 | lr 1.00e-04
09:38:10 INFO     Epoch 1/100 | step 4990 | loss 1.3268 | lr 1.00e-04
09:38:11 INFO     Epoch 1/100 | step 5000 | loss 1.2563 | lr 1.00e-04
09:38:11 INFO     Epoch 1/100 | step 5010 | loss 1.1186 | lr 1.00e-04
09:38:12 INFO     Epoch 1/100 | step 5020 | loss 1.5934 | lr 1.00e-04
09:38:13 INFO     Epoch 1/100 | step 5030 | loss 1.2273 | lr 1.00e-04
09:38:13 INFO     Epoch 1/100 | step 5040 | loss 1.5029 | lr 1.00e-04
09:38:14 INFO     Epoch 1/100 | step 5050 | loss 1.2538 | lr 1.00e-04
09:38:15 INFO     Epoch 1/100 | step 5060 | loss 1.2886 | lr 1.00e-04
09:38:15 INFO     Epoch 1/100 | step 5070 | loss 1.1896 | lr 1.00e-04
09:38:16 INFO     Epoch 1/100 | step 5080 | loss 1.2077 | lr 1.00e-04
09:38:17 INFO     Epoch 1/100 | step 5090 | loss 1.5520 | lr 1.00e-04
09:38:17 INFO     Epoch 1/100 | step 5100 | loss 1.0136 | lr 1.00e-04
09:38:18 INFO     Epoch 1/100 | step 5110 | loss 1.3485 | lr 1.00e-04
09:38:19 INFO     Epoch 1/100 | step 5120 | loss 1.0802 | lr 1.00e-04
09:38:19 INFO     Epoch 1/100 | step 5130 | loss 1.2297 | lr 1.00e-04
09:38:20 INFO     Epoch 1/100 | step 5140 | loss 1.4141 | lr 1.00e-04
09:38:21 INFO     Epoch 1/100 | step 5150 | loss 1.2265 | lr 1.00e-04
09:38:21 INFO     Epoch 1/100 | step 5160 | loss 1.1542 | lr 1.00e-04
09:38:22 INFO     Epoch 1/100 | step 5170 | loss 1.4157 | lr 1.00e-04
09:38:23 INFO     Epoch 1/100 | step 5180 | loss 1.1028 | lr 1.00e-04
09:38:23 INFO     Epoch 1/100 | step 5190 | loss 1.2047 | lr 1.00e-04
09:38:24 INFO     Epoch 1/100 | step 5200 | loss 1.2557 | lr 1.00e-04
09:38:25 INFO     Epoch 1/100 | step 5210 | loss 1.0190 | lr 1.00e-04
09:38:25 INFO     Epoch 1/100 | step 5220 | loss 1.0064 | lr 1.00e-04
09:38:26 INFO     Epoch 1/100 | step 5230 | loss 1.1904 | lr 1.00e-04
09:38:27 INFO     Epoch 1/100 | step 5240 | loss 1.1317 | lr 1.00e-04
09:38:27 INFO     Epoch 1/100 | step 5250 | loss 1.0829 | lr 1.00e-04
09:38:28 INFO     Epoch 1/100 | step 5260 | loss 1.4303 | lr 1.00e-04
09:38:29 INFO     Epoch 1/100 | step 5270 | loss 0.8651 | lr 1.00e-04
09:38:29 INFO     Epoch 1/100 | step 5280 | loss 1.1043 | lr 1.00e-04
09:38:30 INFO     Epoch 1/100 | step 5290 | loss 1.1217 | lr 1.00e-04
09:38:30 INFO     Epoch 1/100 | step 5300 | loss 1.0625 | lr 1.00e-04
09:38:31 INFO     Epoch 1/100 | step 5310 | loss 1.2849 | lr 1.00e-04
09:38:32 INFO     Epoch 1/100 | step 5320 | loss 1.2214 | lr 1.00e-04
09:38:32 INFO     Epoch 1/100 | step 5330 | loss 1.0303 | lr 1.00e-04
09:38:33 INFO     Epoch 1/100 | step 5340 | loss 1.1452 | lr 1.00e-04
09:38:34 INFO     Epoch 1/100 | step 5350 | loss 1.0294 | lr 1.00e-04
09:38:34 INFO     Epoch 1/100 | step 5360 | loss 1.1353 | lr 1.00e-04
09:38:35 INFO     Epoch 1/100 | step 5370 | loss 1.4044 | lr 1.00e-04
09:38:36 INFO     Epoch 1/100 | step 5380 | loss 1.5110 | lr 1.00e-04
09:38:36 INFO     Epoch 1/100 | step 5390 | loss 1.0992 | lr 1.00e-04
09:38:37 INFO     Epoch 1/100 | step 5400 | loss 1.1944 | lr 1.00e-04
09:38:38 INFO     Epoch 1/100 | step 5410 | loss 1.3131 | lr 1.00e-04
09:38:38 INFO     Epoch 1/100 | step 5420 | loss 1.1911 | lr 1.00e-04
09:38:39 INFO     Epoch 1/100 | step 5430 | loss 1.3011 | lr 1.00e-04
09:38:40 INFO     Epoch 1/100 | step 5440 | loss 1.0151 | lr 1.00e-04
09:38:40 INFO     Epoch 1/100 | step 5450 | loss 1.1522 | lr 1.00e-04
09:38:41 INFO     Epoch 1/100 | step 5460 | loss 1.0032 | lr 1.00e-04
09:38:42 INFO     Epoch 1/100 | step 5470 | loss 0.8946 | lr 1.00e-04
09:38:42 INFO     Epoch 1/100 | step 5480 | loss 1.0601 | lr 1.00e-04
09:38:43 INFO     Epoch 1/100 | step 5490 | loss 1.3042 | lr 1.00e-04
09:38:44 INFO     Epoch 1/100 | step 5500 | loss 1.0362 | lr 1.00e-04
09:38:44 INFO     Epoch 1/100 | step 5510 | loss 1.5470 | lr 1.00e-04
09:38:45 INFO     Epoch 1/100 | step 5520 | loss 1.0932 | lr 1.00e-04
09:38:46 INFO     Epoch 1/100 | step 5530 | loss 1.2604 | lr 1.00e-04
09:38:46 INFO     Epoch 1/100 | step 5540 | loss 0.9410 | lr 1.00e-04
09:38:47 INFO     Epoch 1/100 | step 5550 | loss 1.1029 | lr 1.00e-04
09:38:48 INFO     Epoch 1/100 | step 5560 | loss 1.1119 | lr 1.00e-04
09:38:48 INFO     Epoch 1/100 | step 5570 | loss 1.1734 | lr 1.00e-04
09:38:49 INFO     Epoch 1/100 | step 5580 | loss 1.1121 | lr 1.00e-04
09:38:50 INFO     Epoch 1/100 | step 5590 | loss 1.2505 | lr 1.00e-04
09:38:50 INFO     Epoch 1/100 | step 5600 | loss 1.1000 | lr 1.00e-04
09:38:51 INFO     Epoch 1/100 | step 5610 | loss 1.1784 | lr 1.00e-04
09:38:51 INFO     Epoch 1/100 | step 5620 | loss 1.1598 | lr 1.00e-04
09:38:52 INFO     Epoch 1/100 | step 5630 | loss 0.9485 | lr 1.00e-04
09:38:53 INFO     Epoch 1/100 | step 5640 | loss 0.9550 | lr 1.00e-04
09:38:53 INFO     Epoch 1/100 | step 5650 | loss 1.1430 | lr 1.00e-04
09:38:54 INFO     Epoch 1/100 | step 5660 | loss 1.2033 | lr 1.00e-04
09:38:55 INFO     Epoch 1/100 | step 5670 | loss 1.2624 | lr 1.00e-04
09:38:55 INFO     Epoch 1/100 | step 5680 | loss 0.9911 | lr 1.00e-04
09:38:56 INFO     Epoch 1/100 | step 5690 | loss 1.0128 | lr 1.00e-04
09:38:57 INFO     Epoch 1/100 | step 5700 | loss 1.0632 | lr 1.00e-04
09:38:57 INFO     Epoch 1/100 | step 5710 | loss 0.9484 | lr 1.00e-04
09:38:58 INFO     Epoch 1/100 | step 5720 | loss 1.4461 | lr 1.00e-04
09:38:59 INFO     Epoch 1/100 | step 5730 | loss 1.1767 | lr 1.00e-04
09:38:59 INFO     Epoch 1/100 | step 5740 | loss 1.0555 | lr 1.00e-04
09:39:00 INFO     Epoch 1/100 | step 5750 | loss 0.9778 | lr 1.00e-04
09:39:01 INFO     Epoch 1/100 | step 5760 | loss 1.0197 | lr 1.00e-04
09:39:01 INFO     Epoch 1/100 | step 5770 | loss 1.1019 | lr 1.00e-04
09:39:02 INFO     Epoch 1/100 | step 5780 | loss 1.0380 | lr 1.00e-04
09:39:03 INFO     Epoch 1/100 | step 5790 | loss 1.0190 | lr 1.00e-04
09:39:03 INFO     Epoch 1/100 | step 5800 | loss 1.1635 | lr 1.00e-04
09:39:04 INFO     Epoch 1/100 | step 5810 | loss 1.2865 | lr 1.00e-04
09:39:05 INFO     Epoch 1/100 | step 5820 | loss 0.9214 | lr 1.00e-04
09:39:05 INFO     Epoch 1/100 | step 5830 | loss 0.9502 | lr 1.00e-04
09:39:06 INFO     Epoch 1/100 | step 5840 | loss 1.0048 | lr 1.00e-04
09:39:07 INFO     Epoch 1/100 | step 5850 | loss 1.0625 | lr 1.00e-04
09:39:07 INFO     Epoch 1/100 | step 5860 | loss 0.9816 | lr 1.00e-04
09:39:08 INFO     Epoch 1/100 | step 5870 | loss 1.0680 | lr 1.00e-04
09:39:09 INFO     Epoch 1/100 | step 5880 | loss 1.2493 | lr 1.00e-04
09:39:09 INFO     Epoch 1/100 | step 5890 | loss 0.7918 | lr 1.00e-04
09:39:10 INFO     Epoch 1/100 | step 5900 | loss 1.1991 | lr 1.00e-04
09:39:11 INFO     Epoch 1/100 | step 5910 | loss 0.9542 | lr 1.00e-04
09:39:11 INFO     Epoch 1/100 | step 5920 | loss 1.0915 | lr 1.00e-04
09:39:12 INFO     Epoch 1/100 | step 5930 | loss 1.1700 | lr 1.00e-04
09:39:12 INFO     Epoch 1/100 | step 5940 | loss 1.1006 | lr 1.00e-04
09:39:13 INFO     Epoch 1/100 | step 5950 | loss 1.1699 | lr 1.00e-04
09:39:14 INFO     Epoch 1/100 | step 5960 | loss 1.1696 | lr 1.00e-04
09:39:14 INFO     Epoch 1/100 | step 5970 | loss 1.0100 | lr 1.00e-04
09:39:15 INFO     Epoch 1/100 | step 5980 | loss 0.9651 | lr 1.00e-04
09:39:16 INFO     Epoch 1/100 | step 5990 | loss 1.1524 | lr 1.00e-04
09:39:16 INFO     Epoch 1/100 | step 6000 | loss 0.8315 | lr 1.00e-04
09:39:17 INFO     Epoch 1/100 | step 6010 | loss 0.9180 | lr 1.00e-04
09:39:18 INFO     Epoch 1/100 | step 6020 | loss 1.1618 | lr 1.00e-04
09:39:18 INFO     Epoch 1/100 | step 6030 | loss 0.8211 | lr 1.00e-04
09:39:19 INFO     Epoch 1/100 | step 6040 | loss 1.4017 | lr 1.00e-04
09:39:20 INFO     Epoch 1/100 | step 6050 | loss 0.9269 | lr 1.00e-04
09:39:20 INFO     Epoch 1/100 | step 6060 | loss 1.0903 | lr 1.00e-04
09:39:21 INFO     Epoch 1/100 | step 6070 | loss 1.1881 | lr 1.00e-04
09:39:22 INFO     Epoch 1/100 | step 6080 | loss 0.8455 | lr 1.00e-04
09:39:22 INFO     Epoch 1/100 | step 6090 | loss 0.9996 | lr 1.00e-04
09:39:23 INFO     Epoch 1/100 | step 6100 | loss 1.2313 | lr 1.00e-04
09:39:24 INFO     Epoch 1/100 | step 6110 | loss 0.9191 | lr 1.00e-04
09:39:24 INFO     Epoch 1/100 | step 6120 | loss 0.7548 | lr 1.00e-04
09:39:25 INFO     Epoch 1/100 | step 6130 | loss 1.0277 | lr 1.00e-04
09:39:26 INFO     Epoch 1/100 | step 6140 | loss 1.1525 | lr 1.00e-04
09:39:26 INFO     Epoch 1/100 | step 6150 | loss 0.9616 | lr 1.00e-04
09:39:27 INFO     Epoch 1/100 | step 6160 | loss 0.9128 | lr 1.00e-04
09:39:28 INFO     Epoch 1/100 | step 6170 | loss 0.9924 | lr 1.00e-04
09:39:28 INFO     Epoch 1/100 | step 6180 | loss 1.1608 | lr 1.00e-04
09:39:29 INFO     Epoch 1/100 | step 6190 | loss 1.0721 | lr 1.00e-04
09:39:30 INFO     Epoch 1/100 | step 6200 | loss 0.8631 | lr 1.00e-04
09:39:30 INFO     Epoch 1/100 | step 6210 | loss 0.9422 | lr 1.00e-04
09:39:31 INFO     Epoch 1/100 | step 6220 | loss 1.1810 | lr 1.00e-04
09:39:32 INFO     Epoch 1/100 | step 6230 | loss 1.1376 | lr 1.00e-04
09:39:32 INFO     Epoch 1/100 | step 6240 | loss 1.0254 | lr 1.00e-04
09:39:33 INFO     Epoch 1/100 | step 6250 | loss 1.0050 | lr 1.00e-04
09:39:34 INFO     Epoch 1/100 | step 6260 | loss 1.1863 | lr 1.00e-04
09:39:34 INFO     Epoch 1/100 | step 6270 | loss 0.9803 | lr 1.00e-04
09:39:35 INFO     Epoch 1/100 | step 6280 | loss 1.0577 | lr 1.00e-04
09:39:36 INFO     Epoch 1/100 | step 6290 | loss 1.0016 | lr 1.00e-04
09:39:36 INFO     Epoch 1/100 | step 6300 | loss 1.3956 | lr 1.00e-04
09:39:37 INFO     Epoch 1/100 | step 6310 | loss 0.7693 | lr 1.00e-04
09:39:38 INFO     Epoch 1/100 | step 6320 | loss 0.9113 | lr 1.00e-04
09:39:38 INFO     Epoch 1/100 | step 6330 | loss 0.9441 | lr 1.00e-04
09:39:39 INFO     Epoch 1/100 | step 6340 | loss 1.0207 | lr 1.00e-04
09:39:40 INFO     Epoch 1/100 | step 6350 | loss 1.0277 | lr 1.00e-04
09:39:40 INFO     Epoch 1/100 | step 6360 | loss 0.9449 | lr 1.00e-04
09:39:41 INFO     Epoch 1/100 | step 6370 | loss 1.2906 | lr 1.00e-04
09:39:42 INFO     Epoch 1/100 | step 6380 | loss 1.2223 | lr 1.00e-04
09:39:42 INFO     Epoch 1/100 | step 6390 | loss 1.0749 | lr 1.00e-04
09:39:43 INFO     Epoch 1/100 | step 6400 | loss 0.9225 | lr 1.00e-04
09:39:43 INFO     Epoch 1/100 | step 6410 | loss 0.9312 | lr 1.00e-04
09:39:44 INFO     Epoch 1/100 | step 6420 | loss 1.0911 | lr 1.00e-04
09:39:45 INFO     Epoch 1/100 | step 6430 | loss 1.1732 | lr 1.00e-04
09:39:45 INFO     Epoch 1/100 | step 6440 | loss 0.9924 | lr 1.00e-04
09:39:46 INFO     Epoch 1/100 | step 6450 | loss 0.9066 | lr 1.00e-04
09:39:47 INFO     Epoch 1/100 | step 6460 | loss 0.7831 | lr 1.00e-04
09:39:47 INFO     Epoch 1/100 | step 6470 | loss 0.9853 | lr 1.00e-04
09:39:48 INFO     Epoch 1/100 | step 6480 | loss 1.2955 | lr 1.00e-04
09:39:49 INFO     Epoch 1/100 | step 6490 | loss 1.1066 | lr 1.00e-04
09:39:49 INFO     Epoch 1/100 | step 6500 | loss 0.9266 | lr 1.00e-04
09:39:50 INFO     Epoch 1/100 | step 6510 | loss 0.8914 | lr 1.00e-04
09:39:51 INFO     Epoch 1/100 | step 6520 | loss 1.1723 | lr 1.00e-04
09:39:51 INFO     Epoch 1/100 | step 6530 | loss 1.0677 | lr 1.00e-04
09:39:52 INFO     Epoch 1/100 | step 6540 | loss 1.0340 | lr 1.00e-04
09:39:53 INFO     Epoch 1/100 | step 6550 | loss 0.8856 | lr 1.00e-04
09:39:53 INFO     Epoch 1/100 | step 6560 | loss 1.0146 | lr 1.00e-04
09:39:54 INFO     Epoch 1/100 | step 6570 | loss 0.9447 | lr 1.00e-04
09:39:55 INFO     Epoch 1/100 | step 6580 | loss 0.9775 | lr 1.00e-04
09:39:55 INFO     Epoch 1/100 | step 6590 | loss 0.8741 | lr 1.00e-04
09:39:56 INFO     Epoch 1/100 | step 6600 | loss 1.1795 | lr 1.00e-04
09:39:57 INFO     Epoch 1/100 | step 6610 | loss 1.2873 | lr 1.00e-04
09:39:57 INFO     Epoch 1/100 | step 6620 | loss 0.8040 | lr 1.00e-04
09:39:58 INFO     Epoch 1/100 | step 6630 | loss 0.9297 | lr 1.00e-04
09:39:59 INFO     Epoch 1/100 | step 6640 | loss 1.0493 | lr 1.00e-04
09:39:59 INFO     Epoch 1/100 | step 6650 | loss 0.8028 | lr 1.00e-04
09:40:00 INFO     Epoch 1/100 | step 6660 | loss 0.9730 | lr 1.00e-04
09:40:01 INFO     Epoch 1/100 | step 6670 | loss 0.9148 | lr 1.00e-04
09:40:01 INFO     Epoch 1/100 | step 6680 | loss 1.0430 | lr 1.00e-04
09:40:02 INFO     Epoch 1/100 | step 6690 | loss 0.9691 | lr 1.00e-04
09:40:03 INFO     Epoch 1/100 | step 6700 | loss 0.8864 | lr 1.00e-04
09:40:03 INFO     Epoch 1/100 | step 6710 | loss 0.8613 | lr 1.00e-04
09:40:04 INFO     Epoch 1/100 | step 6720 | loss 0.7906 | lr 1.00e-04
09:40:05 INFO     Epoch 1/100 | step 6730 | loss 1.0558 | lr 1.00e-04
09:40:05 INFO     Epoch 1/100 | step 6740 | loss 0.8051 | lr 1.00e-04
09:40:06 INFO     Epoch 1/100 | step 6750 | loss 1.3025 | lr 1.00e-04
09:40:06 INFO     Epoch 1/100 | step 6760 | loss 0.8118 | lr 1.00e-04
09:40:07 INFO     Epoch 1/100 | step 6770 | loss 1.1621 | lr 1.00e-04
09:40:08 INFO     Epoch 1/100 | step 6780 | loss 1.1436 | lr 1.00e-04
09:40:08 INFO     Epoch 1/100 | step 6790 | loss 0.6849 | lr 1.00e-04
09:40:09 INFO     Epoch 1/100 | step 6800 | loss 0.8040 | lr 1.00e-04
09:40:10 INFO     Epoch 1/100 | step 6810 | loss 1.1585 | lr 1.00e-04
09:40:10 INFO     Epoch 1/100 | step 6820 | loss 0.8393 | lr 1.00e-04
09:40:11 INFO     Epoch 1/100 | step 6830 | loss 0.8270 | lr 1.00e-04
09:40:12 INFO     Epoch 1/100 | step 6840 | loss 1.0746 | lr 1.00e-04
09:40:12 INFO     Epoch 1/100 | step 6850 | loss 1.3395 | lr 1.00e-04
09:40:13 INFO     Epoch 1/100 | step 6860 | loss 0.9738 | lr 1.00e-04
09:40:14 INFO     Epoch 1/100 | step 6870 | loss 1.1862 | lr 1.00e-04
09:40:14 INFO     Epoch 1/100 | step 6880 | loss 0.8528 | lr 1.00e-04
09:40:15 INFO     Epoch 1/100 | step 6890 | loss 0.9035 | lr 1.00e-04
09:40:16 INFO     Epoch 1/100 | step 6900 | loss 0.9594 | lr 1.00e-04
09:40:16 INFO     Epoch 1/100 | step 6910 | loss 0.9022 | lr 1.00e-04
09:40:17 INFO     Epoch 1/100 | step 6920 | loss 0.8816 | lr 1.00e-04
09:40:18 INFO     Epoch 1/100 | step 6930 | loss 1.1816 | lr 1.00e-04
09:40:18 INFO     Epoch 1/100 | step 6940 | loss 0.8301 | lr 1.00e-04
09:40:19 INFO     Epoch 1/100 | step 6950 | loss 0.8653 | lr 1.00e-04
09:40:20 INFO     Epoch 1/100 | step 6960 | loss 0.8323 | lr 1.00e-04
09:40:20 INFO     Epoch 1/100 | step 6970 | loss 0.9711 | lr 1.00e-04
09:40:21 INFO     Epoch 1/100 | step 6980 | loss 0.9140 | lr 1.00e-04
09:40:22 INFO     Epoch 1/100 | step 6990 | loss 1.1230 | lr 1.00e-04
09:40:22 INFO     Epoch 1/100 | step 7000 | loss 0.8755 | lr 1.00e-04
09:40:23 INFO     Epoch 1/100 | step 7010 | loss 1.1832 | lr 1.00e-04
09:40:24 INFO     Epoch 1/100 | step 7020 | loss 0.7869 | lr 1.00e-04
09:40:24 INFO     Epoch 1/100 | step 7030 | loss 0.7529 | lr 1.00e-04
09:40:25 INFO     Epoch 1/100 | step 7040 | loss 0.8851 | lr 1.00e-04
09:40:26 INFO     Epoch 1/100 | step 7050 | loss 0.8758 | lr 1.00e-04
09:40:26 INFO     Epoch 1/100 | step 7060 | loss 0.9762 | lr 1.00e-04
09:40:27 INFO     Epoch 1/100 | step 7070 | loss 0.9666 | lr 1.00e-04
09:40:28 INFO     Epoch 1/100 | step 7080 | loss 0.8956 | lr 1.00e-04
09:40:28 INFO     Epoch 1/100 | step 7090 | loss 0.7194 | lr 1.00e-04
09:40:29 INFO     Epoch 1/100 | step 7100 | loss 0.9656 | lr 1.00e-04
09:40:30 INFO     Epoch 1/100 | step 7110 | loss 1.1674 | lr 1.00e-04
09:40:30 INFO     Epoch 1/100 | step 7120 | loss 0.7273 | lr 1.00e-04
09:40:31 INFO     Epoch 1/100 | step 7130 | loss 0.9159 | lr 1.00e-04
09:40:32 INFO     Epoch 1/100 | step 7140 | loss 0.7673 | lr 1.00e-04
09:40:32 INFO     Epoch 1/100 | step 7150 | loss 0.8717 | lr 1.00e-04
09:40:33 INFO     Epoch 1/100 | step 7160 | loss 1.1437 | lr 1.00e-04
09:40:34 INFO     Epoch 1/100 | step 7170 | loss 0.9643 | lr 1.00e-04
09:40:34 INFO     Epoch 1/100 | step 7180 | loss 1.0430 | lr 1.00e-04
09:40:35 INFO     Epoch 1/100 | step 7190 | loss 1.0310 | lr 1.00e-04
09:40:36 INFO     Epoch 1/100 | step 7200 | loss 0.9941 | lr 1.00e-04
09:40:36 INFO     Epoch 1/100 | step 7210 | loss 1.0862 | lr 1.00e-04
09:40:37 INFO     Epoch 1/100 | step 7220 | loss 0.8996 | lr 1.00e-04
09:40:38 INFO     Epoch 1/100 | step 7230 | loss 0.7309 | lr 1.00e-04
09:40:38 INFO     Epoch 1/100 | step 7240 | loss 0.9777 | lr 1.00e-04
09:40:39 INFO     Epoch 1/100 | step 7250 | loss 0.7274 | lr 1.00e-04
09:40:40 INFO     Epoch 1/100 | step 7260 | loss 0.9700 | lr 1.00e-04
09:40:40 INFO     Epoch 1/100 | step 7270 | loss 1.1230 | lr 1.00e-04
09:40:41 INFO     Epoch 1/100 | step 7280 | loss 0.8415 | lr 1.00e-04
09:40:42 INFO     Epoch 1/100 | step 7290 | loss 1.1700 | lr 1.00e-04
09:40:42 INFO     Epoch 1/100 | step 7300 | loss 0.7760 | lr 1.00e-04
09:40:43 INFO     Epoch 1/100 | step 7310 | loss 1.0242 | lr 1.00e-04
09:40:43 INFO     Epoch 1/100 | step 7320 | loss 0.7307 | lr 1.00e-04
09:40:44 INFO     Epoch 1/100 | step 7330 | loss 0.7973 | lr 1.00e-04
09:40:45 INFO     Epoch 1/100 | step 7340 | loss 1.1856 | lr 1.00e-04
09:40:45 INFO     Epoch 1/100 | step 7350 | loss 0.9099 | lr 1.00e-04
09:40:46 INFO     Epoch 1/100 | step 7360 | loss 0.8560 | lr 1.00e-04
09:40:47 INFO     Epoch 1/100 | step 7370 | loss 0.9277 | lr 1.00e-04
09:40:47 INFO     Epoch 1/100 | step 7380 | loss 0.9996 | lr 1.00e-04
09:40:48 INFO     Epoch 1/100 | step 7390 | loss 0.7781 | lr 1.00e-04
09:40:49 INFO     Epoch 1/100 | step 7400 | loss 0.7523 | lr 1.00e-04
09:40:49 INFO     Epoch 1/100 | step 7410 | loss 0.9340 | lr 1.00e-04
09:40:50 INFO     Epoch 1/100 | step 7420 | loss 1.0109 | lr 1.00e-04
09:40:51 INFO     Epoch 1/100 | step 7430 | loss 0.8246 | lr 1.00e-04
09:40:51 INFO     Epoch 1/100 | step 7440 | loss 0.9450 | lr 1.00e-04
09:40:52 INFO     Epoch 1/100 | step 7450 | loss 0.8528 | lr 1.00e-04
09:40:53 INFO     Epoch 1/100 | step 7460 | loss 1.1108 | lr 1.00e-04
09:40:53 INFO     Epoch 1/100 | step 7470 | loss 0.9980 | lr 1.00e-04
09:40:54 INFO     Epoch 1/100 | step 7480 | loss 1.2908 | lr 1.00e-04
09:40:55 INFO     Epoch 1/100 | step 7490 | loss 0.9166 | lr 1.00e-04
09:40:55 INFO     Epoch 1/100 | step 7500 | loss 1.1146 | lr 1.00e-04
09:40:56 INFO     Epoch 1/100 | step 7510 | loss 0.9742 | lr 1.00e-04
09:40:57 INFO     Epoch 1/100 | step 7520 | loss 0.7090 | lr 1.00e-04
09:40:57 INFO     Epoch 1/100 | step 7530 | loss 0.5561 | lr 1.00e-04
09:40:58 INFO     Epoch 1/100 | step 7540 | loss 0.9415 | lr 1.00e-04
09:40:59 INFO     Epoch 1/100 | step 7550 | loss 0.8708 | lr 1.00e-04
09:40:59 INFO     Epoch 1/100 | step 7560 | loss 0.7844 | lr 1.00e-04
09:41:00 INFO     Epoch 1/100 | step 7570 | loss 0.8325 | lr 1.00e-04
09:41:01 INFO     Epoch 1/100 | step 7580 | loss 0.6812 | lr 1.00e-04
09:41:01 INFO     Epoch 1/100 | step 7590 | loss 0.8870 | lr 1.00e-04
09:41:02 INFO     Epoch 1/100 | step 7600 | loss 0.7290 | lr 1.00e-04
09:41:03 INFO     Epoch 1/100 | step 7610 | loss 0.7737 | lr 1.00e-04
09:41:03 INFO     Epoch 1/100 | step 7620 | loss 0.8291 | lr 1.00e-04
09:41:04 INFO     Epoch 1/100 | step 7630 | loss 0.6356 | lr 1.00e-04
09:41:05 INFO     Epoch 1/100 | step 7640 | loss 0.8631 | lr 1.00e-04
09:41:05 INFO     Epoch 1/100 | step 7650 | loss 1.1440 | lr 1.00e-04
09:41:06 INFO     Epoch 1/100 | step 7660 | loss 0.9814 | lr 1.00e-04
09:41:07 INFO     Epoch 1/100 | step 7670 | loss 0.8950 | lr 1.00e-04
09:41:07 INFO     Epoch 1/100 | step 7680 | loss 0.9327 | lr 1.00e-04
09:41:08 INFO     Epoch 1/100 | step 7690 | loss 0.6974 | lr 1.00e-04
09:41:08 INFO     Epoch 1/100 | step 7700 | loss 0.7711 | lr 1.00e-04
09:41:09 INFO     Epoch 1/100 | step 7710 | loss 0.9654 | lr 1.00e-04
09:41:10 INFO     Epoch 1/100 | step 7720 | loss 0.9461 | lr 1.00e-04
09:41:10 INFO     Epoch 1/100 | step 7730 | loss 0.8693 | lr 1.00e-04
09:41:11 INFO     Epoch 1/100 | step 7740 | loss 0.6483 | lr 1.00e-04
09:41:12 INFO     Epoch 1/100 | step 7750 | loss 0.7943 | lr 1.00e-04
09:41:12 INFO     Epoch 1/100 | step 7760 | loss 0.6965 | lr 1.00e-04
09:41:13 INFO     Epoch 1/100 | step 7770 | loss 0.7592 | lr 1.00e-04
09:41:14 INFO     Epoch 1/100 | step 7780 | loss 0.8572 | lr 1.00e-04
09:41:14 INFO     Epoch 1/100 | step 7790 | loss 1.1296 | lr 1.00e-04
09:41:15 INFO     Epoch 1/100 | step 7800 | loss 1.2061 | lr 1.00e-04
09:41:16 INFO     Epoch 1/100 | step 7810 | loss 0.6199 | lr 1.00e-04
09:41:16 INFO     Epoch 1/100 | step 7820 | loss 0.9077 | lr 1.00e-04
09:41:17 INFO     Epoch 1/100 | step 7830 | loss 0.9314 | lr 1.00e-04
09:41:18 INFO     Epoch 1/100 | step 7840 | loss 1.0079 | lr 1.00e-04
09:41:18 INFO     Epoch 1/100 | step 7850 | loss 0.7724 | lr 1.00e-04
09:41:19 INFO     Epoch 1/100 | step 7860 | loss 1.1470 | lr 1.00e-04
09:41:20 INFO     Epoch 1/100 | step 7870 | loss 0.8548 | lr 1.00e-04
09:41:20 INFO     Epoch 1/100 | step 7880 | loss 0.9073 | lr 1.00e-04
09:41:21 INFO     Epoch 1/100 | step 7890 | loss 1.1277 | lr 1.00e-04
09:41:22 INFO     Epoch 1/100 | step 7900 | loss 0.9816 | lr 1.00e-04
09:41:22 INFO     Epoch 1/100 | step 7910 | loss 0.8029 | lr 1.00e-04
09:41:23 INFO     Epoch 1/100 | step 7920 | loss 0.9580 | lr 1.00e-04
09:41:24 INFO     Epoch 1/100 | step 7930 | loss 0.8348 | lr 1.00e-04
09:41:24 INFO     Epoch 1/100 | step 7940 | loss 0.7714 | lr 1.00e-04
09:41:25 INFO     Epoch 1/100 | step 7950 | loss 0.5354 | lr 1.00e-04
09:41:26 INFO     Epoch 1/100 | step 7960 | loss 0.6498 | lr 1.00e-04
09:41:26 INFO     Epoch 1/100 | step 7970 | loss 0.7437 | lr 1.00e-04
09:41:27 INFO     Epoch 1/100 | step 7980 | loss 1.0054 | lr 1.00e-04
09:41:28 INFO     Epoch 1/100 | step 7990 | loss 0.7772 | lr 1.00e-04
09:41:28 INFO     Epoch 1/100 | step 8000 | loss 0.6851 | lr 1.00e-04
09:41:29 INFO     Epoch 1/100 | step 8010 | loss 0.8025 | lr 1.00e-04
09:41:30 INFO     Epoch 1/100 | step 8020 | loss 0.7822 | lr 1.00e-04
09:41:30 INFO     Epoch 1/100 | step 8030 | loss 0.7697 | lr 1.00e-04
09:41:31 INFO     Epoch 1/100 | step 8040 | loss 0.7097 | lr 1.00e-04
09:41:31 INFO     Epoch 1/100 | step 8050 | loss 0.9127 | lr 1.00e-04
09:41:32 INFO     Epoch 1/100 | step 8060 | loss 0.8015 | lr 1.00e-04
09:41:33 INFO     Epoch 1/100 | step 8070 | loss 0.8356 | lr 1.00e-04
09:41:33 INFO     Epoch 1/100 | step 8080 | loss 0.6977 | lr 1.00e-04
09:41:34 INFO     Epoch 1/100 | step 8090 | loss 0.6078 | lr 1.00e-04
09:41:35 INFO     Epoch 1/100 | step 8100 | loss 0.6396 | lr 1.00e-04
09:41:35 INFO     Epoch 1/100 | step 8110 | loss 1.3642 | lr 1.00e-04
09:41:36 INFO     Epoch 1/100 | step 8120 | loss 0.7108 | lr 1.00e-04
09:41:37 INFO     Epoch 1/100 | step 8130 | loss 0.7280 | lr 1.00e-04
09:41:37 INFO     Epoch 1/100 | step 8140 | loss 0.8913 | lr 1.00e-04
09:41:38 INFO     Epoch 1/100 | step 8150 | loss 0.9408 | lr 1.00e-04
09:41:39 INFO     Epoch 1/100 | step 8160 | loss 0.8795 | lr 1.00e-04
09:41:39 INFO     Epoch 1/100 | step 8170 | loss 1.0026 | lr 1.00e-04
09:41:40 INFO     Epoch 1/100 | step 8180 | loss 0.6697 | lr 1.00e-04
09:41:41 INFO     Epoch 1/100 | step 8190 | loss 0.7386 | lr 1.00e-04
09:41:41 INFO     Epoch 1/100 | step 8200 | loss 0.6104 | lr 1.00e-04
09:41:42 INFO     Epoch 1/100 | step 8210 | loss 0.8737 | lr 1.00e-04
09:41:43 INFO     Epoch 1/100 | step 8220 | loss 0.9528 | lr 1.00e-04
09:41:43 INFO     Epoch 1/100 | step 8230 | loss 0.9046 | lr 1.00e-04
09:41:44 INFO     Epoch 1/100 | step 8240 | loss 0.8236 | lr 1.00e-04
09:41:45 INFO     Epoch 1/100 | step 8250 | loss 1.1498 | lr 1.00e-04
09:41:45 INFO     Epoch 1/100 | step 8260 | loss 0.7502 | lr 1.00e-04
09:41:46 INFO     Epoch 1/100 | step 8270 | loss 0.7441 | lr 1.00e-04
09:41:47 INFO     Epoch 1/100 | step 8280 | loss 0.8613 | lr 1.00e-04
09:41:47 INFO     Epoch 1/100 | step 8290 | loss 0.8355 | lr 1.00e-04
09:41:48 INFO     Epoch 1/100 | step 8300 | loss 0.6967 | lr 1.00e-04
09:41:49 INFO     Epoch 1/100 | step 8310 | loss 0.9998 | lr 1.00e-04
09:41:49 INFO     Epoch 1/100 | step 8320 | loss 0.6911 | lr 1.00e-04
09:41:50 INFO     Epoch 1/100 | step 8330 | loss 0.7817 | lr 1.00e-04
09:41:51 INFO     Epoch 1/100 | step 8340 | loss 1.1070 | lr 1.00e-04
09:41:51 INFO     Epoch 1/100 | step 8350 | loss 0.8210 | lr 1.00e-04
09:41:52 INFO     Epoch 1/100 | step 8360 | loss 0.7039 | lr 1.00e-04
09:41:53 INFO     Epoch 1/100 | step 8370 | loss 0.8709 | lr 1.00e-04
09:41:53 INFO     Epoch 1/100 | step 8380 | loss 0.6719 | lr 1.00e-04
09:41:54 INFO     Epoch 1/100 | step 8390 | loss 0.8102 | lr 1.00e-04
09:41:54 INFO     Epoch 1/100 | step 8400 | loss 0.6988 | lr 1.00e-04
09:41:55 INFO     Epoch 1/100 | step 8410 | loss 0.9646 | lr 1.00e-04
09:41:56 INFO     Epoch 1/100 | step 8420 | loss 0.8842 | lr 1.00e-04
09:41:56 INFO     Epoch 1/100 | step 8430 | loss 0.8471 | lr 1.00e-04
09:41:57 INFO     Epoch 1/100 | step 8440 | loss 0.6122 | lr 1.00e-04
09:41:58 INFO     Epoch 1/100 | step 8450 | loss 0.6281 | lr 1.00e-04
09:41:58 INFO     Epoch 1/100 | step 8460 | loss 0.7867 | lr 1.00e-04
09:41:59 INFO     Epoch 1/100 | step 8470 | loss 0.9687 | lr 1.00e-04
09:42:00 INFO     Epoch 1/100 | step 8480 | loss 0.7139 | lr 1.00e-04
09:42:00 INFO     Epoch 1/100 | step 8490 | loss 0.8463 | lr 1.00e-04
09:42:01 INFO     Epoch 1/100 | step 8500 | loss 1.0523 | lr 1.00e-04
09:42:02 INFO     Epoch 1/100 | step 8510 | loss 0.6011 | lr 1.00e-04
09:42:02 INFO     Epoch 1/100 | step 8520 | loss 0.8644 | lr 1.00e-04
09:42:03 INFO     Epoch 1/100 | step 8530 | loss 0.6722 | lr 1.00e-04
09:42:04 INFO     Epoch 1/100 | step 8540 | loss 0.6615 | lr 1.00e-04
09:42:04 INFO     Epoch 1/100 | step 8550 | loss 0.9672 | lr 1.00e-04
09:42:05 INFO     Epoch 1/100 | step 8560 | loss 1.0071 | lr 1.00e-04
09:42:06 INFO     Epoch 1/100 | step 8570 | loss 0.6845 | lr 1.00e-04
09:42:06 INFO     Epoch 1/100 | step 8580 | loss 0.7974 | lr 1.00e-04
09:42:07 INFO     Epoch 1/100 | step 8590 | loss 0.9853 | lr 1.00e-04
09:42:08 INFO     Epoch 1/100 | step 8600 | loss 0.8002 | lr 1.00e-04
09:42:08 INFO     Epoch 1/100 | step 8610 | loss 0.6392 | lr 1.00e-04
09:42:09 INFO     Epoch 1/100 | step 8620 | loss 0.7315 | lr 1.00e-04
09:42:10 INFO     Epoch 1/100 | step 8630 | loss 0.7968 | lr 1.00e-04
09:42:10 INFO     Epoch 1/100 | step 8640 | loss 0.9274 | lr 1.00e-04
09:42:11 INFO     Epoch 1/100 | step 8650 | loss 0.7897 | lr 1.00e-04
09:42:12 INFO     Epoch 1/100 | step 8660 | loss 0.8379 | lr 1.00e-04
09:42:12 INFO     Epoch 1/100 | step 8670 | loss 0.6687 | lr 1.00e-04
09:42:13 INFO     Epoch 1/100 | step 8680 | loss 0.7410 | lr 1.00e-04
09:42:14 INFO     Epoch 1/100 | step 8690 | loss 0.8533 | lr 1.00e-04
09:42:14 INFO     Epoch 1/100 | step 8700 | loss 0.8709 | lr 1.00e-04
09:42:15 INFO     Epoch 1/100 | step 8710 | loss 0.7442 | lr 1.00e-04
09:42:15 INFO     Epoch 1/100 | step 8720 | loss 1.0098 | lr 1.00e-04
09:42:16 INFO     Epoch 1/100 | step 8730 | loss 0.6660 | lr 1.00e-04
09:42:17 INFO     Epoch 1/100 | step 8740 | loss 0.7977 | lr 1.00e-04
09:42:17 INFO     Epoch 1/100 | step 8750 | loss 0.8317 | lr 1.00e-04
09:42:18 INFO     Epoch 1/100 | step 8760 | loss 0.8508 | lr 1.00e-04
09:42:19 INFO     Epoch 1/100 | step 8770 | loss 0.7313 | lr 1.00e-04
09:42:19 INFO     Epoch 1/100 | step 8780 | loss 0.8540 | lr 1.00e-04
09:42:20 INFO     Epoch 1/100 | step 8790 | loss 0.6975 | lr 1.00e-04
09:42:21 INFO     Epoch 1/100 | step 8800 | loss 0.8463 | lr 1.00e-04
09:42:21 INFO     Epoch 1/100 | step 8810 | loss 0.5431 | lr 1.00e-04
09:42:22 INFO     Epoch 1/100 | step 8820 | loss 0.8629 | lr 1.00e-04
09:42:23 INFO     Epoch 1/100 | step 8830 | loss 0.8827 | lr 1.00e-04
09:42:23 INFO     Epoch 1/100 | step 8840 | loss 0.6581 | lr 1.00e-04
09:42:24 INFO     Epoch 1/100 | step 8850 | loss 0.8054 | lr 1.00e-04
09:42:25 INFO     Epoch 1/100 | step 8860 | loss 0.7059 | lr 1.00e-04
09:42:25 INFO     Epoch 1/100 | step 8870 | loss 0.6928 | lr 1.00e-04
09:42:26 INFO     Epoch 1/100 | step 8880 | loss 0.8454 | lr 1.00e-04
09:42:27 INFO     Epoch 1/100 | step 8890 | loss 0.6870 | lr 1.00e-04
09:42:27 INFO     Epoch 1/100 | step 8900 | loss 0.6014 | lr 1.00e-04
09:42:28 INFO     Epoch 1/100 | step 8910 | loss 1.0684 | lr 1.00e-04
09:42:29 INFO     Epoch 1/100 | step 8920 | loss 0.7865 | lr 1.00e-04
09:42:29 INFO     Epoch 1/100 | step 8930 | loss 0.8261 | lr 1.00e-04
09:42:30 INFO     Epoch 1/100 | step 8940 | loss 0.9991 | lr 1.00e-04
09:42:31 INFO     Epoch 1/100 | step 8950 | loss 0.7103 | lr 1.00e-04
09:42:31 INFO     Epoch 1/100 | step 8960 | loss 0.5272 | lr 1.00e-04
09:42:32 INFO     Epoch 1/100 | step 8970 | loss 0.6932 | lr 1.00e-04
09:42:33 INFO     Epoch 1/100 | step 8980 | loss 0.4483 | lr 1.00e-04
09:42:33 INFO     Epoch 1/100 | step 8990 | loss 0.7039 | lr 1.00e-04
09:42:34 INFO     Epoch 1/100 | step 9000 | loss 0.6851 | lr 1.00e-04
09:42:35 INFO     Epoch 1/100 | step 9010 | loss 0.9015 | lr 1.00e-04
09:42:35 INFO     Epoch 1/100 | step 9020 | loss 0.9338 | lr 1.00e-04
09:42:36 INFO     Epoch 1/100 | step 9030 | loss 0.7023 | lr 1.00e-04
09:42:36 INFO     Epoch 1/100 | step 9040 | loss 0.7796 | lr 1.00e-04
09:42:37 INFO     Epoch 1/100 | step 9050 | loss 0.9199 | lr 1.00e-04
09:42:38 INFO     Epoch 1/100 | step 9060 | loss 0.7740 | lr 1.00e-04
09:42:38 INFO     Epoch 1/100 | step 9070 | loss 0.6037 | lr 1.00e-04
09:42:39 INFO     Epoch 1/100 | step 9080 | loss 1.2508 | lr 1.00e-04
09:42:40 INFO     Epoch 1/100 | step 9090 | loss 0.7647 | lr 1.00e-04
09:42:40 INFO     Epoch 1/100 | step 9100 | loss 0.6150 | lr 1.00e-04
09:42:41 INFO     Epoch 1/100 | step 9110 | loss 0.7517 | lr 1.00e-04
09:42:42 INFO     Epoch 1/100 | step 9120 | loss 0.6340 | lr 1.00e-04
09:42:42 INFO     Epoch 1/100 | step 9130 | loss 0.9874 | lr 1.00e-04
09:42:43 INFO     Epoch 1/100 | step 9140 | loss 0.7001 | lr 1.00e-04
09:42:44 INFO     Epoch 1/100 | step 9150 | loss 0.8149 | lr 1.00e-04
09:42:44 INFO     Epoch 1/100 | step 9160 | loss 0.7038 | lr 1.00e-04
09:42:45 INFO     Epoch 1/100 | step 9170 | loss 0.9732 | lr 1.00e-04
09:42:46 INFO     Epoch 1/100 | step 9180 | loss 0.8080 | lr 1.00e-04
09:42:46 INFO     Epoch 1/100 | step 9190 | loss 0.7109 | lr 1.00e-04
09:42:47 INFO     Epoch 1/100 | step 9200 | loss 0.7585 | lr 1.00e-04
09:42:48 INFO     Epoch 1/100 | step 9210 | loss 0.8676 | lr 1.00e-04
09:42:48 INFO     Epoch 1/100 | step 9220 | loss 0.6470 | lr 1.00e-04
09:42:49 INFO     Epoch 1/100 | step 9230 | loss 1.1542 | lr 1.00e-04
09:42:50 INFO     Epoch 1/100 | step 9240 | loss 0.6730 | lr 1.00e-04
09:42:50 INFO     Epoch 1/100 | step 9250 | loss 0.8941 | lr 1.00e-04
09:42:51 INFO     Epoch 1/100 | step 9260 | loss 0.7207 | lr 1.00e-04
09:42:52 INFO     Epoch 1/100 | step 9270 | loss 0.4530 | lr 1.00e-04
09:42:52 INFO     Epoch 1/100 | step 9280 | loss 0.6550 | lr 1.00e-04
09:42:53 INFO     Epoch 1/100 | step 9290 | loss 0.5983 | lr 1.00e-04
09:42:54 INFO     Epoch 1/100 | step 9300 | loss 0.6008 | lr 1.00e-04
09:42:54 INFO     Epoch 1/100 | step 9310 | loss 0.8241 | lr 1.00e-04
09:42:55 INFO     Epoch 1/100 | step 9320 | loss 0.9225 | lr 1.00e-04
09:42:56 INFO     Epoch 1/100 | step 9330 | loss 0.5897 | lr 1.00e-04
09:42:56 INFO     Epoch 1/100 | step 9340 | loss 0.7070 | lr 1.00e-04
09:42:57 INFO     Epoch 1/100 | step 9350 | loss 0.7343 | lr 1.00e-04
09:42:57 INFO     Epoch 1/100 | step 9360 | loss 0.7983 | lr 1.00e-04
09:42:58 INFO     Epoch 1/100 | step 9370 | loss 0.7358 | lr 1.00e-04
09:42:59 INFO     Epoch 1/100 | step 9380 | loss 0.6657 | lr 1.00e-04
09:42:59 INFO     Epoch 1/100 | step 9390 | loss 0.9732 | lr 1.00e-04
09:43:00 INFO     Epoch 1/100 | step 9400 | loss 0.4463 | lr 1.00e-04
09:43:01 INFO     Epoch 1/100 | step 9410 | loss 0.6804 | lr 1.00e-04
09:43:01 INFO     Epoch 1/100 | step 9420 | loss 0.7941 | lr 1.00e-04
09:43:02 INFO     Epoch 1/100 | step 9430 | loss 0.6688 | lr 1.00e-04
09:43:03 INFO     Epoch 1/100 | step 9440 | loss 0.6993 | lr 1.00e-04
09:43:03 INFO     Epoch 1/100 | step 9450 | loss 0.8247 | lr 1.00e-04
09:43:04 INFO     Epoch 1/100 | step 9460 | loss 0.5510 | lr 1.00e-04
09:43:05 INFO     Epoch 1/100 | step 9470 | loss 0.7855 | lr 1.00e-04
09:43:05 INFO     Epoch 1/100 | step 9480 | loss 0.5510 | lr 1.00e-04
09:43:06 INFO     Epoch 1/100 | step 9490 | loss 0.4728 | lr 1.00e-04
09:43:07 INFO     Epoch 1/100 | step 9500 | loss 0.6284 | lr 1.00e-04
09:43:08 INFO     Epoch 1/100 | step 9510 | loss 0.6649 | lr 1.00e-04
09:43:08 INFO     Epoch 1/100 | step 9520 | loss 0.6916 | lr 1.00e-04
09:43:09 INFO     Epoch 1/100 | step 9530 | loss 0.5110 | lr 1.00e-04
09:43:10 INFO     Epoch 1/100 | step 9540 | loss 0.7165 | lr 1.00e-04
09:43:10 INFO     Epoch 1/100 | step 9550 | loss 0.8724 | lr 1.00e-04
09:43:11 INFO     Epoch 1/100 | step 9560 | loss 0.8083 | lr 1.00e-04
09:43:12 INFO     Epoch 1/100 | step 9570 | loss 0.6129 | lr 1.00e-04
09:43:12 INFO     Epoch 1/100 | step 9580 | loss 0.7336 | lr 1.00e-04
09:43:13 INFO     Epoch 1/100 | step 9590 | loss 0.8809 | lr 1.00e-04
09:43:14 INFO     Epoch 1/100 | step 9600 | loss 0.8008 | lr 1.00e-04
09:43:14 INFO     Epoch 1/100 | step 9610 | loss 0.5490 | lr 1.00e-04
09:43:15 INFO     Epoch 1/100 | step 9620 | loss 0.6380 | lr 1.00e-04
09:43:15 INFO     Epoch 1/100 | step 9630 | loss 0.4632 | lr 1.00e-04
09:43:16 INFO     Epoch 1/100 | step 9640 | loss 1.1651 | lr 1.00e-04
09:43:17 INFO     Epoch 1/100 | step 9650 | loss 0.4966 | lr 1.00e-04
09:43:17 INFO     Epoch 1/100 | step 9660 | loss 0.5602 | lr 1.00e-04
09:43:18 INFO     Epoch 1/100 | step 9670 | loss 0.7702 | lr 1.00e-04
09:43:19 INFO     Epoch 1/100 | step 9680 | loss 0.6492 | lr 1.00e-04
09:43:19 INFO     Epoch 1/100 | step 9690 | loss 0.7749 | lr 1.00e-04
09:43:20 INFO     Epoch 1/100 | step 9700 | loss 0.5600 | lr 1.00e-04
09:43:21 INFO     Epoch 1/100 | step 9710 | loss 0.5464 | lr 1.00e-04
09:43:21 INFO     Epoch 1/100 | step 9720 | loss 0.4997 | lr 1.00e-04
09:43:22 INFO     Epoch 1/100 | step 9730 | loss 0.5431 | lr 1.00e-04
09:43:23 INFO     Epoch 1/100 | step 9740 | loss 0.5131 | lr 1.00e-04
09:43:23 INFO     Epoch 1/100 | step 9750 | loss 0.5686 | lr 1.00e-04
09:43:24 INFO     Epoch 1/100 | step 9760 | loss 0.8029 | lr 1.00e-04
09:43:25 INFO     Epoch 1/100 | step 9770 | loss 0.6331 | lr 1.00e-04
09:43:25 INFO     Epoch 1/100 | step 9780 | loss 0.7611 | lr 1.00e-04
09:43:26 INFO     Epoch 1/100 | step 9790 | loss 0.7845 | lr 1.00e-04
09:43:27 INFO     Epoch 1/100 | step 9800 | loss 0.6630 | lr 1.00e-04
09:43:27 INFO     Epoch 1/100 | step 9810 | loss 0.5832 | lr 1.00e-04
09:43:28 INFO     Epoch 1/100 | step 9820 | loss 0.7514 | lr 1.00e-04
09:43:29 INFO     Epoch 1/100 | step 9830 | loss 0.5768 | lr 1.00e-04
09:43:29 INFO     Epoch 1/100 | step 9840 | loss 0.7921 | lr 1.00e-04
09:43:30 INFO     Epoch 1/100 | step 9850 | loss 0.7111 | lr 1.00e-04
09:43:31 INFO     Epoch 1/100 | step 9860 | loss 0.5639 | lr 1.00e-04
09:43:31 INFO     Epoch 1/100 | step 9870 | loss 0.7278 | lr 1.00e-04
09:43:32 INFO     Epoch 1/100 | step 9880 | loss 0.5504 | lr 1.00e-04
09:43:33 INFO     Epoch 1/100 | step 9890 | loss 0.6425 | lr 1.00e-04
09:43:33 INFO     Epoch 1/100 | step 9900 | loss 0.8632 | lr 1.00e-04
09:43:34 INFO     Epoch 1/100 | step 9910 | loss 0.6979 | lr 1.00e-04
09:43:35 INFO     Epoch 1/100 | step 9920 | loss 0.5888 | lr 1.00e-04
09:43:35 INFO     Epoch 1/100 | step 9930 | loss 0.6818 | lr 1.00e-04
09:43:36 INFO     Epoch 1/100 | step 9940 | loss 0.6409 | lr 1.00e-04
09:43:37 INFO     Epoch 1/100 | step 9950 | loss 0.5653 | lr 1.00e-04
09:43:37 INFO     Epoch 1/100 | step 9960 | loss 0.6487 | lr 1.00e-04
09:43:38 INFO     Epoch 1/100 | step 9970 | loss 0.5588 | lr 1.00e-04
09:43:38 INFO     Epoch 1/100 | step 9980 | loss 0.7643 | lr 1.00e-04
09:43:39 INFO     Epoch 1/100 | step 9990 | loss 0.7354 | lr 1.00e-04
09:43:40 INFO     Epoch 1/100 | step 10000 | loss 0.5013 | lr 1.00e-04
09:43:40 INFO     Epoch 1/100 | step 10010 | loss 0.9708 | lr 1.00e-04
09:43:41 INFO     Epoch 1/100 | step 10020 | loss 0.7524 | lr 1.00e-04
09:43:42 INFO     Epoch 1/100 | step 10030 | loss 0.6920 | lr 1.00e-04
09:43:42 INFO     Epoch 1/100 | step 10040 | loss 0.6046 | lr 1.00e-04
09:43:43 INFO     Epoch 1/100 | step 10050 | loss 0.6529 | lr 1.00e-04
09:43:44 INFO     Epoch 1/100 | step 10060 | loss 1.2919 | lr 1.00e-04
09:43:44 INFO     Epoch 1/100 | step 10070 | loss 0.5880 | lr 1.00e-04
09:43:45 INFO     Epoch 1/100 | step 10080 | loss 0.6313 | lr 1.00e-04
09:43:46 INFO     Epoch 1/100 | step 10090 | loss 0.6160 | lr 1.00e-04
09:43:46 INFO     Epoch 1/100 | step 10100 | loss 0.7843 | lr 1.00e-04
09:43:47 INFO     Epoch 1/100 | step 10110 | loss 0.8220 | lr 1.00e-04
09:43:48 INFO     Epoch 1/100 | step 10120 | loss 0.6035 | lr 1.00e-04
09:43:48 INFO     Epoch 1/100 | step 10130 | loss 1.1628 | lr 1.00e-04
09:43:49 INFO     Epoch 1/100 | step 10140 | loss 0.8521 | lr 1.00e-04
09:43:50 INFO     Epoch 1/100 | step 10150 | loss 0.4320 | lr 1.00e-04
09:43:50 INFO     Epoch 1/100 | step 10160 | loss 0.5976 | lr 1.00e-04
09:43:51 INFO     Epoch 1/100 | step 10170 | loss 0.4938 | lr 1.00e-04
09:44:28 INFO     Epoch 1/100 | avg train loss 1.7423
09:45:00 INFO     Epoch 1/100 | avg val loss 0.5859 | top-1 0.8403 | top-5 0.9593 | content top-1 0.8339 | content top-5 0.9522
09:45:00 INFO     Epoch 1/100 | new best loss 0.5859 — checkpoint saved
09:45:00 INFO     Epoch 2/100 | step   10 | loss 0.6527 | lr 1.00e-04
09:45:01 INFO     Epoch 2/100 | step   20 | loss 0.5973 | lr 1.00e-04
09:45:02 INFO     Epoch 2/100 | step   30 | loss 0.7445 | lr 1.00e-04
09:45:02 INFO     Epoch 2/100 | step   40 | loss 0.5889 | lr 1.00e-04
09:45:03 INFO     Epoch 2/100 | step   50 | loss 0.5952 | lr 1.00e-04
09:45:04 INFO     Epoch 2/100 | step   60 | loss 0.6676 | lr 1.00e-04
09:45:04 INFO     Epoch 2/100 | step   70 | loss 0.5650 | lr 1.00e-04
09:45:05 INFO     Epoch 2/100 | step   80 | loss 0.5259 | lr 1.00e-04
09:45:06 INFO     Epoch 2/100 | step   90 | loss 0.5677 | lr 1.00e-04
09:45:06 INFO     Epoch 2/100 | step  100 | loss 0.7084 | lr 1.00e-04
09:45:07 INFO     Epoch 2/100 | step  110 | loss 0.5729 | lr 1.00e-04
09:45:08 INFO     Epoch 2/100 | step  120 | loss 0.5433 | lr 1.00e-04
09:45:08 INFO     Epoch 2/100 | step  130 | loss 0.8325 | lr 1.00e-04
09:45:09 INFO     Epoch 2/100 | step  140 | loss 0.5979 | lr 1.00e-04
09:45:10 INFO     Epoch 2/100 | step  150 | loss 0.6345 | lr 1.00e-04
09:45:10 INFO     Epoch 2/100 | step  160 | loss 0.7233 | lr 1.00e-04
09:45:11 INFO     Epoch 2/100 | step  170 | loss 0.5377 | lr 1.00e-04
09:45:12 INFO     Epoch 2/100 | step  180 | loss 0.4384 | lr 1.00e-04
09:45:12 INFO     Epoch 2/100 | step  190 | loss 0.5267 | lr 1.00e-04
09:45:13 INFO     Epoch 2/100 | step  200 | loss 0.6154 | lr 1.00e-04
09:45:14 INFO     Epoch 2/100 | step  210 | loss 0.8017 | lr 1.00e-04
09:45:14 INFO     Epoch 2/100 | step  220 | loss 0.7446 | lr 1.00e-04
09:45:15 INFO     Epoch 2/100 | step  230 | loss 0.6929 | lr 1.00e-04
09:45:15 INFO     Epoch 2/100 | step  240 | loss 0.7088 | lr 1.00e-04
09:45:16 INFO     Epoch 2/100 | step  250 | loss 0.5432 | lr 1.00e-04
09:45:17 INFO     Epoch 2/100 | step  260 | loss 0.5871 | lr 1.00e-04
09:45:17 INFO     Epoch 2/100 | step  270 | loss 0.6621 | lr 1.00e-04
09:45:18 INFO     Epoch 2/100 | step  280 | loss 0.6467 | lr 1.00e-04
09:45:19 INFO     Epoch 2/100 | step  290 | loss 0.6180 | lr 1.00e-04
09:45:19 INFO     Epoch 2/100 | step  300 | loss 0.6764 | lr 1.00e-04
09:45:20 INFO     Epoch 2/100 | step  310 | loss 0.5535 | lr 1.00e-04
09:45:21 INFO     Epoch 2/100 | step  320 | loss 0.5582 | lr 1.00e-04
09:45:21 INFO     Epoch 2/100 | step  330 | loss 0.7078 | lr 1.00e-04
09:45:22 INFO     Epoch 2/100 | step  340 | loss 0.5773 | lr 1.00e-04
09:45:23 INFO     Epoch 2/100 | step  350 | loss 0.5192 | lr 1.00e-04
09:45:23 INFO     Epoch 2/100 | step  360 | loss 0.4500 | lr 1.00e-04
09:45:24 INFO     Epoch 2/100 | step  370 | loss 0.5011 | lr 1.00e-04
09:45:25 INFO     Epoch 2/100 | step  380 | loss 0.7365 | lr 1.00e-04
09:45:25 INFO     Epoch 2/100 | step  390 | loss 0.9697 | lr 1.00e-04
09:45:26 INFO     Epoch 2/100 | step  400 | loss 0.6958 | lr 1.00e-04
09:45:27 INFO     Epoch 2/100 | step  410 | loss 0.7485 | lr 1.00e-04
09:45:27 INFO     Epoch 2/100 | step  420 | loss 0.8454 | lr 1.00e-04
09:45:28 INFO     Epoch 2/100 | step  430 | loss 0.6250 | lr 1.00e-04
09:45:29 INFO     Epoch 2/100 | step  440 | loss 0.7128 | lr 1.00e-04
09:45:29 INFO     Epoch 2/100 | step  450 | loss 0.4948 | lr 1.00e-04
09:45:30 INFO     Epoch 2/100 | step  460 | loss 0.5657 | lr 1.00e-04
09:45:31 INFO     Epoch 2/100 | step  470 | loss 0.5634 | lr 1.00e-04
09:45:31 INFO     Epoch 2/100 | step  480 | loss 0.6782 | lr 1.00e-04
09:45:32 INFO     Epoch 2/100 | step  490 | loss 0.9275 | lr 1.00e-04
09:45:33 INFO     Epoch 2/100 | step  500 | loss 0.7065 | lr 1.00e-04
09:45:33 INFO     Epoch 2/100 | step  510 | loss 0.5899 | lr 1.00e-04
09:45:34 INFO     Epoch 2/100 | step  520 | loss 0.5610 | lr 1.00e-04
09:45:35 INFO     Epoch 2/100 | step  530 | loss 1.0854 | lr 1.00e-04
09:45:35 INFO     Epoch 2/100 | step  540 | loss 0.6702 | lr 1.00e-04
09:45:36 INFO     Epoch 2/100 | step  550 | loss 0.4627 | lr 1.00e-04
09:45:36 INFO     Epoch 2/100 | step  560 | loss 0.5802 | lr 1.00e-04
09:45:37 INFO     Epoch 2/100 | step  570 | loss 0.6130 | lr 1.00e-04
09:45:38 INFO     Epoch 2/100 | step  580 | loss 0.4814 | lr 1.00e-04
09:45:38 INFO     Epoch 2/100 | step  590 | loss 0.5181 | lr 1.00e-04
09:45:39 INFO     Epoch 2/100 | step  600 | loss 0.5300 | lr 1.00e-04
09:45:40 INFO     Epoch 2/100 | step  610 | loss 0.5543 | lr 1.00e-04
09:45:40 INFO     Epoch 2/100 | step  620 | loss 0.6728 | lr 1.00e-04
09:45:41 INFO     Epoch 2/100 | step  630 | loss 0.4482 | lr 1.00e-04
09:45:42 INFO     Epoch 2/100 | step  640 | loss 0.5438 | lr 1.00e-04
09:45:42 INFO     Epoch 2/100 | step  650 | loss 0.6416 | lr 1.00e-04
09:45:43 INFO     Epoch 2/100 | step  660 | loss 0.6260 | lr 1.00e-04
09:45:44 INFO     Epoch 2/100 | step  670 | loss 0.5531 | lr 1.00e-04
09:45:44 INFO     Epoch 2/100 | step  680 | loss 0.5776 | lr 1.00e-04
09:45:45 INFO     Epoch 2/100 | step  690 | loss 0.6798 | lr 1.00e-04
09:45:46 INFO     Epoch 2/100 | step  700 | loss 0.6483 | lr 1.00e-04
09:45:46 INFO     Epoch 2/100 | step  710 | loss 0.7980 | lr 1.00e-04
09:45:47 INFO     Epoch 2/100 | step  720 | loss 0.7280 | lr 1.00e-04
09:45:48 INFO     Epoch 2/100 | step  730 | loss 1.0794 | lr 1.00e-04
09:45:48 INFO     Epoch 2/100 | step  740 | loss 0.6876 | lr 1.00e-04
09:45:49 INFO     Epoch 2/100 | step  750 | loss 0.5470 | lr 1.00e-04
09:45:50 INFO     Epoch 2/100 | step  760 | loss 0.8461 | lr 1.00e-04
09:45:50 INFO     Epoch 2/100 | step  770 | loss 0.4333 | lr 1.00e-04
09:45:51 INFO     Epoch 2/100 | step  780 | loss 0.7435 | lr 1.00e-04
09:45:52 INFO     Epoch 2/100 | step  790 | loss 0.6147 | lr 1.00e-04
09:45:52 INFO     Epoch 2/100 | step  800 | loss 0.5410 | lr 1.00e-04
09:45:53 INFO     Epoch 2/100 | step  810 | loss 0.6501 | lr 1.00e-04
09:45:54 INFO     Epoch 2/100 | step  820 | loss 0.4167 | lr 1.00e-04
09:45:54 INFO     Epoch 2/100 | step  830 | loss 0.6244 | lr 1.00e-04
09:45:55 INFO     Epoch 2/100 | step  840 | loss 0.4798 | lr 1.00e-04
09:45:56 INFO     Epoch 2/100 | step  850 | loss 0.5430 | lr 1.00e-04
09:45:56 INFO     Epoch 2/100 | step  860 | loss 0.6463 | lr 1.00e-04
09:45:57 INFO     Epoch 2/100 | step  870 | loss 0.6705 | lr 1.00e-04
09:45:58 INFO     Epoch 2/100 | step  880 | loss 0.5387 | lr 1.00e-04
09:45:58 INFO     Epoch 2/100 | step  890 | loss 0.5959 | lr 1.00e-04
09:45:59 INFO     Epoch 2/100 | step  900 | loss 0.5937 | lr 1.00e-04
09:46:00 INFO     Epoch 2/100 | step  910 | loss 0.5932 | lr 1.00e-04
09:46:00 INFO     Epoch 2/100 | step  920 | loss 0.6423 | lr 1.00e-04
09:46:01 INFO     Epoch 2/100 | step  930 | loss 0.6265 | lr 1.00e-04
09:46:02 INFO     Epoch 2/100 | step  940 | loss 0.5510 | lr 1.00e-04
09:46:02 INFO     Epoch 2/100 | step  950 | loss 0.6721 | lr 1.00e-04
09:46:03 INFO     Epoch 2/100 | step  960 | loss 0.6011 | lr 1.00e-04
09:46:04 INFO     Epoch 2/100 | step  970 | loss 0.6288 | lr 1.00e-04
09:46:04 INFO     Epoch 2/100 | step  980 | loss 0.5996 | lr 1.00e-04
09:46:05 INFO     Epoch 2/100 | step  990 | loss 0.6015 | lr 1.00e-04
09:46:06 INFO     Epoch 2/100 | step 1000 | loss 0.7113 | lr 1.00e-04
09:46:06 INFO     Epoch 2/100 | step 1010 | loss 0.8267 | lr 1.00e-04
09:46:07 INFO     Epoch 2/100 | step 1020 | loss 0.7024 | lr 1.00e-04
09:46:08 INFO     Epoch 2/100 | step 1030 | loss 0.5840 | lr 1.00e-04
09:46:08 INFO     Epoch 2/100 | step 1040 | loss 0.4542 | lr 1.00e-04
09:46:09 INFO     Epoch 2/100 | step 1050 | loss 0.6718 | lr 1.00e-04
09:46:10 INFO     Epoch 2/100 | step 1060 | loss 0.6141 | lr 1.00e-04
09:46:10 INFO     Epoch 2/100 | step 1070 | loss 0.5817 | lr 1.00e-04
09:46:11 INFO     Epoch 2/100 | step 1080 | loss 0.7670 | lr 1.00e-04
09:46:12 INFO     Epoch 2/100 | step 1090 | loss 0.7625 | lr 1.00e-04
09:46:12 INFO     Epoch 2/100 | step 1100 | loss 0.7952 | lr 1.00e-04
09:46:13 INFO     Epoch 2/100 | step 1110 | loss 0.6824 | lr 1.00e-04
09:46:14 INFO     Epoch 2/100 | step 1120 | loss 0.7053 | lr 1.00e-04
09:46:14 INFO     Epoch 2/100 | step 1130 | loss 0.8384 | lr 1.00e-04
09:46:15 INFO     Epoch 2/100 | step 1140 | loss 0.5522 | lr 1.00e-04
09:46:16 INFO     Epoch 2/100 | step 1150 | loss 0.5246 | lr 1.00e-04
09:46:16 INFO     Epoch 2/100 | step 1160 | loss 0.5143 | lr 1.00e-04
09:46:17 INFO     Epoch 2/100 | step 1170 | loss 0.4794 | lr 1.00e-04
09:46:18 INFO     Epoch 2/100 | step 1180 | loss 0.6846 | lr 1.00e-04
09:46:18 INFO     Epoch 2/100 | step 1190 | loss 0.7772 | lr 1.00e-04
09:46:19 INFO     Epoch 2/100 | step 1200 | loss 0.6850 | lr 1.00e-04
09:46:19 INFO     Epoch 2/100 | step 1210 | loss 0.5626 | lr 1.00e-04
09:46:20 INFO     Epoch 2/100 | step 1220 | loss 0.8007 | lr 1.00e-04
09:46:21 INFO     Epoch 2/100 | step 1230 | loss 0.6269 | lr 1.00e-04
09:46:21 INFO     Epoch 2/100 | step 1240 | loss 0.3972 | lr 1.00e-04
09:46:22 INFO     Epoch 2/100 | step 1250 | loss 0.6971 | lr 1.00e-04
09:46:23 INFO     Epoch 2/100 | step 1260 | loss 0.6911 | lr 1.00e-04
09:46:23 INFO     Epoch 2/100 | step 1270 | loss 0.8541 | lr 1.00e-04
09:46:24 INFO     Epoch 2/100 | step 1280 | loss 0.5196 | lr 1.00e-04
09:46:25 INFO     Epoch 2/100 | step 1290 | loss 0.5029 | lr 1.00e-04
09:46:25 INFO     Epoch 2/100 | step 1300 | loss 0.6131 | lr 1.00e-04
09:46:26 INFO     Epoch 2/100 | step 1310 | loss 0.5837 | lr 1.00e-04
09:46:27 INFO     Epoch 2/100 | step 1320 | loss 0.7443 | lr 1.00e-04
09:46:27 INFO     Epoch 2/100 | step 1330 | loss 0.8280 | lr 1.00e-04
09:46:28 INFO     Epoch 2/100 | step 1340 | loss 0.7043 | lr 1.00e-04
09:46:29 INFO     Epoch 2/100 | step 1350 | loss 0.3941 | lr 1.00e-04
09:46:29 INFO     Epoch 2/100 | step 1360 | loss 0.8924 | lr 1.00e-04
09:46:30 INFO     Epoch 2/100 | step 1370 | loss 0.6173 | lr 1.00e-04
09:46:31 INFO     Epoch 2/100 | step 1380 | loss 0.6199 | lr 1.00e-04
09:46:31 INFO     Epoch 2/100 | step 1390 | loss 0.6254 | lr 1.00e-04
09:46:32 INFO     Epoch 2/100 | step 1400 | loss 0.5835 | lr 1.00e-04
09:46:33 INFO     Epoch 2/100 | step 1410 | loss 0.6913 | lr 1.00e-04
09:46:33 INFO     Epoch 2/100 | step 1420 | loss 0.6538 | lr 1.00e-04
09:46:34 INFO     Epoch 2/100 | step 1430 | loss 0.5462 | lr 1.00e-04
09:46:35 INFO     Epoch 2/100 | step 1440 | loss 0.7311 | lr 1.00e-04
09:46:35 INFO     Epoch 2/100 | step 1450 | loss 0.6365 | lr 1.00e-04
09:46:36 INFO     Epoch 2/100 | step 1460 | loss 0.7174 | lr 1.00e-04
09:46:37 INFO     Epoch 2/100 | step 1470 | loss 0.5813 | lr 1.00e-04
09:46:37 INFO     Epoch 2/100 | step 1480 | loss 0.8853 | lr 1.00e-04
09:46:38 INFO     Epoch 2/100 | step 1490 | loss 0.4100 | lr 1.00e-04
09:46:39 INFO     Epoch 2/100 | step 1500 | loss 0.7390 | lr 1.00e-04
09:46:39 INFO     Epoch 2/100 | step 1510 | loss 0.7229 | lr 1.00e-04
09:46:40 INFO     Epoch 2/100 | step 1520 | loss 0.6281 | lr 1.00e-04
09:46:41 INFO     Epoch 2/100 | step 1530 | loss 0.6260 | lr 1.00e-04
09:46:41 INFO     Epoch 2/100 | step 1540 | loss 0.7148 | lr 1.00e-04
09:46:42 INFO     Epoch 2/100 | step 1550 | loss 0.6516 | lr 1.00e-04
09:46:42 INFO     Epoch 2/100 | step 1560 | loss 0.4826 | lr 1.00e-04
09:46:43 INFO     Epoch 2/100 | step 1570 | loss 0.5812 | lr 1.00e-04
09:46:44 INFO     Epoch 2/100 | step 1580 | loss 0.6624 | lr 1.00e-04
09:46:44 INFO     Epoch 2/100 | step 1590 | loss 0.5393 | lr 1.00e-04
09:46:45 INFO     Epoch 2/100 | step 1600 | loss 0.5278 | lr 1.00e-04
09:46:46 INFO     Epoch 2/100 | step 1610 | loss 0.5839 | lr 1.00e-04
09:46:46 INFO     Epoch 2/100 | step 1620 | loss 0.5183 | lr 1.00e-04
09:46:47 INFO     Epoch 2/100 | step 1630 | loss 0.5828 | lr 1.00e-04
09:46:48 INFO     Epoch 2/100 | step 1640 | loss 0.5018 | lr 1.00e-04
09:46:48 INFO     Epoch 2/100 | step 1650 | loss 0.6194 | lr 1.00e-04
09:46:49 INFO     Epoch 2/100 | step 1660 | loss 0.4116 | lr 1.00e-04
09:46:50 INFO     Epoch 2/100 | step 1670 | loss 0.4851 | lr 1.00e-04
09:46:50 INFO     Epoch 2/100 | step 1680 | loss 0.5253 | lr 1.00e-04
09:46:51 INFO     Epoch 2/100 | step 1690 | loss 0.6239 | lr 1.00e-04
09:46:52 INFO     Epoch 2/100 | step 1700 | loss 0.5306 | lr 1.00e-04
09:46:52 INFO     Epoch 2/100 | step 1710 | loss 0.6482 | lr 1.00e-04
09:46:53 INFO     Epoch 2/100 | step 1720 | loss 0.5082 | lr 1.00e-04
09:46:54 INFO     Epoch 2/100 | step 1730 | loss 0.7253 | lr 1.00e-04
09:46:54 INFO     Epoch 2/100 | step 1740 | loss 0.5935 | lr 1.00e-04
09:46:55 INFO     Epoch 2/100 | step 1750 | loss 0.7898 | lr 1.00e-04
09:46:56 INFO     Epoch 2/100 | step 1760 | loss 0.4865 | lr 1.00e-04
09:46:56 INFO     Epoch 2/100 | step 1770 | loss 0.5661 | lr 1.00e-04
09:46:57 INFO     Epoch 2/100 | step 1780 | loss 0.6509 | lr 1.00e-04
09:46:58 INFO     Epoch 2/100 | step 1790 | loss 0.6958 | lr 1.00e-04
09:46:58 INFO     Epoch 2/100 | step 1800 | loss 0.5541 | lr 1.00e-04
09:46:59 INFO     Epoch 2/100 | step 1810 | loss 0.6288 | lr 1.00e-04
09:47:00 INFO     Epoch 2/100 | step 1820 | loss 0.8321 | lr 1.00e-04
09:47:00 INFO     Epoch 2/100 | step 1830 | loss 0.5618 | lr 1.00e-04
09:47:01 INFO     Epoch 2/100 | step 1840 | loss 0.5596 | lr 1.00e-04
09:47:02 INFO     Epoch 2/100 | step 1850 | loss 0.6774 | lr 1.00e-04
09:47:02 INFO     Epoch 2/100 | step 1860 | loss 0.5359 | lr 1.00e-04
09:47:03 INFO     Epoch 2/100 | step 1870 | loss 0.6349 | lr 1.00e-04
09:47:04 INFO     Epoch 2/100 | step 1880 | loss 0.6362 | lr 1.00e-04
09:47:04 INFO     Epoch 2/100 | step 1890 | loss 0.8068 | lr 1.00e-04
09:47:05 INFO     Epoch 2/100 | step 1900 | loss 0.6173 | lr 1.00e-04
09:47:06 INFO     Epoch 2/100 | step 1910 | loss 0.4699 | lr 1.00e-04
09:47:06 INFO     Epoch 2/100 | step 1920 | loss 0.3697 | lr 1.00e-04
09:47:07 INFO     Epoch 2/100 | step 1930 | loss 0.6728 | lr 1.00e-04
09:47:07 INFO     Epoch 2/100 | step 1940 | loss 0.5939 | lr 1.00e-04
09:47:08 INFO     Epoch 2/100 | step 1950 | loss 0.6728 | lr 1.00e-04
09:47:09 INFO     Epoch 2/100 | step 1960 | loss 0.3654 | lr 1.00e-04
09:47:09 INFO     Epoch 2/100 | step 1970 | loss 0.5983 | lr 1.00e-04
09:47:10 INFO     Epoch 2/100 | step 1980 | loss 0.7800 | lr 1.00e-04
09:47:11 INFO     Epoch 2/100 | step 1990 | loss 0.5758 | lr 1.00e-04
09:47:11 INFO     Epoch 2/100 | step 2000 | loss 0.7385 | lr 1.00e-04
09:47:12 INFO     Epoch 2/100 | step 2010 | loss 0.8070 | lr 1.00e-04
09:47:13 INFO     Epoch 2/100 | step 2020 | loss 0.3860 | lr 1.00e-04
09:47:13 INFO     Epoch 2/100 | step 2030 | loss 0.6444 | lr 1.00e-04
09:47:14 INFO     Epoch 2/100 | step 2040 | loss 0.7181 | lr 1.00e-04
09:47:15 INFO     Epoch 2/100 | step 2050 | loss 0.5902 | lr 1.00e-04
09:47:15 INFO     Epoch 2/100 | step 2060 | loss 0.6772 | lr 1.00e-04
09:47:16 INFO     Epoch 2/100 | step 2070 | loss 0.6443 | lr 1.00e-04
09:47:17 INFO     Epoch 2/100 | step 2080 | loss 0.5089 | lr 1.00e-04
09:47:17 INFO     Epoch 2/100 | step 2090 | loss 0.5737 | lr 1.00e-04
09:47:18 INFO     Epoch 2/100 | step 2100 | loss 0.4196 | lr 1.00e-04
09:47:19 INFO     Epoch 2/100 | step 2110 | loss 0.5527 | lr 1.00e-04
09:47:19 INFO     Epoch 2/100 | step 2120 | loss 0.4755 | lr 1.00e-04
09:47:20 INFO     Epoch 2/100 | step 2130 | loss 0.5408 | lr 1.00e-04
09:47:21 INFO     Epoch 2/100 | step 2140 | loss 0.6166 | lr 1.00e-04
09:47:21 INFO     Epoch 2/100 | step 2150 | loss 0.5107 | lr 1.00e-04
09:47:22 INFO     Epoch 2/100 | step 2160 | loss 0.4825 | lr 1.00e-04
09:47:23 INFO     Epoch 2/100 | step 2170 | loss 0.7985 | lr 1.00e-04
09:47:23 INFO     Epoch 2/100 | step 2180 | loss 0.5029 | lr 1.00e-04
09:47:24 INFO     Epoch 2/100 | step 2190 | loss 0.7572 | lr 1.00e-04
09:47:25 INFO     Epoch 2/100 | step 2200 | loss 0.6191 | lr 1.00e-04
09:47:25 INFO     Epoch 2/100 | step 2210 | loss 0.7375 | lr 1.00e-04
09:47:26 INFO     Epoch 2/100 | step 2220 | loss 0.6027 | lr 1.00e-04
09:47:27 INFO     Epoch 2/100 | step 2230 | loss 0.5044 | lr 1.00e-04
09:47:27 INFO     Epoch 2/100 | step 2240 | loss 0.5239 | lr 1.00e-04
09:47:28 INFO     Epoch 2/100 | step 2250 | loss 0.6751 | lr 1.00e-04
09:47:29 INFO     Epoch 2/100 | step 2260 | loss 0.4792 | lr 1.00e-04
09:47:29 INFO     Epoch 2/100 | step 2270 | loss 0.5709 | lr 1.00e-04
09:47:30 INFO     Epoch 2/100 | step 2280 | loss 0.5480 | lr 1.00e-04
09:47:30 INFO     Epoch 2/100 | step 2290 | loss 0.7521 | lr 1.00e-04
09:47:31 INFO     Epoch 2/100 | step 2300 | loss 0.4970 | lr 1.00e-04
09:47:32 INFO     Epoch 2/100 | step 2310 | loss 0.4899 | lr 1.00e-04
09:47:32 INFO     Epoch 2/100 | step 2320 | loss 0.6007 | lr 1.00e-04
09:47:33 INFO     Epoch 2/100 | step 2330 | loss 0.4548 | lr 1.00e-04
09:47:34 INFO     Epoch 2/100 | step 2340 | loss 0.5236 | lr 1.00e-04
09:47:34 INFO     Epoch 2/100 | step 2350 | loss 0.6112 | lr 1.00e-04
09:47:35 INFO     Epoch 2/100 | step 2360 | loss 0.6159 | lr 1.00e-04
09:47:36 INFO     Epoch 2/100 | step 2370 | loss 0.5103 | lr 1.00e-04
09:47:36 INFO     Epoch 2/100 | step 2380 | loss 0.5575 | lr 1.00e-04
09:47:37 INFO     Epoch 2/100 | step 2390 | loss 0.6027 | lr 1.00e-04
09:47:38 INFO     Epoch 2/100 | step 2400 | loss 0.5530 | lr 1.00e-04
09:47:38 INFO     Epoch 2/100 | step 2410 | loss 0.4991 | lr 1.00e-04
09:47:39 INFO     Epoch 2/100 | step 2420 | loss 0.4975 | lr 1.00e-04
09:47:40 INFO     Epoch 2/100 | step 2430 | loss 0.5158 | lr 1.00e-04
09:47:40 INFO     Epoch 2/100 | step 2440 | loss 0.8699 | lr 1.00e-04
09:47:41 INFO     Epoch 2/100 | step 2450 | loss 0.7040 | lr 1.00e-04
09:47:42 INFO     Epoch 2/100 | step 2460 | loss 0.6577 | lr 1.00e-04
09:47:42 INFO     Epoch 2/100 | step 2470 | loss 0.5246 | lr 1.00e-04
09:47:43 INFO     Epoch 2/100 | step 2480 | loss 0.6760 | lr 1.00e-04
09:47:44 INFO     Epoch 2/100 | step 2490 | loss 0.6699 | lr 1.00e-04
09:47:44 INFO     Epoch 2/100 | step 2500 | loss 0.5759 | lr 1.00e-04
09:47:45 INFO     Epoch 2/100 | step 2510 | loss 0.6688 | lr 1.00e-04
09:47:46 INFO     Epoch 2/100 | step 2520 | loss 0.3444 | lr 1.00e-04
09:47:46 INFO     Epoch 2/100 | step 2530 | loss 0.6264 | lr 1.00e-04
09:47:47 INFO     Epoch 2/100 | step 2540 | loss 0.7151 | lr 1.00e-04
09:47:48 INFO     Epoch 2/100 | step 2550 | loss 0.5082 | lr 1.00e-04
09:47:48 INFO     Epoch 2/100 | step 2560 | loss 0.5696 | lr 1.00e-04
09:47:49 INFO     Epoch 2/100 | step 2570 | loss 0.8193 | lr 1.00e-04
09:47:50 INFO     Epoch 2/100 | step 2580 | loss 0.5634 | lr 1.00e-04
09:47:50 INFO     Epoch 2/100 | step 2590 | loss 0.8105 | lr 1.00e-04
09:47:51 INFO     Epoch 2/100 | step 2600 | loss 0.5650 | lr 1.00e-04
09:47:51 INFO     Epoch 2/100 | step 2610 | loss 0.6645 | lr 1.00e-04
09:47:52 INFO     Epoch 2/100 | step 2620 | loss 0.5141 | lr 1.00e-04
09:47:53 INFO     Epoch 2/100 | step 2630 | loss 0.6559 | lr 1.00e-04
09:47:53 INFO     Epoch 2/100 | step 2640 | loss 0.4068 | lr 1.00e-04
09:47:54 INFO     Epoch 2/100 | step 2650 | loss 0.4308 | lr 1.00e-04
09:47:55 INFO     Epoch 2/100 | step 2660 | loss 0.5586 | lr 1.00e-04
09:47:55 INFO     Epoch 2/100 | step 2670 | loss 0.6432 | lr 1.00e-04
09:47:56 INFO     Epoch 2/100 | step 2680 | loss 0.4555 | lr 1.00e-04
09:47:57 INFO     Epoch 2/100 | step 2690 | loss 0.6256 | lr 1.00e-04
09:47:57 INFO     Epoch 2/100 | step 2700 | loss 0.6364 | lr 1.00e-04
09:47:58 INFO     Epoch 2/100 | step 2710 | loss 0.5363 | lr 1.00e-04
09:47:59 INFO     Epoch 2/100 | step 2720 | loss 0.4800 | lr 1.00e-04
09:47:59 INFO     Epoch 2/100 | step 2730 | loss 0.6511 | lr 1.00e-04
09:48:00 INFO     Epoch 2/100 | step 2740 | loss 0.5175 | lr 1.00e-04
09:48:01 INFO     Epoch 2/100 | step 2750 | loss 0.5935 | lr 1.00e-04
09:48:01 INFO     Epoch 2/100 | step 2760 | loss 0.6104 | lr 1.00e-04
09:48:02 INFO     Epoch 2/100 | step 2770 | loss 0.5825 | lr 1.00e-04
09:48:03 INFO     Epoch 2/100 | step 2780 | loss 0.6820 | lr 1.00e-04
09:48:03 INFO     Epoch 2/100 | step 2790 | loss 0.3537 | lr 1.00e-04
09:48:04 INFO     Epoch 2/100 | step 2800 | loss 0.6937 | lr 1.00e-04
09:48:05 INFO     Epoch 2/100 | step 2810 | loss 0.5475 | lr 1.00e-04
09:48:05 INFO     Epoch 2/100 | step 2820 | loss 0.4508 | lr 1.00e-04
09:48:06 INFO     Epoch 2/100 | step 2830 | loss 0.4145 | lr 1.00e-04
09:48:07 INFO     Epoch 2/100 | step 2840 | loss 0.6068 | lr 1.00e-04
09:48:07 INFO     Epoch 2/100 | step 2850 | loss 0.4201 | lr 1.00e-04
09:48:08 INFO     Epoch 2/100 | step 2860 | loss 0.5426 | lr 1.00e-04
09:48:09 INFO     Epoch 2/100 | step 2870 | loss 0.6371 | lr 1.00e-04
09:48:09 INFO     Epoch 2/100 | step 2880 | loss 0.4157 | lr 1.00e-04
09:48:10 INFO     Epoch 2/100 | step 2890 | loss 0.8425 | lr 1.00e-04
09:48:11 INFO     Epoch 2/100 | step 2900 | loss 0.5591 | lr 1.00e-04
09:48:11 INFO     Epoch 2/100 | step 2910 | loss 0.5842 | lr 1.00e-04
09:48:12 INFO     Epoch 2/100 | step 2920 | loss 0.5423 | lr 1.00e-04
09:48:13 INFO     Epoch 2/100 | step 2930 | loss 0.5152 | lr 1.00e-04
09:48:13 INFO     Epoch 2/100 | step 2940 | loss 0.7324 | lr 1.00e-04
09:48:14 INFO     Epoch 2/100 | step 2950 | loss 0.7196 | lr 1.00e-04
09:48:14 INFO     Epoch 2/100 | step 2960 | loss 0.5517 | lr 1.00e-04
09:48:15 INFO     Epoch 2/100 | step 2970 | loss 0.6277 | lr 1.00e-04
09:48:16 INFO     Epoch 2/100 | step 2980 | loss 0.4107 | lr 1.00e-04
09:48:16 INFO     Epoch 2/100 | step 2990 | loss 0.6348 | lr 1.00e-04
09:48:17 INFO     Epoch 2/100 | step 3000 | loss 0.5209 | lr 1.00e-04
09:48:18 INFO     Epoch 2/100 | step 3010 | loss 0.6751 | lr 1.00e-04
09:48:18 INFO     Epoch 2/100 | step 3020 | loss 0.5836 | lr 1.00e-04
09:48:19 INFO     Epoch 2/100 | step 3030 | loss 0.6155 | lr 1.00e-04
09:48:20 INFO     Epoch 2/100 | step 3040 | loss 0.6954 | lr 1.00e-04
09:48:20 INFO     Epoch 2/100 | step 3050 | loss 0.4604 | lr 1.00e-04
09:48:21 INFO     Epoch 2/100 | step 3060 | loss 0.4722 | lr 1.00e-04
09:48:22 INFO     Epoch 2/100 | step 3070 | loss 0.6993 | lr 1.00e-04
09:48:22 INFO     Epoch 2/100 | step 3080 | loss 0.5496 | lr 1.00e-04
09:48:23 INFO     Epoch 2/100 | step 3090 | loss 0.6272 | lr 1.00e-04
09:48:24 INFO     Epoch 2/100 | step 3100 | loss 0.3413 | lr 1.00e-04
09:48:24 INFO     Epoch 2/100 | step 3110 | loss 0.5202 | lr 1.00e-04
09:48:25 INFO     Epoch 2/100 | step 3120 | loss 0.7686 | lr 1.00e-04
09:48:26 INFO     Epoch 2/100 | step 3130 | loss 0.5010 | lr 1.00e-04
09:48:26 INFO     Epoch 2/100 | step 3140 | loss 0.5829 | lr 1.00e-04
09:48:27 INFO     Epoch 2/100 | step 3150 | loss 0.4802 | lr 1.00e-04
09:48:28 INFO     Epoch 2/100 | step 3160 | loss 0.6473 | lr 1.00e-04
09:48:28 INFO     Epoch 2/100 | step 3170 | loss 0.4859 | lr 1.00e-04
09:48:29 INFO     Epoch 2/100 | step 3180 | loss 0.4748 | lr 1.00e-04
09:48:30 INFO     Epoch 2/100 | step 3190 | loss 0.4927 | lr 1.00e-04
09:48:30 INFO     Epoch 2/100 | step 3200 | loss 0.4530 | lr 1.00e-04
09:48:31 INFO     Epoch 2/100 | step 3210 | loss 0.4912 | lr 1.00e-04
09:48:32 INFO     Epoch 2/100 | step 3220 | loss 0.4445 | lr 1.00e-04
09:48:32 INFO     Epoch 2/100 | step 3230 | loss 0.5001 | lr 1.00e-04
09:48:33 INFO     Epoch 2/100 | step 3240 | loss 0.7156 | lr 1.00e-04
09:48:34 INFO     Epoch 2/100 | step 3250 | loss 0.4681 | lr 1.00e-04
09:48:34 INFO     Epoch 2/100 | step 3260 | loss 0.4888 | lr 1.00e-04
09:48:35 INFO     Epoch 2/100 | step 3270 | loss 0.5891 | lr 1.00e-04
09:48:36 INFO     Epoch 2/100 | step 3280 | loss 0.7887 | lr 1.00e-04
09:48:36 INFO     Epoch 2/100 | step 3290 | loss 0.5837 | lr 1.00e-04
09:48:37 INFO     Epoch 2/100 | step 3300 | loss 0.5208 | lr 1.00e-04
09:48:37 INFO     Epoch 2/100 | step 3310 | loss 0.5736 | lr 1.00e-04
09:48:38 INFO     Epoch 2/100 | step 3320 | loss 0.5651 | lr 1.00e-04
09:48:39 INFO     Epoch 2/100 | step 3330 | loss 0.8900 | lr 1.00e-04
09:48:39 INFO     Epoch 2/100 | step 3340 | loss 0.4230 | lr 1.00e-04
09:48:40 INFO     Epoch 2/100 | step 3350 | loss 0.4525 | lr 1.00e-04
09:48:41 INFO     Epoch 2/100 | step 3360 | loss 0.4253 | lr 1.00e-04
09:48:41 INFO     Epoch 2/100 | step 3370 | loss 0.4563 | lr 1.00e-04
09:48:42 INFO     Epoch 2/100 | step 3380 | loss 0.4827 | lr 1.00e-04
09:48:43 INFO     Epoch 2/100 | step 3390 | loss 0.4352 | lr 1.00e-04
09:48:43 INFO     Epoch 2/100 | step 3400 | loss 0.4839 | lr 1.00e-04
09:48:44 INFO     Epoch 2/100 | step 3410 | loss 0.4204 | lr 1.00e-04
09:48:45 INFO     Epoch 2/100 | step 3420 | loss 0.5281 | lr 1.00e-04
09:48:45 INFO     Epoch 2/100 | step 3430 | loss 0.4907 | lr 1.00e-04
09:48:46 INFO     Epoch 2/100 | step 3440 | loss 0.6569 | lr 1.00e-04
09:48:47 INFO     Epoch 2/100 | step 3450 | loss 0.5217 | lr 1.00e-04
09:48:47 INFO     Epoch 2/100 | step 3460 | loss 0.5691 | lr 1.00e-04
09:48:48 INFO     Epoch 2/100 | step 3470 | loss 0.6610 | lr 1.00e-04
09:48:49 INFO     Epoch 2/100 | step 3480 | loss 0.4409 | lr 1.00e-04
09:48:49 INFO     Epoch 2/100 | step 3490 | loss 0.7127 | lr 1.00e-04
09:48:50 INFO     Epoch 2/100 | step 3500 | loss 0.5300 | lr 1.00e-04
09:48:51 INFO     Epoch 2/100 | step 3510 | loss 0.6367 | lr 1.00e-04
09:48:51 INFO     Epoch 2/100 | step 3520 | loss 0.5598 | lr 1.00e-04
09:48:52 INFO     Epoch 2/100 | step 3530 | loss 0.5185 | lr 1.00e-04
09:48:53 INFO     Epoch 2/100 | step 3540 | loss 0.6152 | lr 1.00e-04
09:48:53 INFO     Epoch 2/100 | step 3550 | loss 0.5484 | lr 1.00e-04
09:48:54 INFO     Epoch 2/100 | step 3560 | loss 0.5819 | lr 1.00e-04
09:48:55 INFO     Epoch 2/100 | step 3570 | loss 0.3812 | lr 1.00e-04
09:48:55 INFO     Epoch 2/100 | step 3580 | loss 0.3860 | lr 1.00e-04
09:48:56 INFO     Epoch 2/100 | step 3590 | loss 0.6430 | lr 1.00e-04
09:48:57 INFO     Epoch 2/100 | step 3600 | loss 0.6806 | lr 1.00e-04
09:48:57 INFO     Epoch 2/100 | step 3610 | loss 0.5152 | lr 1.00e-04
09:48:58 INFO     Epoch 2/100 | step 3620 | loss 0.4585 | lr 1.00e-04
09:48:59 INFO     Epoch 2/100 | step 3630 | loss 0.4472 | lr 1.00e-04
09:48:59 INFO     Epoch 2/100 | step 3640 | loss 0.5746 | lr 1.00e-04
09:49:00 INFO     Epoch 2/100 | step 3650 | loss 0.4824 | lr 1.00e-04
09:49:00 INFO     Epoch 2/100 | step 3660 | loss 0.5327 | lr 1.00e-04
09:49:01 INFO     Epoch 2/100 | step 3670 | loss 0.4620 | lr 1.00e-04
09:49:02 INFO     Epoch 2/100 | step 3680 | loss 0.5401 | lr 1.00e-04
09:49:02 INFO     Epoch 2/100 | step 3690 | loss 0.3994 | lr 1.00e-04
09:49:03 INFO     Epoch 2/100 | step 3700 | loss 0.4832 | lr 1.00e-04
09:49:04 INFO     Epoch 2/100 | step 3710 | loss 0.3897 | lr 1.00e-04
09:49:04 INFO     Epoch 2/100 | step 3720 | loss 0.7047 | lr 1.00e-04
09:49:05 INFO     Epoch 2/100 | step 3730 | loss 0.5309 | lr 1.00e-04
09:49:06 INFO     Epoch 2/100 | step 3740 | loss 0.4139 | lr 1.00e-04
09:49:06 INFO     Epoch 2/100 | step 3750 | loss 0.3578 | lr 1.00e-04
09:49:07 INFO     Epoch 2/100 | step 3760 | loss 0.4728 | lr 1.00e-04
09:49:08 INFO     Epoch 2/100 | step 3770 | loss 0.4498 | lr 1.00e-04
09:49:08 INFO     Epoch 2/100 | step 3780 | loss 0.6358 | lr 1.00e-04
09:49:09 INFO     Epoch 2/100 | step 3790 | loss 0.3620 | lr 1.00e-04
09:49:10 INFO     Epoch 2/100 | step 3800 | loss 1.0062 | lr 1.00e-04
09:49:10 INFO     Epoch 2/100 | step 3810 | loss 0.4776 | lr 1.00e-04
09:49:11 INFO     Epoch 2/100 | step 3820 | loss 0.3723 | lr 1.00e-04
09:49:12 INFO     Epoch 2/100 | step 3830 | loss 0.5218 | lr 1.00e-04
09:49:12 INFO     Epoch 2/100 | step 3840 | loss 0.4916 | lr 1.00e-04
09:49:13 INFO     Epoch 2/100 | step 3850 | loss 0.4980 | lr 1.00e-04
09:49:14 INFO     Epoch 2/100 | step 3860 | loss 0.5692 | lr 1.00e-04
09:49:14 INFO     Epoch 2/100 | step 3870 | loss 0.4743 | lr 1.00e-04
09:49:15 INFO     Epoch 2/100 | step 3880 | loss 0.5002 | lr 1.00e-04
09:49:16 INFO     Epoch 2/100 | step 3890 | loss 0.4549 | lr 1.00e-04
09:49:16 INFO     Epoch 2/100 | step 3900 | loss 0.4794 | lr 1.00e-04
09:49:17 INFO     Epoch 2/100 | step 3910 | loss 0.5730 | lr 1.00e-04
09:49:18 INFO     Epoch 2/100 | step 3920 | loss 0.6903 | lr 1.00e-04
09:49:18 INFO     Epoch 2/100 | step 3930 | loss 0.6294 | lr 1.00e-04
09:49:19 INFO     Epoch 2/100 | step 3940 | loss 0.8149 | lr 1.00e-04
09:49:20 INFO     Epoch 2/100 | step 3950 | loss 0.6271 | lr 1.00e-04
09:49:20 INFO     Epoch 2/100 | step 3960 | loss 0.5389 | lr 1.00e-04
09:49:21 INFO     Epoch 2/100 | step 3970 | loss 0.5984 | lr 1.00e-04
09:49:22 INFO     Epoch 2/100 | step 3980 | loss 0.3460 | lr 1.00e-04
09:49:22 INFO     Epoch 2/100 | step 3990 | loss 0.6358 | lr 1.00e-04
09:49:23 INFO     Epoch 2/100 | step 4000 | loss 0.4747 | lr 1.00e-04
09:49:23 INFO     Epoch 2/100 | step 4010 | loss 0.5259 | lr 1.00e-04
09:49:24 INFO     Epoch 2/100 | step 4020 | loss 0.5900 | lr 1.00e-04
09:49:25 INFO     Epoch 2/100 | step 4030 | loss 0.4129 | lr 1.00e-04
09:49:25 INFO     Epoch 2/100 | step 4040 | loss 0.3616 | lr 1.00e-04
09:49:26 INFO     Epoch 2/100 | step 4050 | loss 0.9136 | lr 1.00e-04
09:49:27 INFO     Epoch 2/100 | step 4060 | loss 0.6515 | lr 1.00e-04
09:49:27 INFO     Epoch 2/100 | step 4070 | loss 0.5014 | lr 1.00e-04
09:49:28 INFO     Epoch 2/100 | step 4080 | loss 0.5033 | lr 1.00e-04
09:49:29 INFO     Epoch 2/100 | step 4090 | loss 0.4630 | lr 1.00e-04
09:49:29 INFO     Epoch 2/100 | step 4100 | loss 0.5099 | lr 1.00e-04
09:49:30 INFO     Epoch 2/100 | step 4110 | loss 0.5155 | lr 1.00e-04
09:49:31 INFO     Epoch 2/100 | step 4120 | loss 0.6157 | lr 1.00e-04
09:49:31 INFO     Epoch 2/100 | step 4130 | loss 0.4587 | lr 1.00e-04
09:49:32 INFO     Epoch 2/100 | step 4140 | loss 0.6463 | lr 1.00e-04
09:49:33 INFO     Epoch 2/100 | step 4150 | loss 0.5354 | lr 1.00e-04
09:49:33 INFO     Epoch 2/100 | step 4160 | loss 0.4616 | lr 1.00e-04
09:49:34 INFO     Epoch 2/100 | step 4170 | loss 0.7194 | lr 1.00e-04
09:49:35 INFO     Epoch 2/100 | step 4180 | loss 0.5543 | lr 1.00e-04
09:49:35 INFO     Epoch 2/100 | step 4190 | loss 0.3945 | lr 1.00e-04
09:49:36 INFO     Epoch 2/100 | step 4200 | loss 0.7357 | lr 1.00e-04
09:49:37 INFO     Epoch 2/100 | step 4210 | loss 0.3719 | lr 1.00e-04
09:49:37 INFO     Epoch 2/100 | step 4220 | loss 0.8307 | lr 1.00e-04
09:49:38 INFO     Epoch 2/100 | step 4230 | loss 0.5171 | lr 1.00e-04
09:49:39 INFO     Epoch 2/100 | step 4240 | loss 0.4398 | lr 1.00e-04
09:49:39 INFO     Epoch 2/100 | step 4250 | loss 0.4718 | lr 1.00e-04
09:49:40 INFO     Epoch 2/100 | step 4260 | loss 0.6872 | lr 1.00e-04
09:49:41 INFO     Epoch 2/100 | step 4270 | loss 0.7346 | lr 1.00e-04
09:49:41 INFO     Epoch 2/100 | step 4280 | loss 0.7390 | lr 1.00e-04
09:49:42 INFO     Epoch 2/100 | step 4290 | loss 0.4472 | lr 1.00e-04
09:49:43 INFO     Epoch 2/100 | step 4300 | loss 0.5527 | lr 1.00e-04
09:49:43 INFO     Epoch 2/100 | step 4310 | loss 0.5980 | lr 1.00e-04
09:49:44 INFO     Epoch 2/100 | step 4320 | loss 0.4379 | lr 1.00e-04
09:49:45 INFO     Epoch 2/100 | step 4330 | loss 0.5123 | lr 1.00e-04
09:49:45 INFO     Epoch 2/100 | step 4340 | loss 0.3755 | lr 1.00e-04
09:49:46 INFO     Epoch 2/100 | step 4350 | loss 0.6204 | lr 1.00e-04
09:49:46 INFO     Epoch 2/100 | step 4360 | loss 0.4835 | lr 1.00e-04
09:49:47 INFO     Epoch 2/100 | step 4370 | loss 0.4992 | lr 1.00e-04
09:49:48 INFO     Epoch 2/100 | step 4380 | loss 0.5439 | lr 1.00e-04
09:49:48 INFO     Epoch 2/100 | step 4390 | loss 0.4710 | lr 1.00e-04
09:49:49 INFO     Epoch 2/100 | step 4400 | loss 0.3886 | lr 1.00e-04
09:49:50 INFO     Epoch 2/100 | step 4410 | loss 0.4939 | lr 1.00e-04
09:49:50 INFO     Epoch 2/100 | step 4420 | loss 0.5772 | lr 1.00e-04
09:49:51 INFO     Epoch 2/100 | step 4430 | loss 0.3952 | lr 1.00e-04
09:49:52 INFO     Epoch 2/100 | step 4440 | loss 0.8244 | lr 1.00e-04
09:49:52 INFO     Epoch 2/100 | step 4450 | loss 0.6260 | lr 1.00e-04
09:49:53 INFO     Epoch 2/100 | step 4460 | loss 0.6734 | lr 1.00e-04
09:49:54 INFO     Epoch 2/100 | step 4470 | loss 0.7368 | lr 1.00e-04
09:49:54 INFO     Epoch 2/100 | step 4480 | loss 0.5357 | lr 1.00e-04
09:49:55 INFO     Epoch 2/100 | step 4490 | loss 0.4930 | lr 1.00e-04
09:49:56 INFO     Epoch 2/100 | step 4500 | loss 0.4208 | lr 1.00e-04
09:49:56 INFO     Epoch 2/100 | step 4510 | loss 0.3303 | lr 1.00e-04
09:49:57 INFO     Epoch 2/100 | step 4520 | loss 0.8525 | lr 1.00e-04
09:49:58 INFO     Epoch 2/100 | step 4530 | loss 0.4567 | lr 1.00e-04
09:49:58 INFO     Epoch 2/100 | step 4540 | loss 0.4395 | lr 1.00e-04
09:49:59 INFO     Epoch 2/100 | step 4550 | loss 0.4087 | lr 1.00e-04
09:50:00 INFO     Epoch 2/100 | step 4560 | loss 0.4316 | lr 1.00e-04
09:50:00 INFO     Epoch 2/100 | step 4570 | loss 0.5870 | lr 1.00e-04
09:50:01 INFO     Epoch 2/100 | step 4580 | loss 0.4890 | lr 1.00e-04
09:50:02 INFO     Epoch 2/100 | step 4590 | loss 0.4279 | lr 1.00e-04
09:50:02 INFO     Epoch 2/100 | step 4600 | loss 0.4273 | lr 1.00e-04
09:50:03 INFO     Epoch 2/100 | step 4610 | loss 0.5141 | lr 1.00e-04
09:50:04 INFO     Epoch 2/100 | step 4620 | loss 0.4350 | lr 1.00e-04
09:50:04 INFO     Epoch 2/100 | step 4630 | loss 0.4224 | lr 1.00e-04
09:50:05 INFO     Epoch 2/100 | step 4640 | loss 0.5338 | lr 1.00e-04
09:50:06 INFO     Epoch 2/100 | step 4650 | loss 0.3965 | lr 1.00e-04
09:50:06 INFO     Epoch 2/100 | step 4660 | loss 0.5665 | lr 1.00e-04
09:50:07 INFO     Epoch 2/100 | step 4670 | loss 0.3521 | lr 1.00e-04
09:50:08 INFO     Epoch 2/100 | step 4680 | loss 0.5734 | lr 1.00e-04
09:50:08 INFO     Epoch 2/100 | step 4690 | loss 0.5562 | lr 1.00e-04
09:50:09 INFO     Epoch 2/100 | step 4700 | loss 0.4318 | lr 1.00e-04
09:50:09 INFO     Epoch 2/100 | step 4710 | loss 0.5870 | lr 1.00e-04
09:50:10 INFO     Epoch 2/100 | step 4720 | loss 0.5840 | lr 1.00e-04
09:50:11 INFO     Epoch 2/100 | step 4730 | loss 0.3689 | lr 1.00e-04
09:50:11 INFO     Epoch 2/100 | step 4740 | loss 0.4698 | lr 1.00e-04
09:50:12 INFO     Epoch 2/100 | step 4750 | loss 0.3043 | lr 1.00e-04
09:50:13 INFO     Epoch 2/100 | step 4760 | loss 0.5905 | lr 1.00e-04
09:50:13 INFO     Epoch 2/100 | step 4770 | loss 0.4194 | lr 1.00e-04
09:50:14 INFO     Epoch 2/100 | step 4780 | loss 0.5899 | lr 1.00e-04
09:50:15 INFO     Epoch 2/100 | step 4790 | loss 0.4862 | lr 1.00e-04
09:50:15 INFO     Epoch 2/100 | step 4800 | loss 0.5141 | lr 1.00e-04
09:50:16 INFO     Epoch 2/100 | step 4810 | loss 0.5608 | lr 1.00e-04
09:50:17 INFO     Epoch 2/100 | step 4820 | loss 0.6693 | lr 1.00e-04
09:50:17 INFO     Epoch 2/100 | step 4830 | loss 0.7238 | lr 1.00e-04
09:50:18 INFO     Epoch 2/100 | step 4840 | loss 0.4955 | lr 1.00e-04
09:50:19 INFO     Epoch 2/100 | step 4850 | loss 0.4638 | lr 1.00e-04
09:50:19 INFO     Epoch 2/100 | step 4860 | loss 0.6150 | lr 1.00e-04
09:50:20 INFO     Epoch 2/100 | step 4870 | loss 0.4691 | lr 1.00e-04
09:50:21 INFO     Epoch 2/100 | step 4880 | loss 0.6329 | lr 1.00e-04
09:50:21 INFO     Epoch 2/100 | step 4890 | loss 0.5105 | lr 1.00e-04
09:50:22 INFO     Epoch 2/100 | step 4900 | loss 0.5310 | lr 1.00e-04
09:50:23 INFO     Epoch 2/100 | step 4910 | loss 0.4720 | lr 1.00e-04
09:50:23 INFO     Epoch 2/100 | step 4920 | loss 0.4586 | lr 1.00e-04
09:50:24 INFO     Epoch 2/100 | step 4930 | loss 0.4144 | lr 1.00e-04
09:50:25 INFO     Epoch 2/100 | step 4940 | loss 0.5949 | lr 1.00e-04
09:50:25 INFO     Epoch 2/100 | step 4950 | loss 0.5076 | lr 1.00e-04
09:50:26 INFO     Epoch 2/100 | step 4960 | loss 0.3766 | lr 1.00e-04
09:50:27 INFO     Epoch 2/100 | step 4970 | loss 0.3839 | lr 1.00e-04
09:50:27 INFO     Epoch 2/100 | step 4980 | loss 0.4249 | lr 1.00e-04
09:50:28 INFO     Epoch 2/100 | step 4990 | loss 0.4780 | lr 1.00e-04
09:50:29 INFO     Epoch 2/100 | step 5000 | loss 0.4397 | lr 1.00e-04
09:50:29 INFO     Epoch 2/100 | step 5010 | loss 0.7284 | lr 1.00e-04
09:50:30 INFO     Epoch 2/100 | step 5020 | loss 0.3603 | lr 1.00e-04
09:50:30 INFO     Epoch 2/100 | step 5030 | loss 0.4314 | lr 1.00e-04
09:50:31 INFO     Epoch 2/100 | step 5040 | loss 0.3899 | lr 1.00e-04
09:50:32 INFO     Epoch 2/100 | step 5050 | loss 0.5832 | lr 1.00e-04
09:50:32 INFO     Epoch 2/100 | step 5060 | loss 0.4267 | lr 1.00e-04
09:50:33 INFO     Epoch 2/100 | step 5070 | loss 0.4344 | lr 1.00e-04
09:50:34 INFO     Epoch 2/100 | step 5080 | loss 0.4547 | lr 1.00e-04
09:50:34 INFO     Epoch 2/100 | step 5090 | loss 0.5225 | lr 1.00e-04
09:50:35 INFO     Epoch 2/100 | step 5100 | loss 0.5196 | lr 1.00e-04
09:50:36 INFO     Epoch 2/100 | step 5110 | loss 0.5299 | lr 1.00e-04
09:50:36 INFO     Epoch 2/100 | step 5120 | loss 0.5781 | lr 1.00e-04
09:50:37 INFO     Epoch 2/100 | step 5130 | loss 0.7390 | lr 1.00e-04
09:50:38 INFO     Epoch 2/100 | step 5140 | loss 0.6586 | lr 1.00e-04
09:50:38 INFO     Epoch 2/100 | step 5150 | loss 0.5803 | lr 1.00e-04
09:50:39 INFO     Epoch 2/100 | step 5160 | loss 0.4189 | lr 1.00e-04
09:50:40 INFO     Epoch 2/100 | step 5170 | loss 0.3892 | lr 1.00e-04
09:50:40 INFO     Epoch 2/100 | step 5180 | loss 0.3731 | lr 1.00e-04
09:50:41 INFO     Epoch 2/100 | step 5190 | loss 0.6550 | lr 1.00e-04
09:50:42 INFO     Epoch 2/100 | step 5200 | loss 0.3740 | lr 1.00e-04
09:50:42 INFO     Epoch 2/100 | step 5210 | loss 0.5854 | lr 1.00e-04
09:50:43 INFO     Epoch 2/100 | step 5220 | loss 0.3279 | lr 1.00e-04
09:50:44 INFO     Epoch 2/100 | step 5230 | loss 0.4467 | lr 1.00e-04
09:50:44 INFO     Epoch 2/100 | step 5240 | loss 0.7184 | lr 1.00e-04
09:50:45 INFO     Epoch 2/100 | step 5250 | loss 0.6822 | lr 1.00e-04
09:50:46 INFO     Epoch 2/100 | step 5260 | loss 0.4811 | lr 1.00e-04
09:50:46 INFO     Epoch 2/100 | step 5270 | loss 0.3025 | lr 1.00e-04
09:50:47 INFO     Epoch 2/100 | step 5280 | loss 0.4046 | lr 1.00e-04
09:50:48 INFO     Epoch 2/100 | step 5290 | loss 0.5726 | lr 1.00e-04
09:50:48 INFO     Epoch 2/100 | step 5300 | loss 0.3935 | lr 1.00e-04
09:50:49 INFO     Epoch 2/100 | step 5310 | loss 0.8771 | lr 1.00e-04
09:50:50 INFO     Epoch 2/100 | step 5320 | loss 0.4749 | lr 1.00e-04
09:50:50 INFO     Epoch 2/100 | step 5330 | loss 0.3974 | lr 1.00e-04
09:50:51 INFO     Epoch 2/100 | step 5340 | loss 0.4627 | lr 1.00e-04
09:50:52 INFO     Epoch 2/100 | step 5350 | loss 0.5756 | lr 1.00e-04
09:50:52 INFO     Epoch 2/100 | step 5360 | loss 0.5274 | lr 1.00e-04
09:50:53 INFO     Epoch 2/100 | step 5370 | loss 0.5427 | lr 1.00e-04
09:50:53 INFO     Epoch 2/100 | step 5380 | loss 0.3675 | lr 1.00e-04
09:50:54 INFO     Epoch 2/100 | step 5390 | loss 0.8614 | lr 1.00e-04
09:50:55 INFO     Epoch 2/100 | step 5400 | loss 0.5493 | lr 1.00e-04
09:50:55 INFO     Epoch 2/100 | step 5410 | loss 0.7208 | lr 1.00e-04
09:50:56 INFO     Epoch 2/100 | step 5420 | loss 0.5467 | lr 1.00e-04
09:50:57 INFO     Epoch 2/100 | step 5430 | loss 0.3982 | lr 1.00e-04
09:50:57 INFO     Epoch 2/100 | step 5440 | loss 0.3557 | lr 1.00e-04
09:50:58 INFO     Epoch 2/100 | step 5450 | loss 0.4767 | lr 1.00e-04
09:50:59 INFO     Epoch 2/100 | step 5460 | loss 0.3628 | lr 1.00e-04
09:50:59 INFO     Epoch 2/100 | step 5470 | loss 0.4725 | lr 1.00e-04
09:51:00 INFO     Epoch 2/100 | step 5480 | loss 0.6959 | lr 1.00e-04
09:51:01 INFO     Epoch 2/100 | step 5490 | loss 0.4703 | lr 1.00e-04
09:51:01 INFO     Epoch 2/100 | step 5500 | loss 0.4995 | lr 1.00e-04
09:51:02 INFO     Epoch 2/100 | step 5510 | loss 0.4585 | lr 1.00e-04
09:51:03 INFO     Epoch 2/100 | step 5520 | loss 0.6133 | lr 1.00e-04
09:51:03 INFO     Epoch 2/100 | step 5530 | loss 0.3910 | lr 1.00e-04
09:51:04 INFO     Epoch 2/100 | step 5540 | loss 0.3951 | lr 1.00e-04
09:51:05 INFO     Epoch 2/100 | step 5550 | loss 0.6263 | lr 1.00e-04
09:51:05 INFO     Epoch 2/100 | step 5560 | loss 0.3995 | lr 1.00e-04
09:51:06 INFO     Epoch 2/100 | step 5570 | loss 0.4227 | lr 1.00e-04
09:51:07 INFO     Epoch 2/100 | step 5580 | loss 0.4509 | lr 1.00e-04
09:51:07 INFO     Epoch 2/100 | step 5590 | loss 0.4740 | lr 1.00e-04
09:51:08 INFO     Epoch 2/100 | step 5600 | loss 0.4409 | lr 1.00e-04
09:51:09 INFO     Epoch 2/100 | step 5610 | loss 0.3956 | lr 1.00e-04
09:51:09 INFO     Epoch 2/100 | step 5620 | loss 0.6373 | lr 1.00e-04
09:51:10 INFO     Epoch 2/100 | step 5630 | loss 0.5986 | lr 1.00e-04
09:51:11 INFO     Epoch 2/100 | step 5640 | loss 0.4426 | lr 1.00e-04
09:51:11 INFO     Epoch 2/100 | step 5650 | loss 0.4915 | lr 1.00e-04
09:51:12 INFO     Epoch 2/100 | step 5660 | loss 0.4534 | lr 1.00e-04
09:51:13 INFO     Epoch 2/100 | step 5670 | loss 0.5294 | lr 1.00e-04
09:51:13 INFO     Epoch 2/100 | step 5680 | loss 0.4103 | lr 1.00e-04
09:51:14 INFO     Epoch 2/100 | step 5690 | loss 0.3827 | lr 1.00e-04
09:51:15 INFO     Epoch 2/100 | step 5700 | loss 0.5287 | lr 1.00e-04
09:51:15 INFO     Epoch 2/100 | step 5710 | loss 0.3622 | lr 1.00e-04
09:51:16 INFO     Epoch 2/100 | step 5720 | loss 0.4186 | lr 1.00e-04
09:51:17 INFO     Epoch 2/100 | step 5730 | loss 0.4532 | lr 1.00e-04
09:51:17 INFO     Epoch 2/100 | step 5740 | loss 0.6105 | lr 1.00e-04
09:51:18 INFO     Epoch 2/100 | step 5750 | loss 0.3426 | lr 1.00e-04
09:51:18 INFO     Epoch 2/100 | step 5760 | loss 0.6525 | lr 1.00e-04
09:51:19 INFO     Epoch 2/100 | step 5770 | loss 0.5016 | lr 1.00e-04
09:51:20 INFO     Epoch 2/100 | step 5780 | loss 0.3633 | lr 1.00e-04
09:51:20 INFO     Epoch 2/100 | step 5790 | loss 0.3865 | lr 1.00e-04
09:51:21 INFO     Epoch 2/100 | step 5800 | loss 0.3323 | lr 1.00e-04
09:51:22 INFO     Epoch 2/100 | step 5810 | loss 0.3462 | lr 1.00e-04
09:51:22 INFO     Epoch 2/100 | step 5820 | loss 0.6271 | lr 1.00e-04
09:51:23 INFO     Epoch 2/100 | step 5830 | loss 0.4002 | lr 1.00e-04
09:51:24 INFO     Epoch 2/100 | step 5840 | loss 0.5581 | lr 1.00e-04
09:51:24 INFO     Epoch 2/100 | step 5850 | loss 0.4384 | lr 1.00e-04
09:51:25 INFO     Epoch 2/100 | step 5860 | loss 0.5126 | lr 1.00e-04
09:51:26 INFO     Epoch 2/100 | step 5870 | loss 0.4192 | lr 1.00e-04
09:51:26 INFO     Epoch 2/100 | step 5880 | loss 0.5362 | lr 1.00e-04
09:51:27 INFO     Epoch 2/100 | step 5890 | loss 0.3757 | lr 1.00e-04
09:51:28 INFO     Epoch 2/100 | step 5900 | loss 0.3490 | lr 1.00e-04
09:51:28 INFO     Epoch 2/100 | step 5910 | loss 0.4701 | lr 1.00e-04
09:51:29 INFO     Epoch 2/100 | step 5920 | loss 0.3523 | lr 1.00e-04
09:51:30 INFO     Epoch 2/100 | step 5930 | loss 0.4399 | lr 1.00e-04
09:51:30 INFO     Epoch 2/100 | step 5940 | loss 0.4049 | lr 1.00e-04
09:51:31 INFO     Epoch 2/100 | step 5950 | loss 0.4849 | lr 1.00e-04
09:51:32 INFO     Epoch 2/100 | step 5960 | loss 0.3208 | lr 1.00e-04
09:51:32 INFO     Epoch 2/100 | step 5970 | loss 0.5211 | lr 1.00e-04
09:51:33 INFO     Epoch 2/100 | step 5980 | loss 0.3490 | lr 1.00e-04
09:51:34 INFO     Epoch 2/100 | step 5990 | loss 0.4532 | lr 1.00e-04
09:51:34 INFO     Epoch 2/100 | step 6000 | loss 0.4954 | lr 1.00e-04
09:51:35 INFO     Epoch 2/100 | step 6010 | loss 0.7149 | lr 1.00e-04
09:51:36 INFO     Epoch 2/100 | step 6020 | loss 0.5057 | lr 1.00e-04
09:51:36 INFO     Epoch 2/100 | step 6030 | loss 0.4404 | lr 1.00e-04
09:51:37 INFO     Epoch 2/100 | step 6040 | loss 0.3128 | lr 1.00e-04
09:51:38 INFO     Epoch 2/100 | step 6050 | loss 0.4708 | lr 1.00e-04
09:51:38 INFO     Epoch 2/100 | step 6060 | loss 0.5070 | lr 1.00e-04
09:51:39 INFO     Epoch 2/100 | step 6070 | loss 0.4994 | lr 1.00e-04
09:51:40 INFO     Epoch 2/100 | step 6080 | loss 0.4267 | lr 1.00e-04
09:51:40 INFO     Epoch 2/100 | step 6090 | loss 0.4829 | lr 1.00e-04
09:51:41 INFO     Epoch 2/100 | step 6100 | loss 0.5451 | lr 1.00e-04
09:51:41 INFO     Epoch 2/100 | step 6110 | loss 0.5117 | lr 1.00e-04
09:51:42 INFO     Epoch 2/100 | step 6120 | loss 0.5819 | lr 1.00e-04
09:51:43 INFO     Epoch 2/100 | step 6130 | loss 0.5108 | lr 1.00e-04
09:51:43 INFO     Epoch 2/100 | step 6140 | loss 0.4025 | lr 1.00e-04
09:51:44 INFO     Epoch 2/100 | step 6150 | loss 0.5811 | lr 1.00e-04
09:51:45 INFO     Epoch 2/100 | step 6160 | loss 0.3958 | lr 1.00e-04
09:51:45 INFO     Epoch 2/100 | step 6170 | loss 0.4599 | lr 1.00e-04
09:51:46 INFO     Epoch 2/100 | step 6180 | loss 0.5650 | lr 1.00e-04
09:51:47 INFO     Epoch 2/100 | step 6190 | loss 0.4942 | lr 1.00e-04
09:51:47 INFO     Epoch 2/100 | step 6200 | loss 0.4614 | lr 1.00e-04
09:51:48 INFO     Epoch 2/100 | step 6210 | loss 0.5848 | lr 1.00e-04
09:51:49 INFO     Epoch 2/100 | step 6220 | loss 0.5867 | lr 1.00e-04
09:51:49 INFO     Epoch 2/100 | step 6230 | loss 0.6009 | lr 1.00e-04
09:51:50 INFO     Epoch 2/100 | step 6240 | loss 0.3819 | lr 1.00e-04
09:51:51 INFO     Epoch 2/100 | step 6250 | loss 0.3570 | lr 1.00e-04
09:51:51 INFO     Epoch 2/100 | step 6260 | loss 0.3887 | lr 1.00e-04
09:51:52 INFO     Epoch 2/100 | step 6270 | loss 0.3482 | lr 1.00e-04
09:51:53 INFO     Epoch 2/100 | step 6280 | loss 0.5579 | lr 1.00e-04
09:51:53 INFO     Epoch 2/100 | step 6290 | loss 0.3444 | lr 9.99e-05
09:51:54 INFO     Epoch 2/100 | step 6300 | loss 0.5021 | lr 9.99e-05
09:51:55 INFO     Epoch 2/100 | step 6310 | loss 0.4548 | lr 9.99e-05
09:51:55 INFO     Epoch 2/100 | step 6320 | loss 0.4412 | lr 9.99e-05
09:51:56 INFO     Epoch 2/100 | step 6330 | loss 0.3778 | lr 9.99e-05
09:51:57 INFO     Epoch 2/100 | step 6340 | loss 0.4368 | lr 9.99e-05
09:51:57 INFO     Epoch 2/100 | step 6350 | loss 0.6433 | lr 9.99e-05
09:51:58 INFO     Epoch 2/100 | step 6360 | loss 0.4046 | lr 9.99e-05
09:51:59 INFO     Epoch 2/100 | step 6370 | loss 0.4394 | lr 9.99e-05
09:51:59 INFO     Epoch 2/100 | step 6380 | loss 0.4716 | lr 9.99e-05
09:52:00 INFO     Epoch 2/100 | step 6390 | loss 0.5299 | lr 9.99e-05
09:52:01 INFO     Epoch 2/100 | step 6400 | loss 0.4959 | lr 9.99e-05
09:52:01 INFO     Epoch 2/100 | step 6410 | loss 0.5473 | lr 9.99e-05
09:52:02 INFO     Epoch 2/100 | step 6420 | loss 0.4008 | lr 9.99e-05
09:52:03 INFO     Epoch 2/100 | step 6430 | loss 0.5422 | lr 9.99e-05
09:52:03 INFO     Epoch 2/100 | step 6440 | loss 0.2977 | lr 9.99e-05
09:52:04 INFO     Epoch 2/100 | step 6450 | loss 0.4701 | lr 9.99e-05
09:52:04 INFO     Epoch 2/100 | step 6460 | loss 0.3717 | lr 9.99e-05
09:52:05 INFO     Epoch 2/100 | step 6470 | loss 0.5402 | lr 9.99e-05
09:52:06 INFO     Epoch 2/100 | step 6480 | loss 0.4553 | lr 9.99e-05
09:52:06 INFO     Epoch 2/100 | step 6490 | loss 0.4485 | lr 9.99e-05
09:52:07 INFO     Epoch 2/100 | step 6500 | loss 0.5016 | lr 9.99e-05
09:52:08 INFO     Epoch 2/100 | step 6510 | loss 0.7177 | lr 9.99e-05
09:52:08 INFO     Epoch 2/100 | step 6520 | loss 0.5412 | lr 9.99e-05
09:52:09 INFO     Epoch 2/100 | step 6530 | loss 0.5614 | lr 9.99e-05
09:52:10 INFO     Epoch 2/100 | step 6540 | loss 0.7591 | lr 9.99e-05
09:52:10 INFO     Epoch 2/100 | step 6550 | loss 0.5643 | lr 9.99e-05
09:52:11 INFO     Epoch 2/100 | step 6560 | loss 0.3693 | lr 9.99e-05
09:52:12 INFO     Epoch 2/100 | step 6570 | loss 0.7917 | lr 9.99e-05
09:52:12 INFO     Epoch 2/100 | step 6580 | loss 0.5096 | lr 9.99e-05
09:52:13 INFO     Epoch 2/100 | step 6590 | loss 0.4951 | lr 9.99e-05
09:52:14 INFO     Epoch 2/100 | step 6600 | loss 0.4846 | lr 9.99e-05
09:52:14 INFO     Epoch 2/100 | step 6610 | loss 0.5823 | lr 9.99e-05
09:52:15 INFO     Epoch 2/100 | step 6620 | loss 0.3234 | lr 9.99e-05
09:52:16 INFO     Epoch 2/100 | step 6630 | loss 0.6427 | lr 9.99e-05
09:52:16 INFO     Epoch 2/100 | step 6640 | loss 0.8044 | lr 9.99e-05
09:52:17 INFO     Epoch 2/100 | step 6650 | loss 0.4707 | lr 9.99e-05
09:52:18 INFO     Epoch 2/100 | step 6660 | loss 0.5046 | lr 9.99e-05
09:52:18 INFO     Epoch 2/100 | step 6670 | loss 0.6900 | lr 9.99e-05
09:52:19 INFO     Epoch 2/100 | step 6680 | loss 0.4678 | lr 9.99e-05
09:52:20 INFO     Epoch 2/100 | step 6690 | loss 0.4750 | lr 9.99e-05
09:52:20 INFO     Epoch 2/100 | step 6700 | loss 0.4201 | lr 9.99e-05
09:52:21 INFO     Epoch 2/100 | step 6710 | loss 0.6695 | lr 9.99e-05
09:52:22 INFO     Epoch 2/100 | step 6720 | loss 0.4820 | lr 9.99e-05
09:52:22 INFO     Epoch 2/100 | step 6730 | loss 0.6622 | lr 9.99e-05
09:52:23 INFO     Epoch 2/100 | step 6740 | loss 0.3282 | lr 9.99e-05
09:52:24 INFO     Epoch 2/100 | step 6750 | loss 0.4260 | lr 9.99e-05
09:52:24 INFO     Epoch 2/100 | step 6760 | loss 0.4841 | lr 9.99e-05
09:52:25 INFO     Epoch 2/100 | step 6770 | loss 0.4474 | lr 9.99e-05
09:52:26 INFO     Epoch 2/100 | step 6780 | loss 0.4735 | lr 9.99e-05
09:52:26 INFO     Epoch 2/100 | step 6790 | loss 0.4080 | lr 9.99e-05
09:52:27 INFO     Epoch 2/100 | step 6800 | loss 0.4481 | lr 9.99e-05
09:52:28 INFO     Epoch 2/100 | step 6810 | loss 0.4985 | lr 9.99e-05
09:52:28 INFO     Epoch 2/100 | step 6820 | loss 0.4474 | lr 9.99e-05
09:52:29 INFO     Epoch 2/100 | step 6830 | loss 0.4211 | lr 9.99e-05
09:52:29 INFO     Epoch 2/100 | step 6840 | loss 0.5116 | lr 9.99e-05
09:52:30 INFO     Epoch 2/100 | step 6850 | loss 0.3825 | lr 9.99e-05
09:52:31 INFO     Epoch 2/100 | step 6860 | loss 0.4751 | lr 9.99e-05
09:52:31 INFO     Epoch 2/100 | step 6870 | loss 0.3627 | lr 9.99e-05
09:52:32 INFO     Epoch 2/100 | step 6880 | loss 0.5077 | lr 9.99e-05
09:52:33 INFO     Epoch 2/100 | step 6890 | loss 0.4768 | lr 9.99e-05
09:52:33 INFO     Epoch 2/100 | step 6900 | loss 0.4377 | lr 9.99e-05
09:52:34 INFO     Epoch 2/100 | step 6910 | loss 0.5305 | lr 9.99e-05
09:52:35 INFO     Epoch 2/100 | step 6920 | loss 0.4723 | lr 9.99e-05
09:52:35 INFO     Epoch 2/100 | step 6930 | loss 0.5472 | lr 9.99e-05
09:52:36 INFO     Epoch 2/100 | step 6940 | loss 0.5957 | lr 9.99e-05
09:52:37 INFO     Epoch 2/100 | step 6950 | loss 0.3995 | lr 9.99e-05
09:52:37 INFO     Epoch 2/100 | step 6960 | loss 0.4257 | lr 9.99e-05
09:52:38 INFO     Epoch 2/100 | step 6970 | loss 0.3252 | lr 9.99e-05
09:52:39 INFO     Epoch 2/100 | step 6980 | loss 0.3973 | lr 9.99e-05
09:52:39 INFO     Epoch 2/100 | step 6990 | loss 0.3130 | lr 9.99e-05
09:52:40 INFO     Epoch 2/100 | step 7000 | loss 0.5060 | lr 9.99e-05
09:52:41 INFO     Epoch 2/100 | step 7010 | loss 0.5067 | lr 9.99e-05
09:52:41 INFO     Epoch 2/100 | step 7020 | loss 0.4528 | lr 9.99e-05
09:52:42 INFO     Epoch 2/100 | step 7030 | loss 0.4338 | lr 9.99e-05
09:52:43 INFO     Epoch 2/100 | step 7040 | loss 0.5278 | lr 9.99e-05
09:52:43 INFO     Epoch 2/100 | step 7050 | loss 0.4030 | lr 9.99e-05
09:52:44 INFO     Epoch 2/100 | step 7060 | loss 0.5146 | lr 9.99e-05
09:52:45 INFO     Epoch 2/100 | step 7070 | loss 0.6335 | lr 9.99e-05
09:52:45 INFO     Epoch 2/100 | step 7080 | loss 0.4483 | lr 9.99e-05
09:52:46 INFO     Epoch 2/100 | step 7090 | loss 0.6193 | lr 9.99e-05
09:52:47 INFO     Epoch 2/100 | step 7100 | loss 0.3903 | lr 9.99e-05
09:52:47 INFO     Epoch 2/100 | step 7110 | loss 0.4107 | lr 9.99e-05
09:52:48 INFO     Epoch 2/100 | step 7120 | loss 0.5304 | lr 9.99e-05
09:52:49 INFO     Epoch 2/100 | step 7130 | loss 0.2844 | lr 9.99e-05
09:52:49 INFO     Epoch 2/100 | step 7140 | loss 0.3834 | lr 9.99e-05
09:52:50 INFO     Epoch 2/100 | step 7150 | loss 0.7120 | lr 9.99e-05
09:52:51 INFO     Epoch 2/100 | step 7160 | loss 0.3813 | lr 9.99e-05
09:52:51 INFO     Epoch 2/100 | step 7170 | loss 0.4614 | lr 9.99e-05
09:52:52 INFO     Epoch 2/100 | step 7180 | loss 0.4037 | lr 9.99e-05
09:52:52 INFO     Epoch 2/100 | step 7190 | loss 0.6393 | lr 9.99e-05
09:52:53 INFO     Epoch 2/100 | step 7200 | loss 0.2900 | lr 9.99e-05
09:52:54 INFO     Epoch 2/100 | step 7210 | loss 0.3859 | lr 9.99e-05
09:52:54 INFO     Epoch 2/100 | step 7220 | loss 0.5324 | lr 9.99e-05
09:52:55 INFO     Epoch 2/100 | step 7230 | loss 0.3834 | lr 9.99e-05
09:52:56 INFO     Epoch 2/100 | step 7240 | loss 0.4295 | lr 9.99e-05
09:52:56 INFO     Epoch 2/100 | step 7250 | loss 0.6036 | lr 9.99e-05
09:52:57 INFO     Epoch 2/100 | step 7260 | loss 0.5257 | lr 9.99e-05
09:52:58 INFO     Epoch 2/100 | step 7270 | loss 0.4709 | lr 9.99e-05
09:52:58 INFO     Epoch 2/100 | step 7280 | loss 0.4335 | lr 9.99e-05
09:52:59 INFO     Epoch 2/100 | step 7290 | loss 0.3584 | lr 9.99e-05
09:53:00 INFO     Epoch 2/100 | step 7300 | loss 0.5430 | lr 9.99e-05
09:53:00 INFO     Epoch 2/100 | step 7310 | loss 0.6244 | lr 9.99e-05
09:53:01 INFO     Epoch 2/100 | step 7320 | loss 0.4564 | lr 9.99e-05
09:53:02 INFO     Epoch 2/100 | step 7330 | loss 0.5154 | lr 9.99e-05
09:53:02 INFO     Epoch 2/100 | step 7340 | loss 0.6450 | lr 9.99e-05
09:53:03 INFO     Epoch 2/100 | step 7350 | loss 0.3731 | lr 9.99e-05
09:53:04 INFO     Epoch 2/100 | step 7360 | loss 0.3278 | lr 9.99e-05
09:53:04 INFO     Epoch 2/100 | step 7370 | loss 0.4990 | lr 9.99e-05
09:53:05 INFO     Epoch 2/100 | step 7380 | loss 0.4246 | lr 9.99e-05
09:53:06 INFO     Epoch 2/100 | step 7390 | loss 0.3827 | lr 9.99e-05
09:53:06 INFO     Epoch 2/100 | step 7400 | loss 0.3925 | lr 9.99e-05
09:53:07 INFO     Epoch 2/100 | step 7410 | loss 0.4559 | lr 9.99e-05
09:53:08 INFO     Epoch 2/100 | step 7420 | loss 0.5482 | lr 9.99e-05
09:53:08 INFO     Epoch 2/100 | step 7430 | loss 0.4460 | lr 9.99e-05
09:53:09 INFO     Epoch 2/100 | step 7440 | loss 0.4415 | lr 9.99e-05
09:53:10 INFO     Epoch 2/100 | step 7450 | loss 0.4692 | lr 9.99e-05
09:53:10 INFO     Epoch 2/100 | step 7460 | loss 0.4453 | lr 9.99e-05
09:53:11 INFO     Epoch 2/100 | step 7470 | loss 0.2794 | lr 9.99e-05
09:53:12 INFO     Epoch 2/100 | step 7480 | loss 0.3807 | lr 9.99e-05
09:53:12 INFO     Epoch 2/100 | step 7490 | loss 0.5858 | lr 9.99e-05
09:53:13 INFO     Epoch 2/100 | step 7500 | loss 0.3979 | lr 9.99e-05
09:53:14 INFO     Epoch 2/100 | step 7510 | loss 0.4002 | lr 9.99e-05
09:53:14 INFO     Epoch 2/100 | step 7520 | loss 0.4891 | lr 9.99e-05
09:53:15 INFO     Epoch 2/100 | step 7530 | loss 0.3611 | lr 9.99e-05
09:53:15 INFO     Epoch 2/100 | step 7540 | loss 0.6104 | lr 9.99e-05
09:53:16 INFO     Epoch 2/100 | step 7550 | loss 0.4284 | lr 9.99e-05
09:53:17 INFO     Epoch 2/100 | step 7560 | loss 0.5107 | lr 9.99e-05
09:53:17 INFO     Epoch 2/100 | step 7570 | loss 0.3448 | lr 9.99e-05
09:53:18 INFO     Epoch 2/100 | step 7580 | loss 0.3788 | lr 9.99e-05
09:53:19 INFO     Epoch 2/100 | step 7590 | loss 0.3984 | lr 9.99e-05
09:53:19 INFO     Epoch 2/100 | step 7600 | loss 0.3453 | lr 9.99e-05
09:53:20 INFO     Epoch 2/100 | step 7610 | loss 0.4177 | lr 9.99e-05
09:53:21 INFO     Epoch 2/100 | step 7620 | loss 0.3159 | lr 9.99e-05
09:53:21 INFO     Epoch 2/100 | step 7630 | loss 0.6899 | lr 9.99e-05
09:53:22 INFO     Epoch 2/100 | step 7640 | loss 0.4293 | lr 9.99e-05
09:53:23 INFO     Epoch 2/100 | step 7650 | loss 0.3428 | lr 9.99e-05
09:53:23 INFO     Epoch 2/100 | step 7660 | loss 0.5970 | lr 9.99e-05
09:53:24 INFO     Epoch 2/100 | step 7670 | loss 0.4756 | lr 9.99e-05
09:53:25 INFO     Epoch 2/100 | step 7680 | loss 0.4398 | lr 9.99e-05
09:53:25 INFO     Epoch 2/100 | step 7690 | loss 0.3903 | lr 9.99e-05
09:53:26 INFO     Epoch 2/100 | step 7700 | loss 0.3796 | lr 9.99e-05
09:53:27 INFO     Epoch 2/100 | step 7710 | loss 0.4016 | lr 9.99e-05
09:53:27 INFO     Epoch 2/100 | step 7720 | loss 0.4366 | lr 9.99e-05
09:53:28 INFO     Epoch 2/100 | step 7730 | loss 0.4840 | lr 9.99e-05
09:53:29 INFO     Epoch 2/100 | step 7740 | loss 0.4370 | lr 9.99e-05
09:53:29 INFO     Epoch 2/100 | step 7750 | loss 0.3843 | lr 9.99e-05
09:53:30 INFO     Epoch 2/100 | step 7760 | loss 0.4161 | lr 9.99e-05
09:53:31 INFO     Epoch 2/100 | step 7770 | loss 0.5370 | lr 9.99e-05
09:53:31 INFO     Epoch 2/100 | step 7780 | loss 0.3241 | lr 9.99e-05
09:53:32 INFO     Epoch 2/100 | step 7790 | loss 0.4502 | lr 9.99e-05
09:53:33 INFO     Epoch 2/100 | step 7800 | loss 0.3199 | lr 9.99e-05
09:53:33 INFO     Epoch 2/100 | step 7810 | loss 0.5433 | lr 9.99e-05
09:53:34 INFO     Epoch 2/100 | step 7820 | loss 0.4608 | lr 9.99e-05
09:53:35 INFO     Epoch 2/100 | step 7830 | loss 0.3472 | lr 9.99e-05
09:53:35 INFO     Epoch 2/100 | step 7840 | loss 0.3988 | lr 9.99e-05
09:53:36 INFO     Epoch 2/100 | step 7850 | loss 0.6206 | lr 9.99e-05
09:53:36 INFO     Epoch 2/100 | step 7860 | loss 0.4226 | lr 9.99e-05
09:53:37 INFO     Epoch 2/100 | step 7870 | loss 0.3909 | lr 9.99e-05
09:53:38 INFO     Epoch 2/100 | step 7880 | loss 0.5030 | lr 9.99e-05
09:53:38 INFO     Epoch 2/100 | step 7890 | loss 0.5455 | lr 9.99e-05
09:53:39 INFO     Epoch 2/100 | step 7900 | loss 0.6567 | lr 9.99e-05
09:53:40 INFO     Epoch 2/100 | step 7910 | loss 0.5815 | lr 9.99e-05
09:53:40 INFO     Epoch 2/100 | step 7920 | loss 0.4253 | lr 9.99e-05
09:53:41 INFO     Epoch 2/100 | step 7930 | loss 0.3564 | lr 9.99e-05
09:53:42 INFO     Epoch 2/100 | step 7940 | loss 0.2857 | lr 9.99e-05
09:53:42 INFO     Epoch 2/100 | step 7950 | loss 0.3926 | lr 9.99e-05
09:53:43 INFO     Epoch 2/100 | step 7960 | loss 0.5742 | lr 9.99e-05
09:53:44 INFO     Epoch 2/100 | step 7970 | loss 0.4198 | lr 9.99e-05
09:53:44 INFO     Epoch 2/100 | step 7980 | loss 0.4313 | lr 9.99e-05
09:53:45 INFO     Epoch 2/100 | step 7990 | loss 0.4284 | lr 9.99e-05
09:53:46 INFO     Epoch 2/100 | step 8000 | loss 0.3129 | lr 9.99e-05
09:53:46 INFO     Epoch 2/100 | step 8010 | loss 0.6048 | lr 9.99e-05
09:53:47 INFO     Epoch 2/100 | step 8020 | loss 0.4521 | lr 9.99e-05
09:53:48 INFO     Epoch 2/100 | step 8030 | loss 0.5298 | lr 9.99e-05
09:53:48 INFO     Epoch 2/100 | step 8040 | loss 0.5574 | lr 9.99e-05
09:53:49 INFO     Epoch 2/100 | step 8050 | loss 0.4617 | lr 9.99e-05
09:53:50 INFO     Epoch 2/100 | step 8060 | loss 0.4188 | lr 9.99e-05
09:53:50 INFO     Epoch 2/100 | step 8070 | loss 0.4675 | lr 9.99e-05
09:53:51 INFO     Epoch 2/100 | step 8080 | loss 0.5363 | lr 9.99e-05
09:53:52 INFO     Epoch 2/100 | step 8090 | loss 0.4771 | lr 9.99e-05
09:53:52 INFO     Epoch 2/100 | step 8100 | loss 0.4861 | lr 9.99e-05
09:53:53 INFO     Epoch 2/100 | step 8110 | loss 0.4029 | lr 9.99e-05
09:53:54 INFO     Epoch 2/100 | step 8120 | loss 0.3572 | lr 9.99e-05
09:53:54 INFO     Epoch 2/100 | step 8130 | loss 0.3387 | lr 9.99e-05
09:53:55 INFO     Epoch 2/100 | step 8140 | loss 0.3304 | lr 9.99e-05
09:53:56 INFO     Epoch 2/100 | step 8150 | loss 0.3114 | lr 9.99e-05
09:53:56 INFO     Epoch 2/100 | step 8160 | loss 0.4187 | lr 9.99e-05
09:53:57 INFO     Epoch 2/100 | step 8170 | loss 0.3063 | lr 9.99e-05
09:53:57 INFO     Epoch 2/100 | step 8180 | loss 0.4214 | lr 9.99e-05
09:53:58 INFO     Epoch 2/100 | step 8190 | loss 0.5808 | lr 9.99e-05
09:53:59 INFO     Epoch 2/100 | step 8200 | loss 0.3874 | lr 9.99e-05
09:53:59 INFO     Epoch 2/100 | step 8210 | loss 0.3537 | lr 9.99e-05
09:54:00 INFO     Epoch 2/100 | step 8220 | loss 0.3404 | lr 9.99e-05
09:54:01 INFO     Epoch 2/100 | step 8230 | loss 0.5776 | lr 9.99e-05
09:54:01 INFO     Epoch 2/100 | step 8240 | loss 0.4099 | lr 9.99e-05
09:54:02 INFO     Epoch 2/100 | step 8250 | loss 0.4374 | lr 9.99e-05
09:54:03 INFO     Epoch 2/100 | step 8260 | loss 0.3649 | lr 9.99e-05
09:54:03 INFO     Epoch 2/100 | step 8270 | loss 0.4437 | lr 9.99e-05
09:54:04 INFO     Epoch 2/100 | step 8280 | loss 0.3982 | lr 9.99e-05
09:54:05 INFO     Epoch 2/100 | step 8290 | loss 0.3377 | lr 9.99e-05
09:54:05 INFO     Epoch 2/100 | step 8300 | loss 0.6540 | lr 9.99e-05
09:54:06 INFO     Epoch 2/100 | step 8310 | loss 0.3604 | lr 9.99e-05
09:54:07 INFO     Epoch 2/100 | step 8320 | loss 0.4163 | lr 9.99e-05
09:54:07 INFO     Epoch 2/100 | step 8330 | loss 0.3108 | lr 9.99e-05
09:54:08 INFO     Epoch 2/100 | step 8340 | loss 0.4212 | lr 9.99e-05
09:54:09 INFO     Epoch 2/100 | step 8350 | loss 0.5954 | lr 9.99e-05
09:54:09 INFO     Epoch 2/100 | step 8360 | loss 0.3358 | lr 9.99e-05
09:54:10 INFO     Epoch 2/100 | step 8370 | loss 0.6120 | lr 9.99e-05
09:54:11 INFO     Epoch 2/100 | step 8380 | loss 0.6808 | lr 9.99e-05
09:54:11 INFO     Epoch 2/100 | step 8390 | loss 0.3941 | lr 9.99e-05
09:54:12 INFO     Epoch 2/100 | step 8400 | loss 0.3083 | lr 9.99e-05
09:54:13 INFO     Epoch 2/100 | step 8410 | loss 0.4213 | lr 9.99e-05
09:54:13 INFO     Epoch 2/100 | step 8420 | loss 0.4411 | lr 9.99e-05
09:54:14 INFO     Epoch 2/100 | step 8430 | loss 0.4023 | lr 9.99e-05
09:54:15 INFO     Epoch 2/100 | step 8440 | loss 0.4212 | lr 9.99e-05
09:54:15 INFO     Epoch 2/100 | step 8450 | loss 0.4783 | lr 9.99e-05
09:54:16 INFO     Epoch 2/100 | step 8460 | loss 0.3311 | lr 9.99e-05
09:54:17 INFO     Epoch 2/100 | step 8470 | loss 0.6639 | lr 9.99e-05
09:54:17 INFO     Epoch 2/100 | step 8480 | loss 0.4732 | lr 9.99e-05
09:54:18 INFO     Epoch 2/100 | step 8490 | loss 0.4187 | lr 9.99e-05
09:54:18 INFO     Epoch 2/100 | step 8500 | loss 0.4263 | lr 9.99e-05
09:54:19 INFO     Epoch 2/100 | step 8510 | loss 0.3642 | lr 9.99e-05
09:54:20 INFO     Epoch 2/100 | step 8520 | loss 0.4664 | lr 9.99e-05
09:54:20 INFO     Epoch 2/100 | step 8530 | loss 0.4473 | lr 9.99e-05
09:54:21 INFO     Epoch 2/100 | step 8540 | loss 0.3010 | lr 9.99e-05
09:54:22 INFO     Epoch 2/100 | step 8550 | loss 0.3039 | lr 9.99e-05
09:54:22 INFO     Epoch 2/100 | step 8560 | loss 0.4917 | lr 9.99e-05
09:54:23 INFO     Epoch 2/100 | step 8570 | loss 0.4149 | lr 9.99e-05
09:54:24 INFO     Epoch 2/100 | step 8580 | loss 0.3560 | lr 9.99e-05
09:54:24 INFO     Epoch 2/100 | step 8590 | loss 0.4014 | lr 9.99e-05
09:54:25 INFO     Epoch 2/100 | step 8600 | loss 0.4523 | lr 9.99e-05
09:54:26 INFO     Epoch 2/100 | step 8610 | loss 0.3945 | lr 9.99e-05
09:54:26 INFO     Epoch 2/100 | step 8620 | loss 0.3420 | lr 9.99e-05
09:54:27 INFO     Epoch 2/100 | step 8630 | loss 0.3850 | lr 9.99e-05
09:54:28 INFO     Epoch 2/100 | step 8640 | loss 0.3449 | lr 9.99e-05
09:54:28 INFO     Epoch 2/100 | step 8650 | loss 0.4057 | lr 9.99e-05
09:54:29 INFO     Epoch 2/100 | step 8660 | loss 0.5126 | lr 9.99e-05
09:54:30 INFO     Epoch 2/100 | step 8670 | loss 0.4136 | lr 9.99e-05
09:54:30 INFO     Epoch 2/100 | step 8680 | loss 0.6288 | lr 9.99e-05
09:54:31 INFO     Epoch 2/100 | step 8690 | loss 0.3573 | lr 9.99e-05
09:54:32 INFO     Epoch 2/100 | step 8700 | loss 0.4385 | lr 9.99e-05
09:54:32 INFO     Epoch 2/100 | step 8710 | loss 0.4657 | lr 9.99e-05
09:54:33 INFO     Epoch 2/100 | step 8720 | loss 0.2687 | lr 9.99e-05
09:54:34 INFO     Epoch 2/100 | step 8730 | loss 0.6156 | lr 9.99e-05
09:54:34 INFO     Epoch 2/100 | step 8740 | loss 0.3321 | lr 9.99e-05
09:54:35 INFO     Epoch 2/100 | step 8750 | loss 0.7486 | lr 9.99e-05
09:54:36 INFO     Epoch 2/100 | step 8760 | loss 0.3736 | lr 9.99e-05
09:54:36 INFO     Epoch 2/100 | step 8770 | loss 0.3265 | lr 9.99e-05
09:54:37 INFO     Epoch 2/100 | step 8780 | loss 0.3513 | lr 9.99e-05
09:54:38 INFO     Epoch 2/100 | step 8790 | loss 0.5061 | lr 9.99e-05
09:54:38 INFO     Epoch 2/100 | step 8800 | loss 0.3736 | lr 9.99e-05
09:54:39 INFO     Epoch 2/100 | step 8810 | loss 0.3695 | lr 9.99e-05
09:54:40 INFO     Epoch 2/100 | step 8820 | loss 0.3371 | lr 9.99e-05
09:54:40 INFO     Epoch 2/100 | step 8830 | loss 0.3171 | lr 9.99e-05
09:54:41 INFO     Epoch 2/100 | step 8840 | loss 0.5579 | lr 9.99e-05
09:54:41 INFO     Epoch 2/100 | step 8850 | loss 0.3775 | lr 9.99e-05
09:54:42 INFO     Epoch 2/100 | step 8860 | loss 0.6710 | lr 9.99e-05
09:54:43 INFO     Epoch 2/100 | step 8870 | loss 0.3435 | lr 9.99e-05
09:54:43 INFO     Epoch 2/100 | step 8880 | loss 0.5054 | lr 9.99e-05
09:54:44 INFO     Epoch 2/100 | step 8890 | loss 0.3862 | lr 9.99e-05
09:54:45 INFO     Epoch 2/100 | step 8900 | loss 0.4716 | lr 9.99e-05
09:54:45 INFO     Epoch 2/100 | step 8910 | loss 0.3430 | lr 9.99e-05
09:54:46 INFO     Epoch 2/100 | step 8920 | loss 0.3451 | lr 9.99e-05
09:54:47 INFO     Epoch 2/100 | step 8930 | loss 0.4748 | lr 9.99e-05
09:54:47 INFO     Epoch 2/100 | step 8940 | loss 0.3081 | lr 9.99e-05
09:54:48 INFO     Epoch 2/100 | step 8950 | loss 0.3887 | lr 9.99e-05
09:54:49 INFO     Epoch 2/100 | step 8960 | loss 0.4557 | lr 9.99e-05
09:54:49 INFO     Epoch 2/100 | step 8970 | loss 0.4307 | lr 9.99e-05
09:54:50 INFO     Epoch 2/100 | step 8980 | loss 0.5458 | lr 9.99e-05
09:54:51 INFO     Epoch 2/100 | step 8990 | loss 0.4797 | lr 9.99e-05
09:54:51 INFO     Epoch 2/100 | step 9000 | loss 0.4812 | lr 9.99e-05
09:54:52 INFO     Epoch 2/100 | step 9010 | loss 0.4348 | lr 9.99e-05
09:54:53 INFO     Epoch 2/100 | step 9020 | loss 0.3963 | lr 9.99e-05
09:54:53 INFO     Epoch 2/100 | step 9030 | loss 0.4747 | lr 9.99e-05
09:54:54 INFO     Epoch 2/100 | step 9040 | loss 0.5685 | lr 9.99e-05
09:54:55 INFO     Epoch 2/100 | step 9050 | loss 0.3492 | lr 9.99e-05
09:54:55 INFO     Epoch 2/100 | step 9060 | loss 0.3972 | lr 9.99e-05
09:54:56 INFO     Epoch 2/100 | step 9070 | loss 0.4700 | lr 9.99e-05
09:54:57 INFO     Epoch 2/100 | step 9080 | loss 0.3589 | lr 9.99e-05
09:54:57 INFO     Epoch 2/100 | step 9090 | loss 0.4716 | lr 9.99e-05
09:54:58 INFO     Epoch 2/100 | step 9100 | loss 0.5012 | lr 9.99e-05
09:54:59 INFO     Epoch 2/100 | step 9110 | loss 0.6813 | lr 9.99e-05
09:54:59 INFO     Epoch 2/100 | step 9120 | loss 0.4878 | lr 9.99e-05
09:55:00 INFO     Epoch 2/100 | step 9130 | loss 0.3487 | lr 9.99e-05
09:55:01 INFO     Epoch 2/100 | step 9140 | loss 0.4131 | lr 9.99e-05
09:55:01 INFO     Epoch 2/100 | step 9150 | loss 0.3755 | lr 9.99e-05
09:55:02 INFO     Epoch 2/100 | step 9160 | loss 0.2605 | lr 9.99e-05
09:55:02 INFO     Epoch 2/100 | step 9170 | loss 0.2941 | lr 9.99e-05
09:55:03 INFO     Epoch 2/100 | step 9180 | loss 0.4213 | lr 9.99e-05
09:55:04 INFO     Epoch 2/100 | step 9190 | loss 0.4656 | lr 9.99e-05
09:55:04 INFO     Epoch 2/100 | step 9200 | loss 0.3692 | lr 9.99e-05
09:55:05 INFO     Epoch 2/100 | step 9210 | loss 0.3279 | lr 9.99e-05
09:55:06 INFO     Epoch 2/100 | step 9220 | loss 0.5144 | lr 9.99e-05
09:55:06 INFO     Epoch 2/100 | step 9230 | loss 0.4883 | lr 9.99e-05
09:55:07 INFO     Epoch 2/100 | step 9240 | loss 0.3355 | lr 9.99e-05
09:55:08 INFO     Epoch 2/100 | step 9250 | loss 0.4043 | lr 9.99e-05
09:55:08 INFO     Epoch 2/100 | step 9260 | loss 0.3155 | lr 9.99e-05
09:55:09 INFO     Epoch 2/100 | step 9270 | loss 0.4431 | lr 9.99e-05
09:55:10 INFO     Epoch 2/100 | step 9280 | loss 0.3685 | lr 9.99e-05
09:55:10 INFO     Epoch 2/100 | step 9290 | loss 0.3533 | lr 9.99e-05
09:55:11 INFO     Epoch 2/100 | step 9300 | loss 0.3499 | lr 9.99e-05
09:55:12 INFO     Epoch 2/100 | step 9310 | loss 0.3593 | lr 9.99e-05
09:55:12 INFO     Epoch 2/100 | step 9320 | loss 0.4399 | lr 9.99e-05
09:55:13 INFO     Epoch 2/100 | step 9330 | loss 0.4308 | lr 9.99e-05
09:55:14 INFO     Epoch 2/100 | step 9340 | loss 0.4566 | lr 9.99e-05
09:55:14 INFO     Epoch 2/100 | step 9350 | loss 0.5480 | lr 9.99e-05
09:55:15 INFO     Epoch 2/100 | step 9360 | loss 0.4347 | lr 9.99e-05
09:55:16 INFO     Epoch 2/100 | step 9370 | loss 0.4916 | lr 9.99e-05
09:55:16 INFO     Epoch 2/100 | step 9380 | loss 0.3558 | lr 9.99e-05
09:55:17 INFO     Epoch 2/100 | step 9390 | loss 0.3732 | lr 9.99e-05
09:55:18 INFO     Epoch 2/100 | step 9400 | loss 0.3358 | lr 9.99e-05
09:55:18 INFO     Epoch 2/100 | step 9410 | loss 0.4381 | lr 9.99e-05
09:55:19 INFO     Epoch 2/100 | step 9420 | loss 0.5064 | lr 9.99e-05
09:55:20 INFO     Epoch 2/100 | step 9430 | loss 0.5200 | lr 9.99e-05
09:55:20 INFO     Epoch 2/100 | step 9440 | loss 0.2882 | lr 9.99e-05
09:55:21 INFO     Epoch 2/100 | step 9450 | loss 0.4102 | lr 9.99e-05
09:55:22 INFO     Epoch 2/100 | step 9460 | loss 0.3113 | lr 9.99e-05
09:55:22 INFO     Epoch 2/100 | step 9470 | loss 0.2562 | lr 9.99e-05
09:55:23 INFO     Epoch 2/100 | step 9480 | loss 0.8159 | lr 9.99e-05
09:55:23 INFO     Epoch 2/100 | step 9490 | loss 0.6455 | lr 9.99e-05
09:55:24 INFO     Epoch 2/100 | step 9500 | loss 0.5100 | lr 9.99e-05
09:55:25 INFO     Epoch 2/100 | step 9510 | loss 0.4552 | lr 9.99e-05
09:55:25 INFO     Epoch 2/100 | step 9520 | loss 0.5864 | lr 9.99e-05
09:55:26 INFO     Epoch 2/100 | step 9530 | loss 0.4262 | lr 9.99e-05
09:55:27 INFO     Epoch 2/100 | step 9540 | loss 0.5586 | lr 9.99e-05
09:55:27 INFO     Epoch 2/100 | step 9550 | loss 0.4274 | lr 9.99e-05
09:55:28 INFO     Epoch 2/100 | step 9560 | loss 0.4053 | lr 9.99e-05
09:55:29 INFO     Epoch 2/100 | step 9570 | loss 0.7693 | lr 9.99e-05
09:55:29 INFO     Epoch 2/100 | step 9580 | loss 0.2609 | lr 9.99e-05
09:55:30 INFO     Epoch 2/100 | step 9590 | loss 0.3193 | lr 9.99e-05
09:55:31 INFO     Epoch 2/100 | step 9600 | loss 0.5291 | lr 9.99e-05
09:55:31 INFO     Epoch 2/100 | step 9610 | loss 0.5893 | lr 9.99e-05
09:55:32 INFO     Epoch 2/100 | step 9620 | loss 0.3926 | lr 9.99e-05
09:55:33 INFO     Epoch 2/100 | step 9630 | loss 0.3606 | lr 9.99e-05
09:55:33 INFO     Epoch 2/100 | step 9640 | loss 0.7170 | lr 9.99e-05
09:55:34 INFO     Epoch 2/100 | step 9650 | loss 0.3878 | lr 9.99e-05
09:55:35 INFO     Epoch 2/100 | step 9660 | loss 0.4288 | lr 9.99e-05
09:55:35 INFO     Epoch 2/100 | step 9670 | loss 0.2622 | lr 9.99e-05
09:55:36 INFO     Epoch 2/100 | step 9680 | loss 0.4992 | lr 9.99e-05
09:55:37 INFO     Epoch 2/100 | step 9690 | loss 0.4220 | lr 9.99e-05
09:55:37 INFO     Epoch 2/100 | step 9700 | loss 0.2827 | lr 9.99e-05
09:55:38 INFO     Epoch 2/100 | step 9710 | loss 0.3104 | lr 9.99e-05
09:55:39 INFO     Epoch 2/100 | step 9720 | loss 0.3654 | lr 9.99e-05
09:55:39 INFO     Epoch 2/100 | step 9730 | loss 0.3369 | lr 9.99e-05
09:55:40 INFO     Epoch 2/100 | step 9740 | loss 0.3091 | lr 9.99e-05
09:55:41 INFO     Epoch 2/100 | step 9750 | loss 0.3211 | lr 9.99e-05
09:55:41 INFO     Epoch 2/100 | step 9760 | loss 0.4157 | lr 9.99e-05
09:55:42 INFO     Epoch 2/100 | step 9770 | loss 0.2014 | lr 9.99e-05
09:55:43 INFO     Epoch 2/100 | step 9780 | loss 0.4317 | lr 9.99e-05
09:55:43 INFO     Epoch 2/100 | step 9790 | loss 0.3353 | lr 9.99e-05
09:55:44 INFO     Epoch 2/100 | step 9800 | loss 0.6220 | lr 9.99e-05
09:55:45 INFO     Epoch 2/100 | step 9810 | loss 0.5094 | lr 9.99e-05
09:55:45 INFO     Epoch 2/100 | step 9820 | loss 0.3967 | lr 9.99e-05
09:55:46 INFO     Epoch 2/100 | step 9830 | loss 0.2920 | lr 9.99e-05
09:55:46 INFO     Epoch 2/100 | step 9840 | loss 0.3839 | lr 9.99e-05
09:55:47 INFO     Epoch 2/100 | step 9850 | loss 0.4339 | lr 9.99e-05
09:55:48 INFO     Epoch 2/100 | step 9860 | loss 0.5217 | lr 9.99e-05
09:55:48 INFO     Epoch 2/100 | step 9870 | loss 0.3422 | lr 9.99e-05
09:55:49 INFO     Epoch 2/100 | step 9880 | loss 0.5620 | lr 9.99e-05
09:55:50 INFO     Epoch 2/100 | step 9890 | loss 0.5566 | lr 9.99e-05
09:55:50 INFO     Epoch 2/100 | step 9900 | loss 0.3184 | lr 9.99e-05
09:55:51 INFO     Epoch 2/100 | step 9910 | loss 0.3383 | lr 9.99e-05
09:55:52 INFO     Epoch 2/100 | step 9920 | loss 0.3584 | lr 9.99e-05
09:55:52 INFO     Epoch 2/100 | step 9930 | loss 0.4573 | lr 9.99e-05
09:55:53 INFO     Epoch 2/100 | step 9940 | loss 0.4344 | lr 9.99e-05
09:55:54 INFO     Epoch 2/100 | step 9950 | loss 0.4028 | lr 9.99e-05
09:55:54 INFO     Epoch 2/100 | step 9960 | loss 0.3949 | lr 9.99e-05
09:55:55 INFO     Epoch 2/100 | step 9970 | loss 0.3062 | lr 9.99e-05
09:55:56 INFO     Epoch 2/100 | step 9980 | loss 0.3705 | lr 9.99e-05
09:55:56 INFO     Epoch 2/100 | step 9990 | loss 0.3520 | lr 9.99e-05
09:55:57 INFO     Epoch 2/100 | step 10000 | loss 0.4450 | lr 9.99e-05
09:55:58 INFO     Epoch 2/100 | step 10010 | loss 0.6738 | lr 9.99e-05
09:55:58 INFO     Epoch 2/100 | step 10020 | loss 0.5011 | lr 9.99e-05
09:55:59 INFO     Epoch 2/100 | step 10030 | loss 0.4950 | lr 9.99e-05
09:56:00 INFO     Epoch 2/100 | step 10040 | loss 0.4751 | lr 9.99e-05
09:56:00 INFO     Epoch 2/100 | step 10050 | loss 0.3138 | lr 9.99e-05
09:56:01 INFO     Epoch 2/100 | step 10060 | loss 0.4424 | lr 9.99e-05
09:56:02 INFO     Epoch 2/100 | step 10070 | loss 0.4818 | lr 9.99e-05
09:56:02 INFO     Epoch 2/100 | step 10080 | loss 0.5455 | lr 9.99e-05
09:56:03 INFO     Epoch 2/100 | step 10090 | loss 0.4723 | lr 9.99e-05
09:56:04 INFO     Epoch 2/100 | step 10100 | loss 0.3743 | lr 9.99e-05
09:56:04 INFO     Epoch 2/100 | step 10110 | loss 0.2925 | lr 9.99e-05
09:56:05 INFO     Epoch 2/100 | step 10120 | loss 0.5610 | lr 9.99e-05
09:56:06 INFO     Epoch 2/100 | step 10130 | loss 0.7530 | lr 9.99e-05
09:56:06 INFO     Epoch 2/100 | step 10140 | loss 0.3394 | lr 9.99e-05
09:56:07 INFO     Epoch 2/100 | step 10150 | loss 0.4894 | lr 9.99e-05
09:56:07 INFO     Epoch 2/100 | step 10160 | loss 0.4016 | lr 9.99e-05
09:56:08 INFO     Epoch 2/100 | step 10170 | loss 0.5602 | lr 9.99e-05
09:56:08 INFO     Epoch 2/100 | avg train loss 0.5236
09:56:36 INFO     Epoch 2/100 | avg val loss 0.3346 | top-1 0.9052 | top-5 0.9815 | content top-1 0.8973 | content top-5 0.9782
09:56:36 INFO     Epoch 2/100 | new best loss 0.3346 — checkpoint saved
09:56:37 INFO     Epoch 3/100 | step   10 | loss 0.4256 | lr 9.99e-05
09:56:38 INFO     Epoch 3/100 | step   20 | loss 0.5166 | lr 9.99e-05
09:56:39 INFO     Epoch 3/100 | step   30 | loss 0.5964 | lr 9.99e-05
09:56:39 INFO     Epoch 3/100 | step   40 | loss 0.3927 | lr 9.99e-05
09:56:40 INFO     Epoch 3/100 | step   50 | loss 0.4008 | lr 9.99e-05
09:56:41 INFO     Epoch 3/100 | step   60 | loss 0.4507 | lr 9.99e-05
09:56:41 INFO     Epoch 3/100 | step   70 | loss 0.3963 | lr 9.99e-05
09:56:42 INFO     Epoch 3/100 | step   80 | loss 0.3787 | lr 9.99e-05
09:56:42 INFO     Epoch 3/100 | step   90 | loss 0.4017 | lr 9.99e-05
09:56:43 INFO     Epoch 3/100 | step  100 | loss 0.5340 | lr 9.99e-05
09:56:44 INFO     Epoch 3/100 | step  110 | loss 0.3712 | lr 9.99e-05
09:56:44 INFO     Epoch 3/100 | step  120 | loss 0.3503 | lr 9.99e-05
09:56:45 INFO     Epoch 3/100 | step  130 | loss 0.4241 | lr 9.99e-05
09:56:46 INFO     Epoch 3/100 | step  140 | loss 0.3248 | lr 9.99e-05
09:56:46 INFO     Epoch 3/100 | step  150 | loss 0.4836 | lr 9.99e-05
09:56:47 INFO     Epoch 3/100 | step  160 | loss 0.4132 | lr 9.99e-05
09:56:48 INFO     Epoch 3/100 | step  170 | loss 0.3955 | lr 9.99e-05
09:56:48 INFO     Epoch 3/100 | step  180 | loss 0.3216 | lr 9.99e-05
09:56:49 INFO     Epoch 3/100 | step  190 | loss 0.3084 | lr 9.99e-05
09:56:50 INFO     Epoch 3/100 | step  200 | loss 0.6653 | lr 9.99e-05
09:56:50 INFO     Epoch 3/100 | step  210 | loss 0.5092 | lr 9.99e-05
09:56:51 INFO     Epoch 3/100 | step  220 | loss 0.2592 | lr 9.99e-05
09:56:52 INFO     Epoch 3/100 | step  230 | loss 0.4332 | lr 9.99e-05
09:56:52 INFO     Epoch 3/100 | step  240 | loss 0.3068 | lr 9.99e-05
09:56:53 INFO     Epoch 3/100 | step  250 | loss 0.3564 | lr 9.99e-05
09:56:54 INFO     Epoch 3/100 | step  260 | loss 0.3739 | lr 9.99e-05
09:56:54 INFO     Epoch 3/100 | step  270 | loss 0.4250 | lr 9.99e-05
09:56:55 INFO     Epoch 3/100 | step  280 | loss 0.4239 | lr 9.99e-05
09:56:56 INFO     Epoch 3/100 | step  290 | loss 0.2487 | lr 9.99e-05
09:56:56 INFO     Epoch 3/100 | step  300 | loss 0.5533 | lr 9.99e-05
09:56:57 INFO     Epoch 3/100 | step  310 | loss 0.3996 | lr 9.99e-05
09:56:58 INFO     Epoch 3/100 | step  320 | loss 0.3456 | lr 9.99e-05
09:56:58 INFO     Epoch 3/100 | step  330 | loss 0.4711 | lr 9.99e-05
09:56:59 INFO     Epoch 3/100 | step  340 | loss 0.4302 | lr 9.99e-05
09:57:00 INFO     Epoch 3/100 | step  350 | loss 0.2976 | lr 9.99e-05
09:57:00 INFO     Epoch 3/100 | step  360 | loss 0.4786 | lr 9.99e-05
09:57:01 INFO     Epoch 3/100 | step  370 | loss 0.4194 | lr 9.99e-05
09:57:02 INFO     Epoch 3/100 | step  380 | loss 0.4006 | lr 9.99e-05
09:57:02 INFO     Epoch 3/100 | step  390 | loss 0.4088 | lr 9.99e-05
09:57:03 INFO     Epoch 3/100 | step  400 | loss 0.5235 | lr 9.99e-05
09:57:04 INFO     Epoch 3/100 | step  410 | loss 0.2904 | lr 9.99e-05
09:57:04 INFO     Epoch 3/100 | step  420 | loss 0.3486 | lr 9.99e-05
09:57:05 INFO     Epoch 3/100 | step  430 | loss 0.7541 | lr 9.99e-05
09:57:05 INFO     Epoch 3/100 | step  440 | loss 0.3329 | lr 9.99e-05
09:57:06 INFO     Epoch 3/100 | step  450 | loss 0.3654 | lr 9.99e-05
09:57:07 INFO     Epoch 3/100 | step  460 | loss 0.6412 | lr 9.99e-05
09:57:07 INFO     Epoch 3/100 | step  470 | loss 0.4941 | lr 9.99e-05
09:57:08 INFO     Epoch 3/100 | step  480 | loss 0.4125 | lr 9.99e-05
09:57:09 INFO     Epoch 3/100 | step  490 | loss 0.3182 | lr 9.99e-05
09:57:09 INFO     Epoch 3/100 | step  500 | loss 0.4255 | lr 9.99e-05
09:57:10 INFO     Epoch 3/100 | step  510 | loss 0.3680 | lr 9.99e-05
09:57:11 INFO     Epoch 3/100 | step  520 | loss 0.3469 | lr 9.99e-05
09:57:11 INFO     Epoch 3/100 | step  530 | loss 0.4681 | lr 9.99e-05
09:57:12 INFO     Epoch 3/100 | step  540 | loss 0.4871 | lr 9.99e-05
09:57:13 INFO     Epoch 3/100 | step  550 | loss 0.4308 | lr 9.99e-05
09:57:13 INFO     Epoch 3/100 | step  560 | loss 0.3091 | lr 9.99e-05
09:57:14 INFO     Epoch 3/100 | step  570 | loss 0.4963 | lr 9.99e-05
09:57:15 INFO     Epoch 3/100 | step  580 | loss 0.3661 | lr 9.99e-05
09:57:15 INFO     Epoch 3/100 | step  590 | loss 0.1804 | lr 9.99e-05
09:57:16 INFO     Epoch 3/100 | step  600 | loss 0.2915 | lr 9.99e-05
09:57:17 INFO     Epoch 3/100 | step  610 | loss 0.4350 | lr 9.99e-05
09:57:17 INFO     Epoch 3/100 | step  620 | loss 0.5344 | lr 9.99e-05
09:57:18 INFO     Epoch 3/100 | step  630 | loss 0.4741 | lr 9.99e-05
09:57:19 INFO     Epoch 3/100 | step  640 | loss 0.4254 | lr 9.99e-05
09:57:19 INFO     Epoch 3/100 | step  650 | loss 0.2965 | lr 9.99e-05
09:57:20 INFO     Epoch 3/100 | step  660 | loss 0.4320 | lr 9.99e-05
09:57:21 INFO     Epoch 3/100 | step  670 | loss 0.2644 | lr 9.99e-05
09:57:21 INFO     Epoch 3/100 | step  680 | loss 0.4266 | lr 9.99e-05
09:57:22 INFO     Epoch 3/100 | step  690 | loss 0.2654 | lr 9.99e-05
09:57:23 INFO     Epoch 3/100 | step  700 | loss 0.4953 | lr 9.99e-05
09:57:23 INFO     Epoch 3/100 | step  710 | loss 0.3543 | lr 9.99e-05
09:57:24 INFO     Epoch 3/100 | step  720 | loss 0.5382 | lr 9.99e-05
09:57:25 INFO     Epoch 3/100 | step  730 | loss 0.4365 | lr 9.99e-05
09:57:25 INFO     Epoch 3/100 | step  740 | loss 0.3877 | lr 9.99e-05
09:57:26 INFO     Epoch 3/100 | step  750 | loss 0.4277 | lr 9.99e-05
09:57:27 INFO     Epoch 3/100 | step  760 | loss 0.5138 | lr 9.99e-05
09:57:27 INFO     Epoch 3/100 | step  770 | loss 0.3535 | lr 9.99e-05
09:57:28 INFO     Epoch 3/100 | step  780 | loss 0.3008 | lr 9.99e-05
09:57:28 INFO     Epoch 3/100 | step  790 | loss 0.2767 | lr 9.99e-05
09:57:29 INFO     Epoch 3/100 | step  800 | loss 0.4932 | lr 9.99e-05
09:57:30 INFO     Epoch 3/100 | step  810 | loss 0.4747 | lr 9.99e-05
09:57:30 INFO     Epoch 3/100 | step  820 | loss 0.4255 | lr 9.99e-05
09:57:31 INFO     Epoch 3/100 | step  830 | loss 0.3767 | lr 9.99e-05
09:57:32 INFO     Epoch 3/100 | step  840 | loss 0.3449 | lr 9.99e-05
09:57:32 INFO     Epoch 3/100 | step  850 | loss 0.3702 | lr 9.99e-05
09:57:33 INFO     Epoch 3/100 | step  860 | loss 0.4615 | lr 9.99e-05
09:57:34 INFO     Epoch 3/100 | step  870 | loss 0.4707 | lr 9.99e-05
09:57:34 INFO     Epoch 3/100 | step  880 | loss 0.4333 | lr 9.99e-05
09:57:35 INFO     Epoch 3/100 | step  890 | loss 0.4369 | lr 9.99e-05
09:57:36 INFO     Epoch 3/100 | step  900 | loss 0.4153 | lr 9.99e-05
09:57:36 INFO     Epoch 3/100 | step  910 | loss 0.3519 | lr 9.99e-05
09:57:37 INFO     Epoch 3/100 | step  920 | loss 0.3352 | lr 9.99e-05
09:57:38 INFO     Epoch 3/100 | step  930 | loss 0.2933 | lr 9.99e-05
09:57:38 INFO     Epoch 3/100 | step  940 | loss 0.3469 | lr 9.99e-05
09:57:39 INFO     Epoch 3/100 | step  950 | loss 0.2955 | lr 9.99e-05
09:57:40 INFO     Epoch 3/100 | step  960 | loss 0.5372 | lr 9.99e-05
09:57:40 INFO     Epoch 3/100 | step  970 | loss 0.2995 | lr 9.99e-05
09:57:41 INFO     Epoch 3/100 | step  980 | loss 0.5199 | lr 9.99e-05
09:57:42 INFO     Epoch 3/100 | step  990 | loss 0.3246 | lr 9.99e-05
09:57:42 INFO     Epoch 3/100 | step 1000 | loss 0.5887 | lr 9.99e-05
09:57:43 INFO     Epoch 3/100 | step 1010 | loss 0.6973 | lr 9.99e-05
09:57:44 INFO     Epoch 3/100 | step 1020 | loss 0.3648 | lr 9.99e-05
09:57:44 INFO     Epoch 3/100 | step 1030 | loss 0.3301 | lr 9.99e-05
09:57:45 INFO     Epoch 3/100 | step 1040 | loss 0.4425 | lr 9.99e-05
09:57:46 INFO     Epoch 3/100 | step 1050 | loss 0.5078 | lr 9.99e-05
09:57:46 INFO     Epoch 3/100 | step 1060 | loss 0.7620 | lr 9.99e-05
09:57:47 INFO     Epoch 3/100 | step 1070 | loss 0.4774 | lr 9.99e-05
09:57:48 INFO     Epoch 3/100 | step 1080 | loss 0.3482 | lr 9.99e-05
09:57:48 INFO     Epoch 3/100 | step 1090 | loss 0.3819 | lr 9.99e-05
09:57:49 INFO     Epoch 3/100 | step 1100 | loss 0.2686 | lr 9.99e-05
09:57:50 INFO     Epoch 3/100 | step 1110 | loss 0.2974 | lr 9.99e-05
09:57:50 INFO     Epoch 3/100 | step 1120 | loss 0.3284 | lr 9.99e-05
09:57:51 INFO     Epoch 3/100 | step 1130 | loss 0.3326 | lr 9.99e-05
09:57:51 INFO     Epoch 3/100 | step 1140 | loss 0.4456 | lr 9.99e-05
09:57:52 INFO     Epoch 3/100 | step 1150 | loss 0.2490 | lr 9.99e-05
09:57:53 INFO     Epoch 3/100 | step 1160 | loss 0.5255 | lr 9.99e-05
09:57:53 INFO     Epoch 3/100 | step 1170 | loss 0.4107 | lr 9.99e-05
09:57:54 INFO     Epoch 3/100 | step 1180 | loss 0.3889 | lr 9.99e-05
09:57:55 INFO     Epoch 3/100 | step 1190 | loss 0.5493 | lr 9.99e-05
09:57:55 INFO     Epoch 3/100 | step 1200 | loss 0.4378 | lr 9.99e-05
09:57:56 INFO     Epoch 3/100 | step 1210 | loss 0.4473 | lr 9.99e-05
09:57:57 INFO     Epoch 3/100 | step 1220 | loss 0.4653 | lr 9.99e-05
09:57:57 INFO     Epoch 3/100 | step 1230 | loss 0.5184 | lr 9.99e-05
09:57:58 INFO     Epoch 3/100 | step 1240 | loss 0.3164 | lr 9.99e-05
09:57:59 INFO     Epoch 3/100 | step 1250 | loss 0.3152 | lr 9.99e-05
09:57:59 INFO     Epoch 3/100 | step 1260 | loss 0.4049 | lr 9.99e-05
09:58:00 INFO     Epoch 3/100 | step 1270 | loss 0.3852 | lr 9.99e-05
09:58:01 INFO     Epoch 3/100 | step 1280 | loss 0.4082 | lr 9.99e-05
09:58:01 INFO     Epoch 3/100 | step 1290 | loss 0.4318 | lr 9.99e-05
09:58:02 INFO     Epoch 3/100 | step 1300 | loss 0.5110 | lr 9.99e-05
09:58:03 INFO     Epoch 3/100 | step 1310 | loss 0.4594 | lr 9.99e-05
09:58:03 INFO     Epoch 3/100 | step 1320 | loss 0.4858 | lr 9.99e-05
09:58:04 INFO     Epoch 3/100 | step 1330 | loss 0.2408 | lr 9.99e-05
09:58:05 INFO     Epoch 3/100 | step 1340 | loss 0.3909 | lr 9.99e-05
09:58:05 INFO     Epoch 3/100 | step 1350 | loss 0.3277 | lr 9.99e-05
09:58:06 INFO     Epoch 3/100 | step 1360 | loss 0.3474 | lr 9.99e-05
09:58:07 INFO     Epoch 3/100 | step 1370 | loss 0.4576 | lr 9.99e-05
09:58:07 INFO     Epoch 3/100 | step 1380 | loss 0.8218 | lr 9.99e-05
09:58:08 INFO     Epoch 3/100 | step 1390 | loss 0.4527 | lr 9.99e-05
09:58:09 INFO     Epoch 3/100 | step 1400 | loss 0.3557 | lr 9.99e-05
09:58:09 INFO     Epoch 3/100 | step 1410 | loss 0.6144 | lr 9.99e-05
09:58:10 INFO     Epoch 3/100 | step 1420 | loss 0.4090 | lr 9.99e-05
09:58:11 INFO     Epoch 3/100 | step 1430 | loss 0.3654 | lr 9.99e-05
09:58:11 INFO     Epoch 3/100 | step 1440 | loss 0.3953 | lr 9.99e-05
09:58:12 INFO     Epoch 3/100 | step 1450 | loss 0.2633 | lr 9.99e-05
09:58:13 INFO     Epoch 3/100 | step 1460 | loss 0.3479 | lr 9.99e-05
09:58:13 INFO     Epoch 3/100 | step 1470 | loss 0.3722 | lr 9.99e-05
09:58:14 INFO     Epoch 3/100 | step 1480 | loss 0.2697 | lr 9.99e-05
09:58:15 INFO     Epoch 3/100 | step 1490 | loss 0.3986 | lr 9.99e-05
09:58:15 INFO     Epoch 3/100 | step 1500 | loss 0.3172 | lr 9.99e-05
09:58:16 INFO     Epoch 3/100 | step 1510 | loss 0.3458 | lr 9.99e-05
09:58:16 INFO     Epoch 3/100 | step 1520 | loss 0.4943 | lr 9.99e-05
09:58:17 INFO     Epoch 3/100 | step 1530 | loss 0.5472 | lr 9.99e-05
09:58:18 INFO     Epoch 3/100 | step 1540 | loss 0.4228 | lr 9.99e-05
09:58:18 INFO     Epoch 3/100 | step 1550 | loss 0.3613 | lr 9.99e-05
09:58:19 INFO     Epoch 3/100 | step 1560 | loss 0.3532 | lr 9.99e-05
09:58:20 INFO     Epoch 3/100 | step 1570 | loss 0.4303 | lr 9.99e-05
09:58:20 INFO     Epoch 3/100 | step 1580 | loss 0.5555 | lr 9.99e-05
09:58:21 INFO     Epoch 3/100 | step 1590 | loss 0.3974 | lr 9.99e-05
09:58:22 INFO     Epoch 3/100 | step 1600 | loss 0.4053 | lr 9.99e-05
09:58:22 INFO     Epoch 3/100 | step 1610 | loss 0.3155 | lr 9.99e-05
09:58:23 INFO     Epoch 3/100 | step 1620 | loss 0.2640 | lr 9.99e-05
09:58:24 INFO     Epoch 3/100 | step 1630 | loss 0.3508 | lr 9.99e-05
09:58:24 INFO     Epoch 3/100 | step 1640 | loss 0.3198 | lr 9.99e-05
09:58:25 INFO     Epoch 3/100 | step 1650 | loss 0.4557 | lr 9.99e-05
09:58:26 INFO     Epoch 3/100 | step 1660 | loss 0.3314 | lr 9.99e-05
09:58:26 INFO     Epoch 3/100 | step 1670 | loss 0.3933 | lr 9.99e-05
09:58:27 INFO     Epoch 3/100 | step 1680 | loss 0.2874 | lr 9.99e-05
09:58:28 INFO     Epoch 3/100 | step 1690 | loss 0.3204 | lr 9.99e-05
09:58:28 INFO     Epoch 3/100 | step 1700 | loss 0.4432 | lr 9.99e-05
09:58:29 INFO     Epoch 3/100 | step 1710 | loss 0.4993 | lr 9.99e-05
09:58:30 INFO     Epoch 3/100 | step 1720 | loss 0.4454 | lr 9.99e-05
09:58:30 INFO     Epoch 3/100 | step 1730 | loss 0.4229 | lr 9.99e-05
09:58:31 INFO     Epoch 3/100 | step 1740 | loss 0.4007 | lr 9.99e-05
09:58:32 INFO     Epoch 3/100 | step 1750 | loss 0.3414 | lr 9.99e-05
09:58:32 INFO     Epoch 3/100 | step 1760 | loss 0.4037 | lr 9.99e-05
09:58:33 INFO     Epoch 3/100 | step 1770 | loss 0.5679 | lr 9.99e-05
09:58:34 INFO     Epoch 3/100 | step 1780 | loss 0.3134 | lr 9.99e-05
09:58:34 INFO     Epoch 3/100 | step 1790 | loss 0.6450 | lr 9.99e-05
09:58:35 INFO     Epoch 3/100 | step 1800 | loss 0.4805 | lr 9.99e-05
09:58:36 INFO     Epoch 3/100 | step 1810 | loss 0.3185 | lr 9.99e-05
09:58:36 INFO     Epoch 3/100 | step 1820 | loss 0.4724 | lr 9.99e-05
09:58:37 INFO     Epoch 3/100 | step 1830 | loss 0.3278 | lr 9.99e-05
09:58:38 INFO     Epoch 3/100 | step 1840 | loss 0.3506 | lr 9.99e-05
09:58:38 INFO     Epoch 3/100 | step 1850 | loss 0.3483 | lr 9.99e-05
09:58:39 INFO     Epoch 3/100 | step 1860 | loss 0.3731 | lr 9.99e-05
09:58:39 INFO     Epoch 3/100 | step 1870 | loss 0.3625 | lr 9.99e-05
09:58:40 INFO     Epoch 3/100 | step 1880 | loss 0.5781 | lr 9.99e-05
09:58:41 INFO     Epoch 3/100 | step 1890 | loss 0.2963 | lr 9.99e-05
09:58:41 INFO     Epoch 3/100 | step 1900 | loss 0.6125 | lr 9.99e-05
09:58:42 INFO     Epoch 3/100 | step 1910 | loss 0.6871 | lr 9.99e-05
09:58:43 INFO     Epoch 3/100 | step 1920 | loss 0.4421 | lr 9.99e-05
09:58:43 INFO     Epoch 3/100 | step 1930 | loss 0.2126 | lr 9.99e-05
09:58:44 INFO     Epoch 3/100 | step 1940 | loss 0.5343 | lr 9.99e-05
09:58:45 INFO     Epoch 3/100 | step 1950 | loss 0.3255 | lr 9.99e-05
09:58:45 INFO     Epoch 3/100 | step 1960 | loss 0.3207 | lr 9.99e-05
09:58:46 INFO     Epoch 3/100 | step 1970 | loss 0.3670 | lr 9.99e-05
09:58:47 INFO     Epoch 3/100 | step 1980 | loss 0.5000 | lr 9.99e-05
09:58:47 INFO     Epoch 3/100 | step 1990 | loss 0.3330 | lr 9.99e-05
09:58:48 INFO     Epoch 3/100 | step 2000 | loss 0.3899 | lr 9.99e-05
09:58:49 INFO     Epoch 3/100 | step 2010 | loss 0.4766 | lr 9.99e-05
09:58:49 INFO     Epoch 3/100 | step 2020 | loss 0.4322 | lr 9.99e-05
09:58:50 INFO     Epoch 3/100 | step 2030 | loss 0.4827 | lr 9.99e-05
09:58:51 INFO     Epoch 3/100 | step 2040 | loss 0.5148 | lr 9.99e-05
09:58:51 INFO     Epoch 3/100 | step 2050 | loss 0.3044 | lr 9.99e-05
09:58:52 INFO     Epoch 3/100 | step 2060 | loss 0.4634 | lr 9.99e-05
09:58:53 INFO     Epoch 3/100 | step 2070 | loss 0.4216 | lr 9.99e-05
09:58:53 INFO     Epoch 3/100 | step 2080 | loss 0.2625 | lr 9.99e-05
09:58:54 INFO     Epoch 3/100 | step 2090 | loss 0.4178 | lr 9.99e-05
09:58:55 INFO     Epoch 3/100 | step 2100 | loss 0.2621 | lr 9.99e-05
09:58:55 INFO     Epoch 3/100 | step 2110 | loss 0.4098 | lr 9.99e-05
09:58:56 INFO     Epoch 3/100 | step 2120 | loss 0.3483 | lr 9.99e-05
09:58:57 INFO     Epoch 3/100 | step 2130 | loss 0.3438 | lr 9.99e-05
09:58:57 INFO     Epoch 3/100 | step 2140 | loss 0.4950 | lr 9.99e-05
09:58:58 INFO     Epoch 3/100 | step 2150 | loss 0.3705 | lr 9.99e-05
09:58:59 INFO     Epoch 3/100 | step 2160 | loss 0.2695 | lr 9.99e-05
09:58:59 INFO     Epoch 3/100 | step 2170 | loss 0.4082 | lr 9.99e-05
09:59:00 INFO     Epoch 3/100 | step 2180 | loss 0.4034 | lr 9.99e-05
09:59:01 INFO     Epoch 3/100 | step 2190 | loss 0.4776 | lr 9.99e-05
09:59:01 INFO     Epoch 3/100 | step 2200 | loss 0.3742 | lr 9.99e-05
09:59:02 INFO     Epoch 3/100 | step 2210 | loss 0.3719 | lr 9.99e-05
09:59:02 INFO     Epoch 3/100 | step 2220 | loss 0.4488 | lr 9.99e-05
09:59:03 INFO     Epoch 3/100 | step 2230 | loss 0.4724 | lr 9.99e-05
09:59:04 INFO     Epoch 3/100 | step 2240 | loss 0.3920 | lr 9.99e-05
09:59:04 INFO     Epoch 3/100 | step 2250 | loss 0.3375 | lr 9.99e-05
09:59:05 INFO     Epoch 3/100 | step 2260 | loss 0.4892 | lr 9.99e-05
09:59:06 INFO     Epoch 3/100 | step 2270 | loss 0.3358 | lr 9.99e-05
09:59:06 INFO     Epoch 3/100 | step 2280 | loss 0.2710 | lr 9.99e-05
09:59:07 INFO     Epoch 3/100 | step 2290 | loss 0.4173 | lr 9.99e-05
09:59:08 INFO     Epoch 3/100 | step 2300 | loss 0.3500 | lr 9.99e-05
09:59:08 INFO     Epoch 3/100 | step 2310 | loss 0.5452 | lr 9.99e-05
09:59:09 INFO     Epoch 3/100 | step 2320 | loss 0.2733 | lr 9.99e-05
09:59:10 INFO     Epoch 3/100 | step 2330 | loss 0.2939 | lr 9.99e-05
09:59:10 INFO     Epoch 3/100 | step 2340 | loss 0.5222 | lr 9.99e-05
09:59:11 INFO     Epoch 3/100 | step 2350 | loss 0.4386 | lr 9.99e-05
09:59:12 INFO     Epoch 3/100 | step 2360 | loss 0.5707 | lr 9.99e-05
09:59:12 INFO     Epoch 3/100 | step 2370 | loss 0.5216 | lr 9.99e-05
09:59:13 INFO     Epoch 3/100 | step 2380 | loss 0.3262 | lr 9.99e-05
09:59:14 INFO     Epoch 3/100 | step 2390 | loss 0.3865 | lr 9.99e-05
09:59:14 INFO     Epoch 3/100 | step 2400 | loss 0.3601 | lr 9.99e-05
09:59:15 INFO     Epoch 3/100 | step 2410 | loss 0.3678 | lr 9.99e-05
09:59:16 INFO     Epoch 3/100 | step 2420 | loss 0.3379 | lr 9.99e-05
09:59:16 INFO     Epoch 3/100 | step 2430 | loss 0.3667 | lr 9.99e-05
09:59:17 INFO     Epoch 3/100 | step 2440 | loss 0.3837 | lr 9.99e-05
09:59:18 INFO     Epoch 3/100 | step 2450 | loss 0.5222 | lr 9.99e-05
09:59:18 INFO     Epoch 3/100 | step 2460 | loss 0.3261 | lr 9.99e-05
09:59:19 INFO     Epoch 3/100 | step 2470 | loss 0.4228 | lr 9.99e-05
09:59:20 INFO     Epoch 3/100 | step 2480 | loss 0.3738 | lr 9.99e-05
09:59:20 INFO     Epoch 3/100 | step 2490 | loss 0.4103 | lr 9.99e-05
09:59:21 INFO     Epoch 3/100 | step 2500 | loss 0.2502 | lr 9.99e-05
09:59:22 INFO     Epoch 3/100 | step 2510 | loss 0.4789 | lr 9.99e-05
09:59:22 INFO     Epoch 3/100 | step 2520 | loss 0.4135 | lr 9.99e-05
09:59:23 INFO     Epoch 3/100 | step 2530 | loss 0.3986 | lr 9.99e-05
09:59:24 INFO     Epoch 3/100 | step 2540 | loss 0.2768 | lr 9.99e-05
09:59:24 INFO     Epoch 3/100 | step 2550 | loss 0.3474 | lr 9.99e-05
09:59:25 INFO     Epoch 3/100 | step 2560 | loss 0.4654 | lr 9.99e-05
09:59:26 INFO     Epoch 3/100 | step 2570 | loss 0.3692 | lr 9.99e-05
09:59:26 INFO     Epoch 3/100 | step 2580 | loss 0.4032 | lr 9.99e-05
09:59:27 INFO     Epoch 3/100 | step 2590 | loss 0.3525 | lr 9.99e-05
09:59:27 INFO     Epoch 3/100 | step 2600 | loss 0.3790 | lr 9.99e-05
09:59:28 INFO     Epoch 3/100 | step 2610 | loss 0.5140 | lr 9.99e-05
09:59:29 INFO     Epoch 3/100 | step 2620 | loss 0.3504 | lr 9.99e-05
09:59:29 INFO     Epoch 3/100 | step 2630 | loss 0.3019 | lr 9.99e-05
09:59:30 INFO     Epoch 3/100 | step 2640 | loss 0.4379 | lr 9.99e-05
09:59:31 INFO     Epoch 3/100 | step 2650 | loss 0.5671 | lr 9.99e-05
09:59:31 INFO     Epoch 3/100 | step 2660 | loss 0.3394 | lr 9.99e-05
09:59:32 INFO     Epoch 3/100 | step 2670 | loss 0.4240 | lr 9.99e-05
09:59:33 INFO     Epoch 3/100 | step 2680 | loss 0.4855 | lr 9.99e-05
09:59:33 INFO     Epoch 3/100 | step 2690 | loss 0.4309 | lr 9.99e-05
09:59:34 INFO     Epoch 3/100 | step 2700 | loss 0.7745 | lr 9.99e-05
09:59:35 INFO     Epoch 3/100 | step 2710 | loss 0.4207 | lr 9.99e-05
09:59:35 INFO     Epoch 3/100 | step 2720 | loss 0.3243 | lr 9.99e-05
09:59:36 INFO     Epoch 3/100 | step 2730 | loss 0.3413 | lr 9.99e-05
09:59:37 INFO     Epoch 3/100 | step 2740 | loss 0.3955 | lr 9.99e-05
09:59:37 INFO     Epoch 3/100 | step 2750 | loss 0.4701 | lr 9.99e-05
09:59:38 INFO     Epoch 3/100 | step 2760 | loss 0.4908 | lr 9.99e-05
09:59:39 INFO     Epoch 3/100 | step 2770 | loss 0.2637 | lr 9.99e-05
09:59:39 INFO     Epoch 3/100 | step 2780 | loss 0.4654 | lr 9.99e-05
09:59:40 INFO     Epoch 3/100 | step 2790 | loss 0.3267 | lr 9.99e-05
09:59:41 INFO     Epoch 3/100 | step 2800 | loss 0.3109 | lr 9.99e-05
09:59:41 INFO     Epoch 3/100 | step 2810 | loss 0.4211 | lr 9.99e-05
09:59:42 INFO     Epoch 3/100 | step 2820 | loss 0.4088 | lr 9.99e-05
09:59:43 INFO     Epoch 3/100 | step 2830 | loss 0.5143 | lr 9.99e-05
09:59:43 INFO     Epoch 3/100 | step 2840 | loss 0.2653 | lr 9.99e-05
09:59:44 INFO     Epoch 3/100 | step 2850 | loss 0.3850 | lr 9.99e-05
09:59:45 INFO     Epoch 3/100 | step 2860 | loss 0.3764 | lr 9.99e-05
09:59:45 INFO     Epoch 3/100 | step 2870 | loss 0.4785 | lr 9.99e-05
09:59:46 INFO     Epoch 3/100 | step 2880 | loss 0.3811 | lr 9.99e-05
09:59:47 INFO     Epoch 3/100 | step 2890 | loss 0.4216 | lr 9.99e-05
09:59:47 INFO     Epoch 3/100 | step 2900 | loss 0.3604 | lr 9.99e-05
09:59:48 INFO     Epoch 3/100 | step 2910 | loss 0.4910 | lr 9.99e-05
09:59:49 INFO     Epoch 3/100 | step 2920 | loss 0.6813 | lr 9.99e-05
09:59:49 INFO     Epoch 3/100 | step 2930 | loss 0.3757 | lr 9.99e-05
09:59:50 INFO     Epoch 3/100 | step 2940 | loss 0.3886 | lr 9.99e-05
09:59:51 INFO     Epoch 3/100 | step 2950 | loss 0.3508 | lr 9.99e-05
09:59:51 INFO     Epoch 3/100 | step 2960 | loss 0.3980 | lr 9.99e-05
09:59:52 INFO     Epoch 3/100 | step 2970 | loss 0.4251 | lr 9.99e-05
09:59:52 INFO     Epoch 3/100 | step 2980 | loss 0.2654 | lr 9.99e-05
09:59:53 INFO     Epoch 3/100 | step 2990 | loss 0.4586 | lr 9.99e-05
09:59:54 INFO     Epoch 3/100 | step 3000 | loss 0.4877 | lr 9.99e-05
09:59:54 INFO     Epoch 3/100 | step 3010 | loss 0.3662 | lr 9.99e-05
09:59:55 INFO     Epoch 3/100 | step 3020 | loss 0.3017 | lr 9.99e-05
09:59:56 INFO     Epoch 3/100 | step 3030 | loss 0.3266 | lr 9.99e-05
09:59:56 INFO     Epoch 3/100 | step 3040 | loss 0.2687 | lr 9.99e-05
09:59:57 INFO     Epoch 3/100 | step 3050 | loss 0.2953 | lr 9.99e-05
09:59:58 INFO     Epoch 3/100 | step 3060 | loss 0.3169 | lr 9.99e-05
09:59:58 INFO     Epoch 3/100 | step 3070 | loss 0.4232 | lr 9.99e-05
09:59:59 INFO     Epoch 3/100 | step 3080 | loss 0.2863 | lr 9.99e-05
10:00:00 INFO     Epoch 3/100 | step 3090 | loss 0.3200 | lr 9.99e-05
10:00:00 INFO     Epoch 3/100 | step 3100 | loss 0.3249 | lr 9.99e-05
10:00:01 INFO     Epoch 3/100 | step 3110 | loss 0.3952 | lr 9.99e-05
10:00:02 INFO     Epoch 3/100 | step 3120 | loss 0.2943 | lr 9.99e-05
10:00:02 INFO     Epoch 3/100 | step 3130 | loss 0.4008 | lr 9.99e-05
10:00:03 INFO     Epoch 3/100 | step 3140 | loss 0.2878 | lr 9.99e-05
10:00:04 INFO     Epoch 3/100 | step 3150 | loss 0.4915 | lr 9.99e-05
10:00:04 INFO     Epoch 3/100 | step 3160 | loss 0.3622 | lr 9.99e-05
10:00:05 INFO     Epoch 3/100 | step 3170 | loss 0.3386 | lr 9.99e-05
10:00:06 INFO     Epoch 3/100 | step 3180 | loss 0.4816 | lr 9.99e-05
10:00:06 INFO     Epoch 3/100 | step 3190 | loss 0.4004 | lr 9.99e-05
10:00:07 INFO     Epoch 3/100 | step 3200 | loss 0.4347 | lr 9.99e-05
10:00:08 INFO     Epoch 3/100 | step 3210 | loss 0.2433 | lr 9.99e-05
10:00:08 INFO     Epoch 3/100 | step 3220 | loss 0.2580 | lr 9.99e-05
10:00:09 INFO     Epoch 3/100 | step 3230 | loss 0.4267 | lr 9.99e-05
10:00:10 INFO     Epoch 3/100 | step 3240 | loss 0.3579 | lr 9.99e-05
10:00:10 INFO     Epoch 3/100 | step 3250 | loss 0.2565 | lr 9.99e-05
10:00:11 INFO     Epoch 3/100 | step 3260 | loss 0.3530 | lr 9.99e-05
10:00:12 INFO     Epoch 3/100 | step 3270 | loss 0.4126 | lr 9.99e-05
10:00:12 INFO     Epoch 3/100 | step 3280 | loss 0.4385 | lr 9.99e-05
10:00:13 INFO     Epoch 3/100 | step 3290 | loss 0.3224 | lr 9.99e-05
10:00:14 INFO     Epoch 3/100 | step 3300 | loss 0.2868 | lr 9.99e-05
10:00:14 INFO     Epoch 3/100 | step 3310 | loss 0.3312 | lr 9.99e-05
10:00:15 INFO     Epoch 3/100 | step 3320 | loss 0.4718 | lr 9.99e-05
10:00:15 INFO     Epoch 3/100 | step 3330 | loss 0.4249 | lr 9.99e-05
10:00:16 INFO     Epoch 3/100 | step 3340 | loss 0.4311 | lr 9.99e-05
10:00:17 INFO     Epoch 3/100 | step 3350 | loss 0.3796 | lr 9.99e-05
10:00:17 INFO     Epoch 3/100 | step 3360 | loss 0.2876 | lr 9.99e-05
10:00:18 INFO     Epoch 3/100 | step 3370 | loss 0.3427 | lr 9.99e-05
10:00:19 INFO     Epoch 3/100 | step 3380 | loss 0.4060 | lr 9.99e-05
10:00:19 INFO     Epoch 3/100 | step 3390 | loss 0.3563 | lr 9.99e-05
10:00:20 INFO     Epoch 3/100 | step 3400 | loss 0.3172 | lr 9.99e-05
10:00:21 INFO     Epoch 3/100 | step 3410 | loss 0.4267 | lr 9.99e-05
10:00:21 INFO     Epoch 3/100 | step 3420 | loss 0.4074 | lr 9.99e-05
10:00:22 INFO     Epoch 3/100 | step 3430 | loss 0.3172 | lr 9.99e-05
10:00:23 INFO     Epoch 3/100 | step 3440 | loss 0.5336 | lr 9.99e-05
10:00:23 INFO     Epoch 3/100 | step 3450 | loss 0.3960 | lr 9.99e-05
10:00:24 INFO     Epoch 3/100 | step 3460 | loss 0.2431 | lr 9.99e-05
10:00:25 INFO     Epoch 3/100 | step 3470 | loss 0.4549 | lr 9.99e-05
10:00:25 INFO     Epoch 3/100 | step 3480 | loss 0.3539 | lr 9.99e-05
10:00:26 INFO     Epoch 3/100 | step 3490 | loss 0.6057 | lr 9.99e-05
10:00:27 INFO     Epoch 3/100 | step 3500 | loss 0.2840 | lr 9.99e-05
10:00:27 INFO     Epoch 3/100 | step 3510 | loss 0.3740 | lr 9.99e-05
10:00:28 INFO     Epoch 3/100 | step 3520 | loss 0.3771 | lr 9.99e-05
10:00:29 INFO     Epoch 3/100 | step 3530 | loss 0.3303 | lr 9.99e-05
10:00:29 INFO     Epoch 3/100 | step 3540 | loss 0.3094 | lr 9.99e-05
10:00:30 INFO     Epoch 3/100 | step 3550 | loss 0.4057 | lr 9.99e-05
10:00:31 INFO     Epoch 3/100 | step 3560 | loss 0.3014 | lr 9.99e-05
10:00:31 INFO     Epoch 3/100 | step 3570 | loss 0.5012 | lr 9.99e-05
10:00:32 INFO     Epoch 3/100 | step 3580 | loss 0.5171 | lr 9.99e-05
10:00:33 INFO     Epoch 3/100 | step 3590 | loss 0.2672 | lr 9.99e-05
10:00:33 INFO     Epoch 3/100 | step 3600 | loss 0.2898 | lr 9.99e-05
10:00:34 INFO     Epoch 3/100 | step 3610 | loss 0.4642 | lr 9.99e-05
10:00:35 INFO     Epoch 3/100 | step 3620 | loss 0.2637 | lr 9.99e-05
10:00:35 INFO     Epoch 3/100 | step 3630 | loss 0.4132 | lr 9.99e-05
10:00:36 INFO     Epoch 3/100 | step 3640 | loss 0.4070 | lr 9.99e-05
10:00:37 INFO     Epoch 3/100 | step 3650 | loss 0.3767 | lr 9.99e-05
10:00:37 INFO     Epoch 3/100 | step 3660 | loss 0.2634 | lr 9.99e-05
10:00:38 INFO     Epoch 3/100 | step 3670 | loss 0.3481 | lr 9.99e-05
10:00:39 INFO     Epoch 3/100 | step 3680 | loss 0.2964 | lr 9.99e-05
10:00:39 INFO     Epoch 3/100 | step 3690 | loss 0.3870 | lr 9.99e-05
10:00:40 INFO     Epoch 3/100 | step 3700 | loss 0.5212 | lr 9.99e-05
10:00:40 INFO     Epoch 3/100 | step 3710 | loss 0.3025 | lr 9.99e-05
10:00:41 INFO     Epoch 3/100 | step 3720 | loss 0.4226 | lr 9.99e-05
10:00:42 INFO     Epoch 3/100 | step 3730 | loss 0.3202 | lr 9.99e-05
10:00:42 INFO     Epoch 3/100 | step 3740 | loss 0.3222 | lr 9.99e-05
10:00:43 INFO     Epoch 3/100 | step 3750 | loss 0.3813 | lr 9.99e-05
10:00:44 INFO     Epoch 3/100 | step 3760 | loss 0.3995 | lr 9.99e-05
10:00:44 INFO     Epoch 3/100 | step 3770 | loss 0.4008 | lr 9.99e-05
10:00:45 INFO     Epoch 3/100 | step 3780 | loss 0.2810 | lr 9.99e-05
10:00:46 INFO     Epoch 3/100 | step 3790 | loss 0.3070 | lr 9.99e-05
10:00:46 INFO     Epoch 3/100 | step 3800 | loss 0.3864 | lr 9.99e-05
10:00:47 INFO     Epoch 3/100 | step 3810 | loss 0.5172 | lr 9.99e-05
10:00:48 INFO     Epoch 3/100 | step 3820 | loss 0.7199 | lr 9.99e-05
10:00:48 INFO     Epoch 3/100 | step 3830 | loss 0.4796 | lr 9.99e-05
10:00:49 INFO     Epoch 3/100 | step 3840 | loss 0.6223 | lr 9.99e-05
10:00:50 INFO     Epoch 3/100 | step 3850 | loss 0.2910 | lr 9.99e-05
10:00:50 INFO     Epoch 3/100 | step 3860 | loss 0.4522 | lr 9.99e-05
10:00:51 INFO     Epoch 3/100 | step 3870 | loss 0.6357 | lr 9.99e-05
10:00:52 INFO     Epoch 3/100 | step 3880 | loss 0.3824 | lr 9.99e-05
10:00:52 INFO     Epoch 3/100 | step 3890 | loss 0.4295 | lr 9.99e-05
10:00:53 INFO     Epoch 3/100 | step 3900 | loss 0.3404 | lr 9.99e-05
10:00:54 INFO     Epoch 3/100 | step 3910 | loss 0.5149 | lr 9.99e-05
10:00:54 INFO     Epoch 3/100 | step 3920 | loss 0.3629 | lr 9.99e-05
10:00:55 INFO     Epoch 3/100 | step 3930 | loss 0.4130 | lr 9.99e-05
10:00:56 INFO     Epoch 3/100 | step 3940 | loss 0.7893 | lr 9.99e-05
10:00:56 INFO     Epoch 3/100 | step 3950 | loss 0.3033 | lr 9.99e-05
10:00:57 INFO     Epoch 3/100 | step 3960 | loss 0.4235 | lr 9.99e-05
10:00:58 INFO     Epoch 3/100 | step 3970 | loss 0.2990 | lr 9.99e-05
10:00:58 INFO     Epoch 3/100 | step 3980 | loss 0.4001 | lr 9.99e-05
10:00:59 INFO     Epoch 3/100 | step 3990 | loss 0.3184 | lr 9.99e-05
10:01:00 INFO     Epoch 3/100 | step 4000 | loss 0.4163 | lr 9.99e-05
10:01:00 INFO     Epoch 3/100 | step 4010 | loss 0.2259 | lr 9.99e-05
10:01:01 INFO     Epoch 3/100 | step 4020 | loss 0.5276 | lr 9.99e-05
10:01:02 INFO     Epoch 3/100 | step 4030 | loss 0.4569 | lr 9.99e-05
10:01:02 INFO     Epoch 3/100 | step 4040 | loss 0.3518 | lr 9.99e-05
10:01:03 INFO     Epoch 3/100 | step 4050 | loss 0.4053 | lr 9.99e-05
10:01:04 INFO     Epoch 3/100 | step 4060 | loss 0.3106 | lr 9.99e-05
10:01:04 INFO     Epoch 3/100 | step 4070 | loss 0.2978 | lr 9.99e-05
10:01:05 INFO     Epoch 3/100 | step 4080 | loss 0.5589 | lr 9.99e-05
10:01:05 INFO     Epoch 3/100 | step 4090 | loss 0.2399 | lr 9.99e-05
10:01:06 INFO     Epoch 3/100 | step 4100 | loss 0.4814 | lr 9.99e-05
10:01:07 INFO     Epoch 3/100 | step 4110 | loss 0.4342 | lr 9.99e-05
10:01:07 INFO     Epoch 3/100 | step 4120 | loss 0.3754 | lr 9.99e-05
10:01:08 INFO     Epoch 3/100 | step 4130 | loss 0.3904 | lr 9.99e-05
10:01:09 INFO     Epoch 3/100 | step 4140 | loss 0.3800 | lr 9.99e-05
10:01:09 INFO     Epoch 3/100 | step 4150 | loss 0.2977 | lr 9.99e-05
10:01:10 INFO     Epoch 3/100 | step 4160 | loss 0.3639 | lr 9.99e-05
10:01:11 INFO     Epoch 3/100 | step 4170 | loss 0.3029 | lr 9.99e-05
10:01:11 INFO     Epoch 3/100 | step 4180 | loss 0.3508 | lr 9.99e-05
10:01:12 INFO     Epoch 3/100 | step 4190 | loss 0.2104 | lr 9.99e-05
10:01:13 INFO     Epoch 3/100 | step 4200 | loss 0.3435 | lr 9.99e-05
10:01:13 INFO     Epoch 3/100 | step 4210 | loss 0.5281 | lr 9.99e-05
10:01:14 INFO     Epoch 3/100 | step 4220 | loss 0.2969 | lr 9.99e-05
10:01:15 INFO     Epoch 3/100 | step 4230 | loss 0.4117 | lr 9.99e-05
10:01:15 INFO     Epoch 3/100 | step 4240 | loss 0.4225 | lr 9.99e-05
10:01:16 INFO     Epoch 3/100 | step 4250 | loss 0.2177 | lr 9.99e-05
10:01:17 INFO     Epoch 3/100 | step 4260 | loss 0.2883 | lr 9.99e-05
10:01:17 INFO     Epoch 3/100 | step 4270 | loss 0.5171 | lr 9.99e-05
10:01:18 INFO     Epoch 3/100 | step 4280 | loss 0.5373 | lr 9.99e-05
10:01:19 INFO     Epoch 3/100 | step 4290 | loss 0.4959 | lr 9.99e-05
10:01:19 INFO     Epoch 3/100 | step 4300 | loss 0.3478 | lr 9.99e-05
10:01:20 INFO     Epoch 3/100 | step 4310 | loss 0.4460 | lr 9.99e-05
10:01:21 INFO     Epoch 3/100 | step 4320 | loss 0.2879 | lr 9.99e-05
10:01:21 INFO     Epoch 3/100 | step 4330 | loss 0.3676 | lr 9.99e-05
10:01:22 INFO     Epoch 3/100 | step 4340 | loss 0.3548 | lr 9.99e-05
10:01:23 INFO     Epoch 3/100 | step 4350 | loss 0.3220 | lr 9.99e-05
10:01:23 INFO     Epoch 3/100 | step 4360 | loss 0.3793 | lr 9.99e-05
10:01:24 INFO     Epoch 3/100 | step 4370 | loss 0.2472 | lr 9.99e-05
10:01:25 INFO     Epoch 3/100 | step 4380 | loss 0.4609 | lr 9.99e-05
10:01:25 INFO     Epoch 3/100 | step 4390 | loss 0.3504 | lr 9.99e-05
10:01:26 INFO     Epoch 3/100 | step 4400 | loss 0.2080 | lr 9.99e-05
10:01:27 INFO     Epoch 3/100 | step 4410 | loss 0.4032 | lr 9.99e-05
10:01:27 INFO     Epoch 3/100 | step 4420 | loss 0.3715 | lr 9.99e-05
10:01:28 INFO     Epoch 3/100 | step 4430 | loss 0.3577 | lr 9.99e-05
10:01:29 INFO     Epoch 3/100 | step 4440 | loss 0.5437 | lr 9.99e-05
10:01:29 INFO     Epoch 3/100 | step 4450 | loss 0.4107 | lr 9.99e-05
10:01:30 INFO     Epoch 3/100 | step 4460 | loss 0.2507 | lr 9.99e-05
10:01:30 INFO     Epoch 3/100 | step 4470 | loss 0.3013 | lr 9.99e-05
10:01:31 INFO     Epoch 3/100 | step 4480 | loss 0.5818 | lr 9.99e-05
10:01:32 INFO     Epoch 3/100 | step 4490 | loss 0.4982 | lr 9.99e-05
10:01:32 INFO     Epoch 3/100 | step 4500 | loss 0.3229 | lr 9.99e-05
10:01:33 INFO     Epoch 3/100 | step 4510 | loss 0.5657 | lr 9.99e-05
10:01:34 INFO     Epoch 3/100 | step 4520 | loss 0.3613 | lr 9.99e-05
10:01:34 INFO     Epoch 3/100 | step 4530 | loss 0.1697 | lr 9.99e-05
10:01:35 INFO     Epoch 3/100 | step 4540 | loss 0.4516 | lr 9.99e-05
10:01:36 INFO     Epoch 3/100 | step 4550 | loss 0.3460 | lr 9.99e-05
10:01:36 INFO     Epoch 3/100 | step 4560 | loss 0.3740 | lr 9.99e-05
10:01:37 INFO     Epoch 3/100 | step 4570 | loss 0.3769 | lr 9.99e-05
10:01:38 INFO     Epoch 3/100 | step 4580 | loss 0.3029 | lr 9.99e-05
10:01:38 INFO     Epoch 3/100 | step 4590 | loss 0.3628 | lr 9.99e-05
10:01:39 INFO     Epoch 3/100 | step 4600 | loss 0.2736 | lr 9.99e-05
10:01:40 INFO     Epoch 3/100 | step 4610 | loss 0.2744 | lr 9.99e-05
10:01:40 INFO     Epoch 3/100 | step 4620 | loss 0.2906 | lr 9.99e-05
10:01:41 INFO     Epoch 3/100 | step 4630 | loss 0.5057 | lr 9.99e-05
10:01:42 INFO     Epoch 3/100 | step 4640 | loss 0.4322 | lr 9.99e-05
10:01:42 INFO     Epoch 3/100 | step 4650 | loss 0.3274 | lr 9.99e-05
10:01:43 INFO     Epoch 3/100 | step 4660 | loss 0.3200 | lr 9.99e-05
10:01:44 INFO     Epoch 3/100 | step 4670 | loss 0.3861 | lr 9.99e-05
10:01:45 INFO     Epoch 3/100 | step 4680 | loss 0.4514 | lr 9.99e-05
10:01:45 INFO     Epoch 3/100 | step 4690 | loss 0.3779 | lr 9.99e-05
10:01:46 INFO     Epoch 3/100 | step 4700 | loss 0.3323 | lr 9.99e-05
10:01:47 INFO     Epoch 3/100 | step 4710 | loss 0.3265 | lr 9.99e-05
10:01:47 INFO     Epoch 3/100 | step 4720 | loss 0.2993 | lr 9.99e-05
10:01:48 INFO     Epoch 3/100 | step 4730 | loss 0.3571 | lr 9.99e-05
10:01:48 INFO     Epoch 3/100 | step 4740 | loss 0.3366 | lr 9.99e-05
10:01:49 INFO     Epoch 3/100 | step 4750 | loss 0.4820 | lr 9.99e-05
10:01:50 INFO     Epoch 3/100 | step 4760 | loss 0.4148 | lr 9.99e-05
10:01:50 INFO     Epoch 3/100 | step 4770 | loss 0.3499 | lr 9.99e-05
10:01:51 INFO     Epoch 3/100 | step 4780 | loss 0.3467 | lr 9.99e-05
10:01:52 INFO     Epoch 3/100 | step 4790 | loss 0.3590 | lr 9.99e-05
10:01:52 INFO     Epoch 3/100 | step 4800 | loss 0.3537 | lr 9.99e-05
10:01:53 INFO     Epoch 3/100 | step 4810 | loss 0.4283 | lr 9.99e-05
10:01:54 INFO     Epoch 3/100 | step 4820 | loss 0.2890 | lr 9.99e-05
10:01:54 INFO     Epoch 3/100 | step 4830 | loss 0.2603 | lr 9.99e-05
10:01:55 INFO     Epoch 3/100 | step 4840 | loss 0.3437 | lr 9.99e-05
10:01:56 INFO     Epoch 3/100 | step 4850 | loss 0.3441 | lr 9.99e-05
10:01:56 INFO     Epoch 3/100 | step 4860 | loss 0.3638 | lr 9.99e-05
10:01:57 INFO     Epoch 3/100 | step 4870 | loss 0.4520 | lr 9.99e-05
10:01:58 INFO     Epoch 3/100 | step 4880 | loss 0.3842 | lr 9.99e-05
10:01:58 INFO     Epoch 3/100 | step 4890 | loss 0.3368 | lr 9.99e-05
10:01:59 INFO     Epoch 3/100 | step 4900 | loss 0.5103 | lr 9.99e-05
10:02:00 INFO     Epoch 3/100 | step 4910 | loss 0.3871 | lr 9.99e-05
10:02:00 INFO     Epoch 3/100 | step 4920 | loss 0.2456 | lr 9.99e-05
10:02:01 INFO     Epoch 3/100 | step 4930 | loss 0.4921 | lr 9.99e-05
10:02:02 INFO     Epoch 3/100 | step 4940 | loss 0.3503 | lr 9.99e-05
10:02:02 INFO     Epoch 3/100 | step 4950 | loss 0.3402 | lr 9.99e-05
10:02:03 INFO     Epoch 3/100 | step 4960 | loss 0.4851 | lr 9.99e-05
10:02:04 INFO     Epoch 3/100 | step 4970 | loss 0.2956 | lr 9.99e-05
10:02:04 INFO     Epoch 3/100 | step 4980 | loss 0.2986 | lr 9.99e-05
10:02:05 INFO     Epoch 3/100 | step 4990 | loss 0.2835 | lr 9.99e-05
10:02:06 INFO     Epoch 3/100 | step 5000 | loss 0.4325 | lr 9.99e-05
10:02:06 INFO     Epoch 3/100 | step 5010 | loss 0.2698 | lr 9.99e-05
10:02:07 INFO     Epoch 3/100 | step 5020 | loss 0.4421 | lr 9.99e-05
10:02:08 INFO     Epoch 3/100 | step 5030 | loss 0.3780 | lr 9.99e-05
10:02:08 INFO     Epoch 3/100 | step 5040 | loss 0.6453 | lr 9.99e-05
10:02:09 INFO     Epoch 3/100 | step 5050 | loss 0.3201 | lr 9.99e-05
10:02:10 INFO     Epoch 3/100 | step 5060 | loss 0.4122 | lr 9.99e-05
10:02:10 INFO     Epoch 3/100 | step 5070 | loss 0.3554 | lr 9.99e-05
10:02:11 INFO     Epoch 3/100 | step 5080 | loss 0.4730 | lr 9.99e-05
10:02:12 INFO     Epoch 3/100 | step 5090 | loss 0.2820 | lr 9.99e-05
10:02:12 INFO     Epoch 3/100 | step 5100 | loss 0.7653 | lr 9.99e-05
10:02:13 INFO     Epoch 3/100 | step 5110 | loss 0.2139 | lr 9.99e-05
